billing_date,provider,billing_account_id,resource_id,service_name,usage_type,region,team,project,environment,usage_quantity,usage_unit,cost_amount,currency
2026-01-23,GCP,gcp-3001,gcp-resource-00001,Compute,Instance Hours,europe-west1,Data Platform,Data Governance,Production,339.97,hours,123.11,EUR
2026-05-31,AWS,aws-1002,aws-resource-00002,Storage,Object Storage,eu-west-1,Customer Product,Customer Portal,test,274.75,GB,7.55,EUR
2026-04-02,GCP,gcp-3001,gcp-resource-00003,Networking,Public IP,europe-west1,Infrastructure,Shared Services,Development,55.59,GB,4.29,EUR
2026-05-28,GCP,gcp-3001,gcp-resource-00004,Networking,Data Transfer,europe-west1,,Data Governance,test,311.17,GB,27.59,EUR
2026-04-04,GCP,gcp-3001,gcp-resource-00005,Storage,Disk Storage,europe-north1,Infrastructure,Cloud Migration,DEV,142.6,GB,4.45,EUR
2026-06-13,AWS,aws-1001,aws-resource-00006,Database,Read Operations,eu-west-1,Data Platform,Analytics Platform,DEV,192.83,hours,77.4,EUR
2026-06-17,AWS,aws-1002,aws-resource-00007,Compute,CPU Hours,eu-central-1,Infrastructure,Shared Services,Test,438.8,hours,74.59,EUR
2026-04-13,AWS,aws-1002,aws-resource-00008,Database,Database Hours,eu-west-1,Customer Product,Customer Portal,test,294.37,hours,115.33,EUR
2026-01-17,GCP,gcp-3001,gcp-resource-00009,Networking,Public IP,europe-north1,Data Platform,Analytics Platform,prod,397.08,GB,55.84,EUR
2026-03-17,GCP,gcp-3001,gcp-resource-00010,Database,Database Hours,europe-north1,Data Platform,Analytics Platform,Development,385.46,hours,128.44,EUR
2026-04-06,AWS,aws-1001,aws-resource-00011,Database,Database Hours,eu-central-1,Customer Product,Customer Portal,test,256.29,hours,81.6,EUR
2026-05-26,Azure,az-2001,azure-resource-00012,Compute,Instance Hours,northeurope,Data Platform,Data Governance,Development,123.53,hours,20.51,EUR
2026-02-24,AWS,aws-1001,aws-resource-00013,Storage,Disk Storage,eu-central-1,Customer Product,Mobile Application,Test,436.85,GB,12.8,EUR
2026-05-31,GCP,gcp-3001,gcp-resource-00014,Database,Database Hours,europe-west1,Security,Threat Monitoring,Development,15.41,hours,5.48,EUR
2026-05-05,GCP,gcp-3001,gcp-resource-00015,Compute,Instance Hours,europe-north1,Customer Product,Customer Portal,Production,259.51,hours,78.49,EUR
2026-01-14,AWS,aws-1001,aws-resource-00016,Networking,Data Transfer,eu-central-1,Security,Identity Platform,Development,214.67,GB,17.0,EUR
2026-03-05,GCP,gcp-3001,gcp-resource-00017,Database,Read Operations,europe-west1,Data Platform,Analytics Platform,prod,213.83,hours,125.76,EUR
2026-02-12,AWS,aws-1002,aws-resource-00018,Compute,Instance Hours,eu-central-1,Data Platform,Analytics Platform,prod,433.0,hours,157.23,EUR
2026-02-18,Azure,az-2002,azure-resource-00019,Networking,Data Transfer,westeurope,Infrastructure,Shared Services,Test,332.63,GB,26.5,EUR
2026-01-21,GCP,gcp-3001,gcp-resource-00020,Compute,Instance Hours,europe-west1,,Cloud Migration,Test,82.93,hours,16.99,EUR
2026-04-18,GCP,gcp-3001,gcp-resource-00021,Storage,Disk Storage,europe-west1,Security,Identity Platform,Test,299.29,GB,9.3,EUR
2026-01-19,GCP,gcp-3001,gcp-resource-00022,Database,Read Operations,europe-west1,Customer Product,Mobile Application,Development,231.33,hours,91.39,EUR
2026-05-20,AWS,aws-1002,aws-resource-00023,Storage,Object Storage,eu-central-1,Infrastructure,Cloud Migration,prod,187.92,GB,9.11,EUR
2026-02-23,GCP,gcp-3001,gcp-resource-00024,Compute,Instance Hours,europe-north1,Customer Product,Mobile Application,Test,81.95,hours,13.79,EUR
2026-02-03,GCP,gcp-3001,gcp-resource-00025,Networking,Data Transfer,europe-north1,Infrastructure,Cloud Migration,Development,26.82,GB,2.04,EUR
2026-05-30,GCP,gcp-3001,gcp-resource-00026,Networking,Public IP,europe-west1,,Analytics Platform,prod,275.07,GB,43.59,EUR
2026-05-24,AWS,aws-1002,aws-resource-00027,Database,Database Hours,eu-west-1,Infrastructure,Cloud Migration,prod,335.13,hours,201.86,EUR
2026-03-05,AWS,aws-1002,aws-resource-00028,Storage,Object Storage,eu-west-1,Security,Identity Platform,DEV,402.11,GB,13.38,EUR
2026-02-28,Azure,az-2001,azure-resource-00029,Compute,Instance Hours,westeurope,Security,Identity Platform,Development,156.07,hours,30.58,EUR
2026-05-18,Azure,az-2002,azure-resource-00030,Database,Database Hours,westeurope,Infrastructure,Cloud Migration,test,257.16,hours,94.85,EUR
2026-05-11,Azure,az-2001,azure-resource-00031,Storage,Disk Storage,westeurope,Infrastructure,Cloud Migration,test,394.28,GB,11.6,EUR
2026-06-21,Azure,az-2001,azure-resource-00032,Compute,CPU Hours,northeurope,Security,Identity Platform,test,361.12,hours,69.72,EUR
2026-06-28,AWS,aws-1002,aws-resource-00033,Database,Database Hours,eu-west-1,Infrastructure,Cloud Migration,Development,335.11,hours,111.17,EUR
2026-05-29,Azure,az-2002,azure-resource-00034,Networking,Public IP,northeurope,Customer Product,Mobile Application,Development,147.02,GB,11.51,EUR
2026-03-02,Azure,az-2002,azure-resource-00035,Storage,Object Storage,westeurope,Security,Identity Platform,test,318.31,GB,9.08,EUR
2026-05-28,AWS,aws-1001,aws-resource-00036,Compute,CPU Hours,eu-central-1,Data Platform,Analytics Platform,Production,230.43,hours,83.31,EUR
2026-06-28,Azure,az-2002,azure-resource-00037,Storage,Object Storage,westeurope,Customer Product,Customer Portal,Production,390.32,GB,19.3,EUR
2026-04-24,AWS,aws-1002,aws-resource-00038,Networking,Public IP,eu-west-1,Customer Product,Mobile Application,Test,162.06,GB,13.96,EUR
2026-06-10,GCP,gcp-3001,gcp-resource-00039,Networking,Public IP,europe-north1,Security,Threat Monitoring,Development,384.08,GB,30.92,EUR
2026-06-27,AWS,aws-1001,aws-resource-00040,Database,Database Hours,eu-west-1,Customer Product,Mobile Application,Production,73.5,hours,42.57,EUR
2026-06-28,Azure,az-2001,azure-resource-00041,Networking,Public IP,northeurope,Infrastructure,Shared Services,DEV,197.79,GB,17.1,EUR
2026-06-04,AWS,aws-1001,aws-resource-00042,Database,Read Operations,eu-west-1,Infrastructure,Shared Services,DEV,271.42,hours,101.68,EUR
2026-02-02,Azure,az-2001,azure-resource-00043,Networking,Public IP,westeurope,Security,Identity Platform,DEV,363.47,GB,32.05,EUR
2026-04-08,AWS,aws-1002,aws-resource-00044,Networking,Public IP,eu-central-1,Customer Product,Mobile Application,Development,109.77,GB,8.33,EUR
2026-01-11,AWS,aws-1001,aws-resource-00045,Networking,Data Transfer,eu-west-1,Data Platform,Analytics Platform,test,38.97,GB,3.55,EUR
2026-04-05,AWS,aws-1001,aws-resource-00046,Storage,Object Storage,eu-west-1,Customer Product,Customer Portal,prod,235.19,GB,11.77,EUR
2026-01-20,Azure,az-2001,azure-resource-00047,Compute,Instance Hours,northeurope,Data Platform,Data Governance,DEV,201.34,hours,38.58,EUR
2026-04-18,GCP,gcp-3001,gcp-resource-00048,Compute,Instance Hours,europe-north1,Data Platform,Data Governance,Production,255.45,hours,78.82,EUR
2026-05-18,Azure,az-2002,azure-resource-00049,Networking,Public IP,northeurope,Customer Product,Mobile Application,test,138.69,GB,12.12,EUR
2026-06-06,GCP,gcp-3001,gcp-resource-00050,Database,Read Operations,europe-west1,Infrastructure,,DEV,125.71,hours,43.53,EUR
2026-03-12,Azure,az-2001,azure-resource-00051,Database,Database Hours,westeurope,Customer Product,Mobile Application,Development,143.43,hours,51.65,EUR
2026-03-17,AWS,aws-1001,aws-resource-00052,Networking,Public IP,eu-west-1,Security,Identity Platform,DEV,226.85,GB,15.52,EUR
2026-03-20,Azure,az-2002,azure-resource-00053,Database,Database Hours,westeurope,Security,Threat Monitoring,Development,179.15,hours,61.83,EUR
2026-05-04,GCP,gcp-3001,gcp-resource-00054,Storage,Disk Storage,europe-west1,Infrastructure,Cloud Migration,test,96.65,GB,2.65,EUR
2026-01-14,AWS,aws-1002,aws-resource-00055,Database,Database Hours,eu-central-1,Customer Product,,Test,67.66,hours,20.45,EUR
2026-01-30,AWS,aws-1001,aws-resource-00056,Compute,CPU Hours,eu-central-1,Infrastructure,Shared Services,Production,129.98,hours,46.68,EUR
2026-04-17,AWS,aws-1001,aws-resource-00057,Compute,CPU Hours,eu-central-1,Customer Product,Customer Portal,Production,496.99,hours,142.59,EUR
2026-06-10,Azure,az-2001,azure-resource-00058,Database,Read Operations,westeurope,Security,,test,54.12,hours,20.44,EUR
2026-03-01,AWS,aws-1002,aws-resource-00059,Storage,Disk Storage,eu-central-1,Customer Product,Customer Portal,test,298.94,GB,8.41,EUR
2026-02-06,AWS,aws-1001,aws-resource-00060,Storage,Object Storage,eu-west-1,Infrastructure,Cloud Migration,test,78.75,GB,2.2,EUR
2026-05-07,Azure,az-2002,azure-resource-00061,Database,Database Hours,westeurope,Security,Identity Platform,DEV,471.62,hours,165.09,EUR
2026-06-22,Azure,az-2002,azure-resource-00062,Database,Database Hours,westeurope,Infrastructure,Cloud Migration,Test,295.63,hours,88.59,EUR
2026-04-15,Azure,az-2002,azure-resource-00063,Networking,Public IP,westeurope,Infrastructure,Cloud Migration,DEV,484.68,GB,38.43,EUR
2026-03-06,AWS,aws-1002,aws-resource-00064,Database,Database Hours,eu-central-1,Security,Threat Monitoring,Test,23.17,hours,7.11,EUR
2026-01-14,GCP,gcp-3001,gcp-resource-00065,Compute,CPU Hours,europe-west1,,Threat Monitoring,Test,379.44,hours,70.87,EUR
2026-01-04,Azure,az-2002,azure-resource-00066,Networking,Data Transfer,westeurope,,Identity Platform,prod,356.34,GB,48.4,EUR
2026-05-04,AWS,aws-1002,aws-resource-00067,Networking,Data Transfer,eu-central-1,Data Platform,Analytics Platform,Test,354.18,GB,27.62,EUR
2026-04-17,GCP,gcp-3001,gcp-resource-00068,Storage,Disk Storage,europe-west1,Security,Identity Platform,prod,432.69,GB,21.8,EUR
2026-04-27,Azure,az-2002,azure-resource-00069,Database,Database Hours,westeurope,Security,Identity Platform,Development,278.2,hours,98.64,EUR
2026-06-19,GCP,gcp-3001,gcp-resource-00070,Networking,Public IP,europe-west1,,Mobile Application,test,457.15,GB,35.27,EUR
2026-06-17,AWS,aws-1001,aws-resource-00071,Database,Database Hours,eu-central-1,Data Platform,Data Governance,Production,362.61,hours,222.27,EUR
2026-05-05,Azure,az-2001,azure-resource-00072,Database,Database Hours,westeurope,Security,Identity Platform,Test,193.1,hours,63.87,EUR
2026-02-12,GCP,gcp-3001,gcp-resource-00073,Database,Database Hours,europe-west1,Customer Product,,test,353.43,hours,108.88,EUR
2026-02-16,Azure,az-2001,azure-resource-00074,Compute,Instance Hours,westeurope,Infrastructure,Shared Services,Test,208.97,hours,39.67,EUR
2026-06-20,GCP,gcp-3001,gcp-resource-00075,Networking,Public IP,europe-north1,Customer Product,Mobile Application,DEV,320.76,GB,25.35,EUR
2026-03-06,GCP,gcp-3001,gcp-resource-00076,Storage,Disk Storage,europe-west1,Data Platform,Data Governance,Development,321.27,GB,9.42,EUR
2026-06-18,Azure,az-2002,azure-resource-00077,Networking,Public IP,westeurope,Data Platform,Analytics Platform,Development,496.38,GB,37.27,EUR
2026-03-06,GCP,gcp-3001,gcp-resource-00078,Compute,Instance Hours,europe-west1,Security,Threat Monitoring,Development,113.41,hours,18.52,EUR
2026-02-21,Azure,az-2001,azure-resource-00079,Networking,Public IP,northeurope,Data Platform,,Development,166.73,GB,13.0,EUR
2026-02-27,AWS,aws-1002,aws-resource-00080,Database,Read Operations,eu-west-1,Security,Threat Monitoring,Production,236.82,hours,130.19,EUR
2026-06-13,Azure,az-2002,azure-resource-00081,Compute,Instance Hours,westeurope,Infrastructure,Cloud Migration,test,134.77,hours,23.39,EUR
2026-04-15,Azure,az-2001,azure-resource-00082,Compute,Instance Hours,westeurope,Infrastructure,Cloud Migration,DEV,455.15,hours,77.07,EUR
2026-06-28,AWS,aws-1002,aws-resource-00083,Database,Database Hours,eu-central-1,Security,Identity Platform,prod,197.38,hours,119.54,EUR
2026-03-02,GCP,gcp-3001,gcp-resource-00084,Compute,Instance Hours,europe-north1,Security,Threat Monitoring,test,188.41,hours,33.34,EUR
2026-06-13,GCP,gcp-3001,gcp-resource-00085,Database,Database Hours,europe-north1,Data Platform,Data Governance,DEV,50.38,hours,16.11,EUR
2026-03-26,AWS,aws-1001,aws-resource-00086,Storage,Object Storage,eu-central-1,Customer Product,Customer Portal,Test,111.9,GB,3.73,EUR
2026-03-02,AWS,aws-1002,aws-resource-00087,Storage,Object Storage,eu-west-1,Infrastructure,Cloud Migration,prod,12.36,GB,0.73,EUR
2026-06-01,Azure,az-2001,azure-resource-00088,Compute,CPU Hours,westeurope,Customer Product,Mobile Application,DEV,226.9,hours,39.15,EUR
2026-01-28,GCP,gcp-3001,gcp-resource-00089,Compute,CPU Hours,europe-west1,Infrastructure,,DEV,424.41,hours,74.7,EUR
2026-06-02,AWS,aws-1002,aws-resource-00090,Database,Read Operations,eu-central-1,Customer Product,Customer Portal,Test,276.44,hours,91.68,EUR
2026-01-25,AWS,aws-1002,aws-resource-00091,Compute,CPU Hours,eu-central-1,Customer Product,Mobile Application,Development,414.57,hours,72.36,EUR
2026-01-25,GCP,gcp-3001,gcp-resource-00092,Database,Database Hours,europe-west1,Infrastructure,Cloud Migration,Production,416.73,hours,230.5,EUR
2026-03-15,GCP,gcp-3001,gcp-resource-00093,Database,Read Operations,europe-west1,Data Platform,Data Governance,DEV,434.71,hours,162.24,EUR
2026-05-27,GCP,gcp-3001,gcp-resource-00094,Storage,Disk Storage,europe-west1,Customer Product,Mobile Application,Test,186.94,GB,6.05,EUR
2026-02-06,GCP,gcp-3001,gcp-resource-00095,Database,Database Hours,europe-west1,Data Platform,Analytics Platform,Development,178.76,hours,56.59,EUR
2026-05-26,GCP,gcp-3001,gcp-resource-00096,Compute,Instance Hours,europe-west1,Data Platform,Analytics Platform,prod,188.18,hours,65.02,EUR
2026-05-12,AWS,aws-1001,aws-resource-00097,Compute,CPU Hours,eu-central-1,Data Platform,Data Governance,Test,223.81,hours,37.54,EUR
2026-02-24,AWS,aws-1001,aws-resource-00098,Database,Read Operations,eu-central-1,,Threat Monitoring,Test,32.12,hours,10.25,EUR
2026-05-24,Azure,az-2002,azure-resource-00099,Compute,Instance Hours,northeurope,Data Platform,Data Governance,DEV,268.63,hours,44.44,EUR
2026-06-13,GCP,gcp-3001,gcp-resource-00100,Compute,CPU Hours,europe-west1,Security,,Development,290.0,hours,53.35,EUR
2026-01-28,Azure,az-2001,azure-resource-00101,Compute,CPU Hours,northeurope,Infrastructure,Cloud Migration,test,460.29,hours,72.61,EUR
2026-05-16,GCP,gcp-3001,gcp-resource-00102,Compute,CPU Hours,europe-north1,Security,Threat Monitoring,prod,42.81,hours,14.42,EUR
2026-01-20,GCP,gcp-3001,gcp-resource-00103,Storage,Disk Storage,europe-north1,Customer Product,Customer Portal,Test,80.67,GB,2.61,EUR
2026-06-01,GCP,gcp-3001,gcp-resource-00104,Networking,Public IP,europe-west1,Infrastructure,,DEV,317.54,GB,27.66,EUR
2026-01-24,Azure,az-2002,azure-resource-00105,Networking,Public IP,westeurope,,Identity Platform,Production,324.11,GB,53.36,EUR
2026-03-29,Azure,az-2001,azure-resource-00106,Storage,Object Storage,westeurope,Infrastructure,Shared Services,DEV,56.23,GB,1.89,EUR
2026-06-03,AWS,aws-1001,aws-resource-00107,Networking,Public IP,eu-west-1,Security,Identity Platform,DEV,207.34,GB,15.78,EUR
2026-05-30,Azure,az-2001,azure-resource-00108,Compute,CPU Hours,northeurope,Security,Threat Monitoring,Test,437.27,hours,74.77,EUR
2026-06-25,GCP,gcp-3001,gcp-resource-00109,Networking,Public IP,europe-north1,Customer Product,Customer Portal,Development,407.53,GB,34.27,EUR
2026-02-09,AWS,aws-1001,aws-resource-00110,Database,Read Operations,eu-west-1,Infrastructure,Cloud Migration,DEV,100.04,hours,40.27,EUR
2026-02-12,GCP,gcp-3001,gcp-resource-00111,Compute,Instance Hours,europe-north1,Infrastructure,Cloud Migration,prod,416.52,hours,145.93,EUR
2026-05-01,Azure,az-2001,azure-resource-00112,Storage,Disk Storage,northeurope,Security,Threat Monitoring,prod,269.34,GB,13.71,EUR
2026-06-14,Azure,az-2002,azure-resource-00113,Database,Read Operations,westeurope,Security,Threat Monitoring,Test,73.51,hours,23.8,EUR
2026-02-26,GCP,gcp-3001,gcp-resource-00114,Compute,CPU Hours,europe-west1,Infrastructure,Cloud Migration,Test,77.94,hours,13.77,EUR
2026-01-26,Azure,az-2002,azure-resource-00115,Compute,Instance Hours,westeurope,Security,Threat Monitoring,Development,116.15,hours,19.77,EUR
2026-03-07,AWS,aws-1001,aws-resource-00116,Database,Database Hours,eu-central-1,Security,Identity Platform,Test,7.6,hours,2.32,EUR
2026-01-29,AWS,aws-1002,aws-resource-00117,Database,Database Hours,eu-west-1,Customer Product,Mobile Application,test,397.98,hours,137.5,EUR
2026-01-22,GCP,gcp-3001,gcp-resource-00118,Storage,Object Storage,europe-west1,,Shared Services,Test,211.2,GB,6.65,EUR
2026-03-03,Azure,az-2001,azure-resource-00119,Networking,Public IP,westeurope,Data Platform,Data Governance,Production,181.76,GB,22.78,EUR
2026-02-04,AWS,aws-1001,aws-resource-00120,Database,Read Operations,eu-west-1,Infrastructure,Cloud Migration,test,241.87,hours,76.59,EUR
2026-05-20,Azure,az-2002,azure-resource-00121,Storage,Disk Storage,westeurope,Data Platform,Analytics Platform,Development,260.11,GB,8.95,EUR
2026-04-05,GCP,gcp-3001,gcp-resource-00122,Storage,Disk Storage,europe-north1,Infrastructure,,test,169.3,GB,4.51,EUR
2026-04-19,Azure,az-2001,azure-resource-00123,Database,Read Operations,westeurope,Customer Product,Mobile Application,Test,137.03,hours,41.96,EUR
2026-02-12,GCP,gcp-3001,gcp-resource-00124,Database,Read Operations,europe-north1,Infrastructure,Cloud Migration,Development,225.73,hours,84.16,EUR
2026-04-04,AWS,aws-1001,aws-resource-00125,Database,Database Hours,eu-west-1,Security,Threat Monitoring,Production,42.15,hours,27.65,EUR
2026-01-09,GCP,gcp-3001,gcp-resource-00126,Networking,Public IP,europe-north1,,Analytics Platform,Development,184.26,GB,16.73,EUR
2026-01-07,Azure,az-2001,azure-resource-00127,Networking,Public IP,northeurope,Data Platform,Analytics Platform,test,142.95,GB,13.02,EUR
2026-05-06,GCP,gcp-3001,gcp-resource-00128,Compute,Instance Hours,europe-west1,Infrastructure,Shared Services,Test,146.36,hours,29.64,EUR
2026-05-21,AWS,aws-1002,aws-resource-00129,Networking,Public IP,eu-west-1,Customer Product,Mobile Application,Development,335.58,GB,28.53,EUR
2026-04-03,GCP,gcp-3001,gcp-resource-00130,Storage,Disk Storage,europe-west1,Infrastructure,Cloud Migration,prod,122.18,GB,6.59,EUR
2026-05-28,GCP,gcp-3001,gcp-resource-00131,Compute,Instance Hours,europe-north1,Data Platform,Data Governance,DEV,265.22,hours,51.59,EUR
2026-02-03,GCP,gcp-3001,gcp-resource-00132,Compute,Instance Hours,europe-west1,Security,Threat Monitoring,Test,321.7,hours,52.38,EUR
2026-03-14,GCP,gcp-3001,gcp-resource-00133,Storage,Disk Storage,europe-west1,Infrastructure,Cloud Migration,prod,176.28,GB,10.78,EUR
2026-02-09,GCP,gcp-3001,gcp-resource-00134,Database,Read Operations,europe-west1,Customer Product,,test,88.47,hours,35.07,EUR
2026-06-10,AWS,aws-1002,aws-resource-00135,Compute,CPU Hours,eu-central-1,Data Platform,Data Governance,DEV,310.96,hours,48.09,EUR
2026-03-29,AWS,aws-1001,aws-resource-00136,Networking,Public IP,eu-central-1,,,DEV,210.73,GB,16.68,EUR
2026-03-10,GCP,gcp-3001,gcp-resource-00137,Database,Database Hours,europe-west1,Security,Identity Platform,Production,162.96,hours,101.63,EUR
2026-03-22,AWS,aws-1001,aws-resource-00138,Compute,Instance Hours,eu-central-1,Infrastructure,Shared Services,prod,407.67,hours,149.27,EUR
2026-02-25,GCP,gcp-3001,gcp-resource-00139,Networking,Data Transfer,europe-west1,Security,,DEV,255.2,GB,23.27,EUR
2026-04-04,Azure,az-2002,azure-resource-00140,Networking,Public IP,westeurope,Security,Threat Monitoring,DEV,71.3,GB,5.3,EUR
2026-06-09,Azure,az-2001,azure-resource-00141,Compute,Instance Hours,westeurope,Customer Product,,Test,227.93,hours,41.64,EUR
2026-01-10,Azure,az-2001,azure-resource-00142,Database,Read Operations,northeurope,Infrastructure,Shared Services,Test,203.69,hours,61.46,EUR
2026-03-18,GCP,gcp-3001,gcp-resource-00143,Networking,Public IP,europe-north1,Customer Product,Customer Portal,prod,199.51,GB,29.73,EUR
2026-06-26,Azure,az-2001,azure-resource-00144,Compute,CPU Hours,northeurope,Infrastructure,Shared Services,Test,157.3,hours,31.7,EUR
2026-06-24,GCP,gcp-3001,gcp-resource-00145,Storage,Object Storage,europe-west1,Data Platform,Data Governance,Test,388.43,GB,11.23,EUR
2026-05-01,AWS,aws-1001,aws-resource-00146,Compute,Instance Hours,eu-west-1,Security,Threat Monitoring,prod,208.14,hours,73.0,EUR
2026-06-24,GCP,gcp-3001,gcp-resource-00147,Database,Read Operations,europe-west1,Security,Threat Monitoring,Test,174.45,hours,58.39,EUR
2026-05-06,AWS,aws-1002,aws-resource-00148,Database,Read Operations,eu-central-1,Infrastructure,Cloud Migration,Development,353.93,hours,130.95,EUR
2026-02-07,GCP,gcp-3001,gcp-resource-00149,Database,Database Hours,europe-north1,Infrastructure,Cloud Migration,DEV,410.1,hours,163.11,EUR
2026-05-24,GCP,gcp-3001,gcp-resource-00150,Compute,Instance Hours,europe-west1,Infrastructure,Shared Services,prod,105.02,hours,34.42,EUR
2026-03-26,GCP,gcp-3001,gcp-resource-00151,Storage,Object Storage,europe-west1,Customer Product,Customer Portal,test,120.25,GB,3.17,EUR
2026-01-23,AWS,aws-1001,aws-resource-00152,Storage,Object Storage,eu-west-1,Security,Threat Monitoring,Development,163.98,GB,5.13,EUR
2026-01-10,Azure,az-2001,azure-resource-00153,Storage,Disk Storage,westeurope,Data Platform,Data Governance,test,481.26,GB,16.28,EUR
2026-01-29,Azure,az-2002,azure-resource-00154,Database,Database Hours,northeurope,Security,Threat Monitoring,Test,236.67,hours,75.2,EUR
2026-06-06,GCP,gcp-3001,gcp-resource-00155,Database,Read Operations,europe-north1,Customer Product,Customer Portal,Test,338.83,hours,107.67,EUR
2026-04-25,AWS,aws-1002,aws-resource-00156,Networking,Public IP,eu-central-1,Data Platform,Analytics Platform,prod,8.38,GB,1.16,EUR
2026-06-25,GCP,gcp-3001,gcp-resource-00157,Compute,Instance Hours,europe-north1,Infrastructure,,Production,235.37,hours,68.47,EUR
2026-05-01,Azure,az-2001,azure-resource-00158,Storage,Object Storage,westeurope,Customer Product,Customer Portal,Test,189.94,GB,6.04,EUR
2026-05-18,GCP,gcp-3001,gcp-resource-00159,Networking,Data Transfer,europe-north1,Infrastructure,Cloud Migration,Test,451.93,GB,32.92,EUR
2026-02-03,GCP,gcp-3001,gcp-resource-00160,Networking,Public IP,europe-west1,Data Platform,Analytics Platform,Test,225.51,GB,15.64,EUR
2026-04-19,GCP,gcp-3001,gcp-resource-00161,Networking,Data Transfer,europe-west1,Infrastructure,Cloud Migration,test,112.86,GB,7.87,EUR
2026-04-18,AWS,aws-1002,aws-resource-00162,Networking,Public IP,eu-central-1,Data Platform,Data Governance,test,489.27,GB,40.85,EUR
2026-02-02,Azure,az-2001,azure-resource-00163,Networking,Data Transfer,westeurope,Data Platform,Analytics Platform,prod,496.46,GB,69.2,EUR
2026-01-29,Azure,az-2001,azure-resource-00164,Networking,Public IP,westeurope,Security,Threat Monitoring,Development,81.79,GB,5.93,EUR
2026-01-12,AWS,aws-1002,aws-resource-00165,Storage,Disk Storage,eu-west-1,Data Platform,Analytics Platform,test,353.13,GB,9.16,EUR
2026-06-22,GCP,gcp-3001,gcp-resource-00166,Storage,Object Storage,europe-north1,Data Platform,Analytics Platform,test,290.17,GB,8.91,EUR
2026-06-10,AWS,aws-1002,aws-resource-00167,Storage,Disk Storage,eu-west-1,Security,Threat Monitoring,Test,440.46,GB,14.85,EUR
2026-02-27,Azure,az-2002,azure-resource-00168,Networking,Data Transfer,northeurope,Infrastructure,Shared Services,prod,378.44,GB,54.06,EUR
2026-04-05,AWS,aws-1001,aws-resource-00169,Networking,Data Transfer,eu-west-1,Security,Identity Platform,Development,325.12,GB,29.3,EUR
2026-02-23,Azure,az-2002,azure-resource-00170,Networking,Public IP,westeurope,Data Platform,Analytics Platform,test,337.37,GB,24.7,EUR
2026-05-22,AWS,aws-1002,aws-resource-00171,Storage,Disk Storage,eu-central-1,Data Platform,Data Governance,test,106.23,GB,3.58,EUR
2026-05-01,Azure,az-2002,azure-resource-00172,Database,Database Hours,northeurope,Infrastructure,Shared Services,DEV,53.81,hours,21.55,EUR
2026-04-17,Azure,az-2002,azure-resource-00173,Networking,Data Transfer,westeurope,Data Platform,,Test,467.71,GB,38.31,EUR
2026-05-06,Azure,az-2002,azure-resource-00174,Storage,Disk Storage,westeurope,Security,Identity Platform,test,172.09,GB,5.57,EUR
2026-05-15,GCP,gcp-3001,gcp-resource-00175,Database,Database Hours,europe-west1,Customer Product,Customer Portal,Test,495.21,hours,197.1,EUR
2026-06-08,AWS,aws-1002,aws-resource-00176,Networking,Public IP,eu-west-1,,Customer Portal,prod,255.34,GB,35.37,EUR
2026-06-22,AWS,aws-1002,aws-resource-00177,Networking,Data Transfer,eu-west-1,Data Platform,Analytics Platform,Development,13.49,GB,1.18,EUR
2026-04-06,AWS,aws-1002,aws-resource-00178,Storage,Disk Storage,eu-west-1,Customer Product,Customer Portal,Development,137.33,GB,3.99,EUR
2026-05-22,GCP,gcp-3001,gcp-resource-00179,Storage,Object Storage,europe-west1,Infrastructure,Cloud Migration,Production,51.28,GB,2.67,EUR
2026-01-25,GCP,gcp-3001,gcp-resource-00180,Storage,Object Storage,europe-west1,Data Platform,Data Governance,Development,285.1,GB,9.47,EUR
2026-01-09,GCP,gcp-3001,gcp-resource-00181,Networking,Public IP,europe-west1,Infrastructure,Cloud Migration,Development,450.16,GB,36.7,EUR
2026-05-19,AWS,aws-1002,aws-resource-00182,Storage,Disk Storage,eu-west-1,Security,Identity Platform,Test,418.15,GB,12.13,EUR
2026-06-02,GCP,gcp-3001,gcp-resource-00183,Compute,CPU Hours,europe-west1,Infrastructure,Cloud Migration,Production,173.59,hours,60.78,EUR
2026-06-19,GCP,gcp-3001,gcp-resource-00184,Database,Database Hours,europe-north1,Security,Threat Monitoring,DEV,218.76,hours,80.69,EUR
2026-04-03,AWS,aws-1001,aws-resource-00185,Compute,Instance Hours,eu-west-1,Data Platform,Data Governance,test,81.37,hours,14.16,EUR
2026-04-15,Azure,az-2001,azure-resource-00186,Networking,Data Transfer,westeurope,Infrastructure,,DEV,227.18,GB,18.47,EUR
2026-03-04,Azure,az-2001,azure-resource-00187,Compute,CPU Hours,westeurope,,Shared Services,Production,363.8,hours,119.98,EUR
2026-01-20,AWS,aws-1002,aws-resource-00188,Database,Read Operations,eu-west-1,Infrastructure,,DEV,141.6,hours,46.58,EUR
2026-03-26,GCP,gcp-3001,gcp-resource-00189,Networking,Public IP,europe-north1,Customer Product,Mobile Application,DEV,169.45,GB,14.04,EUR
2026-03-23,GCP,gcp-3001,gcp-resource-00190,Storage,Disk Storage,europe-west1,Infrastructure,Shared Services,DEV,160.52,GB,5.49,EUR
2026-06-24,Azure,az-2001,azure-resource-00191,Networking,Public IP,westeurope,Infrastructure,Shared Services,prod,298.15,GB,43.52,EUR
2026-04-19,Azure,az-2002,azure-resource-00192,Database,Database Hours,northeurope,Data Platform,Data Governance,Development,124.8,hours,45.76,EUR
2026-06-02,GCP,gcp-3001,gcp-resource-00193,Networking,Data Transfer,europe-west1,Security,Threat Monitoring,Development,352.31,GB,30.83,EUR
2026-04-21,GCP,gcp-3001,gcp-resource-00194,Database,Database Hours,europe-west1,Customer Product,Customer Portal,test,202.81,hours,76.36,EUR
2026-03-30,Azure,az-2001,azure-resource-00195,Storage,Disk Storage,westeurope,Customer Product,Mobile Application,test,296.35,GB,8.89,EUR
2026-02-22,Azure,az-2002,azure-resource-00196,Networking,Public IP,northeurope,Data Platform,Analytics Platform,Development,159.39,GB,12.58,EUR
2026-06-15,AWS,aws-1001,aws-resource-00197,Networking,Data Transfer,eu-west-1,,,test,61.97,GB,5.48,EUR
2026-02-17,GCP,gcp-3001,gcp-resource-00198,Storage,Disk Storage,europe-west1,Customer Product,Mobile Application,prod,399.89,GB,22.43,EUR
2026-01-17,GCP,gcp-3001,gcp-resource-00199,Storage,Object Storage,europe-north1,Security,Threat Monitoring,prod,142.78,GB,8.18,EUR
2026-04-10,Azure,az-2002,azure-resource-00200,Storage,Object Storage,northeurope,Security,Identity Platform,Test,483.13,GB,13.68,EUR
2026-03-20,Azure,az-2001,azure-resource-00201,Networking,Data Transfer,northeurope,Customer Product,Mobile Application,test,71.3,GB,5.05,EUR
2026-06-27,GCP,gcp-3001,gcp-resource-00202,Storage,Object Storage,europe-north1,Security,Threat Monitoring,DEV,96.95,GB,3.03,EUR
2026-02-19,Azure,az-2002,azure-resource-00203,Storage,Disk Storage,northeurope,Customer Product,Mobile Application,Development,476.16,GB,14.22,EUR
2026-01-09,GCP,gcp-3001,gcp-resource-00204,Networking,Data Transfer,europe-north1,Security,,Production,398.96,GB,52.63,EUR
2026-01-11,AWS,aws-1002,aws-resource-00205,Networking,Data Transfer,eu-central-1,Security,Identity Platform,Test,412.52,GB,31.68,EUR
2026-03-02,AWS,aws-1001,aws-resource-00206,Storage,Disk Storage,eu-central-1,Infrastructure,Cloud Migration,Production,222.34,GB,13.79,EUR
2026-03-24,AWS,aws-1002,aws-resource-00207,Storage,Disk Storage,eu-central-1,Customer Product,Customer Portal,Test,144.14,GB,4.37,EUR
2026-03-05,GCP,gcp-3001,gcp-resource-00208,Compute,CPU Hours,europe-west1,Customer Product,Mobile Application,test,67.81,hours,13.55,EUR
2026-01-24,GCP,gcp-3001,gcp-resource-00209,Networking,Public IP,europe-north1,Security,Identity Platform,DEV,190.71,GB,13.31,EUR
2026-06-20,Azure,az-2002,azure-resource-00210,Networking,Data Transfer,northeurope,Infrastructure,Cloud Migration,Production,366.81,GB,52.16,EUR
2026-05-05,AWS,aws-1002,aws-resource-00211,Networking,Data Transfer,eu-west-1,Customer Product,Mobile Application,Development,275.92,GB,19.63,EUR
2026-02-21,AWS,aws-1001,aws-resource-00212,Networking,Public IP,eu-west-1,Data Platform,Analytics Platform,DEV,5.33,GB,0.48,EUR
2026-03-20,Azure,az-2001,azure-resource-00213,Compute,CPU Hours,westeurope,Infrastructure,Shared Services,test,86.93,hours,15.16,EUR
2026-01-03,GCP,gcp-3001,gcp-resource-00214,Compute,Instance Hours,europe-north1,Data Platform,Analytics Platform,prod,262.12,hours,83.53,EUR
2026-03-18,GCP,gcp-3001,gcp-resource-00215,Storage,Disk Storage,europe-west1,Security,,Production,56.08,GB,2.91,EUR
2026-02-08,GCP,gcp-3001,gcp-resource-00216,Storage,Disk Storage,europe-west1,Data Platform,Analytics Platform,Development,362.6,GB,11.3,EUR
2026-03-12,AWS,aws-1001,aws-resource-00217,Compute,Instance Hours,eu-central-1,Customer Product,Customer Portal,DEV,160.68,hours,25.8,EUR
2026-03-03,GCP,gcp-3001,gcp-resource-00218,Compute,CPU Hours,europe-west1,Infrastructure,Cloud Migration,test,198.92,hours,37.38,EUR
2026-04-18,AWS,aws-1002,aws-resource-00219,Networking,Data Transfer,eu-central-1,Data Platform,Analytics Platform,prod,196.48,GB,31.17,EUR
2026-03-15,AWS,aws-1002,aws-resource-00220,Compute,CPU Hours,eu-central-1,Data Platform,,Production,474.6,hours,149.06,EUR
2026-03-25,AWS,aws-1002,aws-resource-00221,Storage,Object Storage,eu-central-1,Infrastructure,Cloud Migration,prod,487.29,GB,23.59,EUR
2026-03-21,GCP,gcp-3001,gcp-resource-00222,Networking,Data Transfer,europe-west1,Customer Product,Customer Portal,Production,229.42,GB,34.12,EUR
2026-02-12,GCP,gcp-3001,gcp-resource-00223,Storage,Object Storage,europe-north1,Data Platform,Analytics Platform,Test,392.58,GB,12.56,EUR
2026-06-10,GCP,gcp-3001,gcp-resource-00224,Compute,CPU Hours,europe-north1,Data Platform,Data Governance,Production,135.16,hours,50.03,EUR
2026-05-27,GCP,gcp-3001,gcp-resource-00225,Database,Database Hours,europe-west1,Data Platform,Data Governance,prod,131.28,hours,72.85,EUR
2026-01-10,AWS,aws-1002,aws-resource-00226,Compute,Instance Hours,eu-central-1,Customer Product,Customer Portal,prod,93.59,hours,34.51,EUR
2026-02-15,AWS,aws-1001,aws-resource-00227,Networking,Data Transfer,eu-central-1,Infrastructure,Shared Services,Production,253.51,GB,40.91,EUR
2026-03-19,AWS,aws-1001,aws-resource-00228,Networking,Public IP,eu-central-1,Infrastructure,Shared Services,Production,187.62,GB,25.33,EUR
2026-06-27,GCP,gcp-3001,gcp-resource-00229,Networking,Public IP,europe-west1,Customer Product,Customer Portal,Production,120.33,GB,16.53,EUR
2026-02-06,GCP,gcp-3001,gcp-resource-00230,Networking,Data Transfer,europe-west1,Infrastructure,Cloud Migration,DEV,248.55,GB,17.26,EUR
2026-04-11,AWS,aws-1001,aws-resource-00231,Networking,Data Transfer,eu-central-1,Infrastructure,,Production,255.19,GB,38.26,EUR
2026-03-23,GCP,gcp-3001,gcp-resource-00232,Storage,Disk Storage,europe-west1,Customer Product,Mobile Application,DEV,351.86,GB,11.3,EUR
2026-04-02,AWS,aws-1001,aws-resource-00233,Storage,Disk Storage,eu-central-1,Customer Product,Customer Portal,DEV,160.45,GB,4.27,EUR
2026-03-25,Azure,az-2001,azure-resource-00234,Database,Database Hours,westeurope,Data Platform,Analytics Platform,test,349.95,hours,105.59,EUR
2026-05-23,Azure,az-2001,azure-resource-00235,Networking,Data Transfer,northeurope,Data Platform,Data Governance,Production,476.29,GB,75.88,EUR
2026-04-06,AWS,aws-1001,aws-resource-00236,Storage,Disk Storage,eu-west-1,,Analytics Platform,prod,69.7,GB,4.13,EUR
2026-01-13,AWS,aws-1001,aws-resource-00237,Compute,CPU Hours,eu-central-1,Customer Product,,Development,65.65,hours,13.38,EUR
2026-02-08,Azure,az-2001,azure-resource-00238,Compute,Instance Hours,northeurope,Security,Threat Monitoring,prod,141.12,hours,44.98,EUR
2026-05-15,Azure,az-2001,azure-resource-00239,Networking,Data Transfer,northeurope,Security,Identity Platform,DEV,103.73,GB,9.26,EUR
2026-03-23,GCP,gcp-3001,gcp-resource-00240,Database,Database Hours,europe-north1,Security,Threat Monitoring,Development,197.25,hours,62.41,EUR
2026-01-15,AWS,aws-1001,aws-resource-00241,Networking,Public IP,eu-central-1,Infrastructure,Cloud Migration,test,124.37,GB,10.05,EUR
2026-05-26,AWS,aws-1001,aws-resource-00242,Storage,Object Storage,eu-central-1,Customer Product,Mobile Application,Test,18.96,GB,0.6,EUR
2026-01-01,GCP,gcp-3001,gcp-resource-00243,Database,Database Hours,europe-west1,,,Test,113.31,hours,39.97,EUR
2026-04-04,Azure,az-2001,azure-resource-00244,Storage,Disk Storage,northeurope,,Cloud Migration,prod,388.31,GB,23.15,EUR
2026-05-05,GCP,gcp-3001,gcp-resource-00245,Compute,Instance Hours,europe-north1,Infrastructure,Shared Services,test,474.6,hours,92.91,EUR
2026-05-27,AWS,aws-1002,aws-resource-00246,Storage,Object Storage,eu-west-1,Security,Threat Monitoring,prod,365.77,GB,22.41,EUR
2026-03-23,GCP,gcp-3001,gcp-resource-00247,Database,Database Hours,europe-north1,Customer Product,Customer Portal,test,43.51,hours,14.53,EUR
2026-01-13,Azure,az-2002,azure-resource-00248,Compute,CPU Hours,northeurope,Infrastructure,,Development,394.57,hours,75.72,EUR
2026-06-25,AWS,aws-1001,aws-resource-00249,Networking,Data Transfer,eu-central-1,Security,Threat Monitoring,DEV,395.42,GB,32.37,EUR
2026-02-11,AWS,aws-1001,aws-resource-00250,Compute,Instance Hours,eu-central-1,Infrastructure,Cloud Migration,Production,174.2,hours,63.01,EUR
2026-02-22,GCP,gcp-3001,gcp-resource-00251,Networking,Public IP,europe-north1,Data Platform,Data Governance,DEV,82.77,GB,5.83,EUR
2026-04-03,GCP,gcp-3001,gcp-resource-00252,Database,Read Operations,europe-west1,Infrastructure,Cloud Migration,Test,420.73,hours,131.95,EUR
2026-01-30,Azure,az-2002,azure-resource-00253,Networking,Public IP,northeurope,,Customer Portal,Development,488.64,GB,38.78,EUR
2026-04-23,Azure,az-2002,azure-resource-00254,Database,Read Operations,westeurope,Data Platform,Data Governance,Development,97.36,hours,29.42,EUR
2026-02-28,Azure,az-2001,azure-resource-00255,Compute,CPU Hours,northeurope,Customer Product,Customer Portal,Test,209.92,hours,40.69,EUR
2026-05-13,GCP,gcp-3001,gcp-resource-00256,Networking,Data Transfer,europe-north1,Customer Product,Mobile Application,test,22.19,GB,1.81,EUR
2026-06-10,AWS,aws-1001,aws-resource-00257,Storage,Disk Storage,eu-central-1,Customer Product,Customer Portal,test,220.52,GB,7.6,EUR
2026-01-04,GCP,gcp-3001,gcp-resource-00258,Compute,Instance Hours,europe-north1,Data Platform,Data Governance,Development,262.25,hours,53.11,EUR
2026-04-16,AWS,aws-1002,aws-resource-00259,Storage,Disk Storage,eu-central-1,Data Platform,Analytics Platform,Development,434.4,GB,14.52,EUR
2026-04-12,GCP,gcp-3001,gcp-resource-00260,Networking,Data Transfer,europe-west1,Data Platform,Analytics Platform,Test,342.0,GB,26.55,EUR
2026-06-28,GCP,gcp-3001,gcp-resource-00261,Networking,Data Transfer,europe-west1,,Shared Services,Development,158.92,GB,14.02,EUR
2026-04-15,Azure,az-2002,azure-resource-00262,Networking,Public IP,westeurope,Infrastructure,Shared Services,Production,98.03,GB,12.89,EUR
2026-02-19,GCP,gcp-3001,gcp-resource-00263,Storage,Object Storage,europe-west1,Data Platform,Data Governance,Test,440.27,GB,11.34,EUR
2026-02-01,AWS,aws-1001,aws-resource-00264,Networking,Data Transfer,eu-central-1,Data Platform,Data Governance,DEV,255.04,GB,21.23,EUR
2026-06-26,Azure,az-2001,azure-resource-00265,Networking,Public IP,westeurope,Customer Product,Mobile Application,prod,419.64,GB,56.05,EUR
2026-05-12,Azure,az-2001,azure-resource-00266,Compute,Instance Hours,northeurope,Customer Product,Customer Portal,test,107.33,hours,20.2,EUR
2026-03-12,AWS,aws-1002,aws-resource-00267,Storage,Disk Storage,eu-central-1,Data Platform,Analytics Platform,Development,357.81,GB,11.41,EUR
2026-05-11,Azure,az-2002,azure-resource-00268,Database,Read Operations,northeurope,Customer Product,Mobile Application,Test,201.59,hours,62.14,EUR
2026-06-16,GCP,gcp-3001,gcp-resource-00269,Compute,Instance Hours,europe-west1,Security,Identity Platform,Development,431.44,hours,72.09,EUR
2026-03-17,GCP,gcp-3001,gcp-resource-00270,Storage,Disk Storage,europe-north1,Data Platform,Data Governance,test,17.6,GB,0.53,EUR
2026-06-21,Azure,az-2002,azure-resource-00271,Compute,CPU Hours,westeurope,Customer Product,Mobile Application,Test,320.97,hours,57.35,EUR
2026-02-16,GCP,gcp-3001,gcp-resource-00272,Storage,Object Storage,europe-west1,Infrastructure,Cloud Migration,test,405.13,GB,13.11,EUR
2026-01-31,Azure,az-2002,azure-resource-00273,Storage,Object Storage,westeurope,Infrastructure,Shared Services,Development,294.86,GB,8.75,EUR
2026-04-15,Azure,az-2002,azure-resource-00274,Storage,Object Storage,northeurope,Data Platform,Data Governance,prod,73.0,GB,3.59,EUR
2026-03-12,GCP,gcp-3001,gcp-resource-00275,Storage,Object Storage,europe-west1,Data Platform,Data Governance,Development,319.08,GB,8.15,EUR
2026-02-21,Azure,az-2002,azure-resource-00276,Compute,Instance Hours,northeurope,Customer Product,Mobile Application,DEV,194.74,hours,30.19,EUR
2026-01-27,GCP,gcp-3001,gcp-resource-00277,Storage,Disk Storage,europe-west1,Data Platform,Analytics Platform,test,439.11,GB,12.43,EUR
2026-02-04,AWS,aws-1002,aws-resource-00278,Compute,CPU Hours,eu-central-1,Infrastructure,Shared Services,Test,172.23,hours,34.61,EUR
2026-05-10,AWS,aws-1001,aws-resource-00279,Storage,Object Storage,eu-central-1,Security,Identity Platform,prod,109.54,GB,5.07,EUR
2026-06-17,GCP,gcp-3001,gcp-resource-00280,Compute,Instance Hours,europe-west1,Security,Threat Monitoring,Test,497.37,hours,93.88,EUR
2026-01-03,Azure,az-2002,azure-resource-00281,Networking,Public IP,westeurope,Security,Identity Platform,prod,106.72,GB,16.22,EUR
2026-01-28,GCP,gcp-3001,gcp-resource-00282,Database,Database Hours,europe-west1,Customer Product,Mobile Application,test,310.76,hours,101.68,EUR
2026-05-04,Azure,az-2002,azure-resource-00283,Storage,Object Storage,westeurope,Infrastructure,,DEV,455.63,GB,14.44,EUR
2026-03-07,AWS,aws-1001,aws-resource-00284,Compute,CPU Hours,eu-central-1,Data Platform,,Test,42.15,hours,8.1,EUR
2026-04-20,Azure,az-2001,azure-resource-00285,Networking,Data Transfer,westeurope,Data Platform,Analytics Platform,Development,183.31,GB,15.44,EUR
2026-04-06,AWS,aws-1002,aws-resource-00286,Storage,Object Storage,eu-west-1,Customer Product,Mobile Application,Test,137.81,GB,4.42,EUR
2026-02-12,Azure,az-2001,azure-resource-00287,Networking,Data Transfer,westeurope,Security,Threat Monitoring,DEV,400.95,GB,33.51,EUR
2026-06-06,AWS,aws-1001,aws-resource-00288,Compute,Instance Hours,eu-central-1,Security,Threat Monitoring,prod,307.6,hours,108.01,EUR
2026-05-15,Azure,az-2001,azure-resource-00289,Compute,CPU Hours,westeurope,,Threat Monitoring,Development,11.12,hours,2.22,EUR
2026-06-06,Azure,az-2001,azure-resource-00290,Storage,Object Storage,westeurope,Security,Threat Monitoring,prod,420.32,GB,23.09,EUR
2026-05-10,GCP,gcp-3001,gcp-resource-00291,Networking,Public IP,europe-north1,,Identity Platform,prod,168.79,GB,22.69,EUR
2026-05-08,AWS,aws-1001,aws-resource-00292,Compute,Instance Hours,eu-central-1,Security,Threat Monitoring,DEV,226.3,hours,36.07,EUR
2026-02-22,Azure,az-2002,azure-resource-00293,Compute,CPU Hours,northeurope,Data Platform,Analytics Platform,test,155.78,hours,28.11,EUR
2026-04-26,AWS,aws-1001,aws-resource-00294,Storage,Object Storage,eu-west-1,Security,Threat Monitoring,DEV,359.75,GB,10.35,EUR
2026-02-05,AWS,aws-1002,aws-resource-00295,Database,Database Hours,eu-central-1,Infrastructure,Shared Services,Production,27.66,hours,15.67,EUR
2026-03-28,GCP,gcp-3001,gcp-resource-00296,Storage,Disk Storage,europe-west1,Customer Product,Customer Portal,DEV,413.15,GB,11.24,EUR
2026-01-13,GCP,gcp-3001,gcp-resource-00297,Compute,CPU Hours,europe-west1,Security,Threat Monitoring,prod,482.11,hours,132.98,EUR
2026-06-05,GCP,gcp-3001,gcp-resource-00298,Storage,Disk Storage,europe-north1,Customer Product,Customer Portal,Development,254.53,GB,7.37,EUR
2026-05-21,Azure,az-2002,azure-resource-00299,Database,Database Hours,westeurope,Security,Identity Platform,test,258.59,hours,99.82,EUR
2026-03-24,AWS,aws-1001,aws-resource-00300,Database,Read Operations,eu-central-1,Infrastructure,Cloud Migration,prod,254.43,hours,169.63,EUR
2026-01-15,GCP,gcp-3001,gcp-resource-00301,Networking,Public IP,europe-west1,Infrastructure,Shared Services,Production,193.53,GB,24.13,EUR
2026-01-27,Azure,az-2001,azure-resource-00302,Database,Read Operations,westeurope,Customer Product,Customer Portal,Test,20.99,hours,8.04,EUR
2026-01-04,GCP,gcp-3001,gcp-resource-00303,Database,Database Hours,europe-north1,Data Platform,Data Governance,test,159.76,hours,56.79,EUR
2026-05-12,AWS,aws-1001,aws-resource-00304,Database,Read Operations,eu-west-1,Customer Product,Customer Portal,test,41.86,hours,16.68,EUR
2026-02-09,Azure,az-2001,azure-resource-00305,Database,Database Hours,northeurope,Infrastructure,Cloud Migration,Production,168.63,hours,112.92,EUR
2026-02-26,GCP,gcp-3001,gcp-resource-00306,Compute,Instance Hours,europe-west1,Infrastructure,Shared Services,Production,393.1,hours,120.4,EUR
2026-06-08,Azure,az-2002,azure-resource-00307,Networking,Data Transfer,westeurope,Data Platform,Data Governance,Development,168.88,GB,12.67,EUR
2026-03-24,GCP,gcp-3001,gcp-resource-00308,Database,Database Hours,europe-north1,Security,Identity Platform,Test,125.69,hours,37.92,EUR
2026-02-19,Azure,az-2002,azure-resource-00309,Database,Database Hours,westeurope,Data Platform,Data Governance,DEV,26.71,hours,10.47,EUR
2026-05-18,AWS,aws-1002,aws-resource-00310,Compute,Instance Hours,eu-west-1,Data Platform,Analytics Platform,test,214.98,hours,34.1,EUR
2026-02-28,AWS,aws-1002,aws-resource-00311,Networking,Public IP,eu-central-1,Infrastructure,,Development,281.25,GB,23.01,EUR
2026-01-17,Azure,az-2001,azure-resource-00312,Networking,Data Transfer,northeurope,,Threat Monitoring,Test,7.92,GB,0.68,EUR
2026-01-08,GCP,gcp-3001,gcp-resource-00313,Compute,Instance Hours,europe-west1,Infrastructure,Shared Services,DEV,193.8,hours,38.26,EUR
2026-01-03,AWS,aws-1001,aws-resource-00314,Networking,Data Transfer,eu-west-1,Infrastructure,Cloud Migration,test,325.73,GB,29.63,EUR
2026-06-15,AWS,aws-1001,aws-resource-00315,Networking,Data Transfer,eu-west-1,Data Platform,Data Governance,test,175.21,GB,13.65,EUR
2026-05-21,AWS,aws-1002,aws-resource-00316,Database,Database Hours,eu-central-1,Customer Product,Customer Portal,Production,426.44,hours,303.5,EUR
2026-03-02,GCP,gcp-3001,gcp-resource-00317,Compute,CPU Hours,europe-west1,Infrastructure,Cloud Migration,Development,181.78,hours,34.4,EUR
2026-04-04,AWS,aws-1002,aws-resource-00318,Database,Read Operations,eu-west-1,Security,Threat Monitoring,test,294.16,hours,104.98,EUR
2026-03-26,AWS,aws-1002,aws-resource-00319,Database,Read Operations,eu-central-1,Customer Product,Customer Portal,Development,420.85,hours,131.14,EUR
2026-05-18,Azure,az-2001,azure-resource-00320,Database,Read Operations,westeurope,Security,Identity Platform,Development,430.06,hours,134.26,EUR
2026-03-08,GCP,gcp-3001,gcp-resource-00321,Compute,Instance Hours,europe-north1,Data Platform,Analytics Platform,Test,110.32,hours,17.1,EUR
2026-03-03,Azure,az-2001,azure-resource-00322,Storage,Object Storage,northeurope,Infrastructure,Cloud Migration,DEV,185.11,GB,4.74,EUR
2026-03-01,AWS,aws-1001,aws-resource-00323,Storage,Object Storage,eu-central-1,Customer Product,,DEV,119.72,GB,3.34,EUR
2026-03-12,Azure,az-2002,azure-resource-00324,Networking,Data Transfer,northeurope,,Identity Platform,Production,353.35,GB,51.21,EUR
2026-03-30,GCP,gcp-3001,gcp-resource-00325,Networking,Public IP,europe-west1,Infrastructure,Cloud Migration,prod,260.6,GB,35.87,EUR
2026-04-03,GCP,gcp-3001,gcp-resource-00326,Storage,Object Storage,europe-north1,Security,Identity Platform,Development,109.7,GB,2.98,EUR
2026-01-12,Azure,az-2001,azure-resource-00327,Compute,Instance Hours,westeurope,Security,Threat Monitoring,test,417.52,hours,64.39,EUR
2026-05-25,GCP,gcp-3001,gcp-resource-00328,Compute,CPU Hours,europe-west1,Customer Product,Customer Portal,Test,479.33,hours,88.85,EUR
2026-02-16,AWS,aws-1002,aws-resource-00329,Networking,Data Transfer,eu-central-1,Security,Threat Monitoring,Test,75.64,GB,6.2,EUR
2026-06-25,Azure,az-2002,azure-resource-00330,Compute,Instance Hours,westeurope,Customer Product,Mobile Application,prod,263.74,hours,95.95,EUR
2026-06-23,AWS,aws-1002,aws-resource-00331,Networking,Public IP,eu-central-1,Data Platform,Analytics Platform,Test,271.95,GB,18.5,EUR
2026-06-28,AWS,aws-1001,aws-resource-00332,Networking,Public IP,eu-west-1,Customer Product,Mobile Application,Test,403.29,GB,36.21,EUR
2026-01-02,Azure,az-2001,azure-resource-00333,Networking,Data Transfer,northeurope,Customer Product,Customer Portal,DEV,132.61,GB,9.03,EUR
2026-05-18,GCP,gcp-3001,gcp-resource-00334,Storage,Disk Storage,europe-north1,Infrastructure,Shared Services,test,294.76,GB,8.21,EUR
2026-03-06,GCP,gcp-3001,gcp-resource-00335,Networking,Public IP,europe-north1,Customer Product,Mobile Application,prod,188.26,GB,27.56,EUR
2026-03-28,GCP,gcp-3001,gcp-resource-00336,Storage,Object Storage,europe-north1,Data Platform,Analytics Platform,prod,54.64,GB,2.96,EUR
2026-01-21,GCP,gcp-3001,gcp-resource-00337,Compute,CPU Hours,europe-north1,Data Platform,Analytics Platform,Production,36.72,hours,10.9,EUR
2026-05-13,GCP,gcp-3001,gcp-resource-00338,Database,Database Hours,europe-west1,Data Platform,Analytics Platform,prod,426.03,hours,303.08,EUR
2026-04-13,GCP,gcp-3001,gcp-resource-00339,Storage,Disk Storage,europe-north1,Customer Product,Customer Portal,prod,47.99,GB,2.42,EUR
2026-03-31,GCP,gcp-3001,gcp-resource-00340,Storage,Disk Storage,europe-west1,Data Platform,Analytics Platform,test,415.73,GB,14.02,EUR
2026-05-09,GCP,gcp-3001,gcp-resource-00341,Storage,Disk Storage,europe-west1,Security,Threat Monitoring,DEV,255.59,GB,7.8,EUR
2026-04-28,GCP,gcp-3001,gcp-resource-00342,Database,Database Hours,europe-north1,Infrastructure,Shared Services,prod,379.95,hours,272.49,EUR
2026-04-16,AWS,aws-1002,aws-resource-00343,Database,Database Hours,eu-central-1,Data Platform,Data Governance,test,352.08,hours,134.32,EUR
2026-03-22,AWS,aws-1002,aws-resource-00344,Database,Database Hours,eu-central-1,Data Platform,Data Governance,Production,279.5,hours,159.1,EUR
2026-03-05,AWS,aws-1002,aws-resource-00345,Storage,Object Storage,eu-west-1,Security,Identity Platform,Development,107.36,GB,2.93,EUR
2026-03-22,AWS,aws-1002,aws-resource-00346,Compute,CPU Hours,eu-central-1,Security,Identity Platform,Production,424.77,hours,132.31,EUR
2026-05-19,AWS,aws-1001,aws-resource-00347,Database,Read Operations,eu-central-1,Security,Identity Platform,Test,400.64,hours,139.31,EUR
2026-04-08,GCP,gcp-3001,gcp-resource-00348,Storage,Disk Storage,europe-north1,Security,Identity Platform,test,9.17,GB,0.29,EUR
2026-04-19,GCP,gcp-3001,gcp-resource-00349,Database,Read Operations,europe-north1,Customer Product,Mobile Application,Test,174.83,hours,55.39,EUR
2026-03-11,Azure,az-2001,azure-resource-00350,Networking,Public IP,northeurope,Infrastructure,Shared Services,Test,344.58,GB,30.16,EUR
2026-06-11,AWS,aws-1002,aws-resource-00351,Storage,Disk Storage,eu-central-1,Customer Product,Mobile Application,DEV,71.56,GB,2.4,EUR
2026-04-26,Azure,az-2002,azure-resource-00352,Compute,CPU Hours,northeurope,Security,,Development,240.89,hours,45.05,EUR
2026-05-28,Azure,az-2001,azure-resource-00353,Database,Read Operations,northeurope,Infrastructure,Cloud Migration,test,481.74,hours,153.38,EUR
2026-06-13,Azure,az-2002,azure-resource-00354,Networking,Public IP,northeurope,Security,Identity Platform,test,478.51,GB,42.51,EUR
2026-04-12,AWS,aws-1002,aws-resource-00355,Compute,CPU Hours,eu-central-1,Customer Product,Mobile Application,Development,356.66,hours,66.23,EUR
2026-06-29,GCP,gcp-3001,gcp-resource-00356,Networking,Data Transfer,europe-west1,Security,,test,121.14,GB,8.97,EUR
2026-01-22,Azure,az-2001,azure-resource-00357,Compute,CPU Hours,westeurope,Data Platform,Analytics Platform,Production,18.05,hours,5.67,EUR
2026-02-13,AWS,aws-1001,aws-resource-00358,Networking,Data Transfer,eu-central-1,Infrastructure,Cloud Migration,test,67.57,GB,5.45,EUR
2026-04-27,Azure,az-2002,azure-resource-00359,Networking,Public IP,northeurope,Security,Threat Monitoring,test,271.95,GB,22.35,EUR
2026-02-04,Azure,az-2002,azure-resource-00360,Storage,Disk Storage,northeurope,Data Platform,Data Governance,prod,155.27,GB,7.13,EUR
2026-05-21,GCP,gcp-3001,gcp-resource-00361,Compute,Instance Hours,europe-north1,Security,Threat Monitoring,Development,300.52,hours,58.91,EUR
2026-01-21,GCP,gcp-3001,gcp-resource-00362,Networking,Data Transfer,europe-north1,Security,Identity Platform,DEV,415.07,GB,30.42,EUR
2026-04-26,Azure,az-2002,azure-resource-00363,Database,Read Operations,westeurope,Security,Identity Platform,Development,59.63,hours,20.59,EUR
2026-04-23,Azure,az-2001,azure-resource-00364,Compute,Instance Hours,westeurope,Customer Product,,Production,144.65,hours,41.59,EUR
2026-01-09,AWS,aws-1002,aws-resource-00365,Compute,Instance Hours,eu-west-1,Security,Identity Platform,DEV,498.99,hours,88.84,EUR
2026-02-01,AWS,aws-1001,aws-resource-00366,Database,Read Operations,eu-central-1,Security,Identity Platform,Development,409.54,hours,157.45,EUR
2026-06-24,AWS,aws-1002,aws-resource-00367,Compute,CPU Hours,eu-west-1,Customer Product,,test,491.15,hours,87.69,EUR
2026-02-25,GCP,gcp-3001,gcp-resource-00368,Compute,Instance Hours,europe-north1,Data Platform,Data Governance,Development,444.32,hours,88.7,EUR
2026-06-26,Azure,az-2002,azure-resource-00369,Compute,Instance Hours,northeurope,Customer Product,Mobile Application,prod,9.42,hours,2.63,EUR
2026-02-09,AWS,aws-1001,aws-resource-00370,Storage,Object Storage,eu-central-1,Customer Product,Mobile Application,test,34.73,GB,1.0,EUR
2026-01-11,AWS,aws-1002,aws-resource-00371,Database,Read Operations,eu-central-1,Infrastructure,,DEV,182.29,hours,56.81,EUR
2026-05-22,GCP,gcp-3001,gcp-resource-00372,Networking,Data Transfer,europe-west1,Customer Product,Customer Portal,DEV,141.29,GB,12.43,EUR
2026-01-05,Azure,az-2002,azure-resource-00373,Database,Database Hours,northeurope,Infrastructure,Shared Services,Test,192.63,hours,61.06,EUR
2026-04-15,GCP,gcp-3001,gcp-resource-00374,Compute,Instance Hours,europe-west1,Security,Identity Platform,Test,81.3,hours,13.68,EUR
2026-05-27,GCP,gcp-3001,gcp-resource-00375,Compute,CPU Hours,europe-north1,Data Platform,,Production,245.26,hours,69.9,EUR
2026-01-21,AWS,aws-1002,aws-resource-00376,Database,Database Hours,eu-central-1,,Customer Portal,test,248.25,hours,97.05,EUR
2026-01-20,GCP,gcp-3001,gcp-resource-00377,Networking,Data Transfer,europe-west1,Infrastructure,Cloud Migration,Production,368.48,GB,58.39,EUR
2026-05-23,GCP,gcp-3001,gcp-resource-00378,Storage,Object Storage,europe-north1,Security,Identity Platform,Test,314.54,GB,8.53,EUR
2026-05-17,GCP,gcp-3001,gcp-resource-00379,Networking,Public IP,europe-north1,Security,Identity Platform,DEV,254.82,GB,21.35,EUR
2026-05-20,GCP,gcp-3001,gcp-resource-00380,Database,Read Operations,europe-north1,Infrastructure,Shared Services,test,165.11,hours,53.29,EUR
2026-03-19,Azure,az-2001,azure-resource-00381,Networking,Public IP,westeurope,,,Development,299.9,GB,24.12,EUR
2026-01-10,AWS,aws-1002,aws-resource-00382,Database,Read Operations,eu-west-1,Data Platform,Data Governance,Test,463.33,hours,145.37,EUR
2026-02-25,AWS,aws-1001,aws-resource-00383,Database,Read Operations,eu-central-1,Infrastructure,Cloud Migration,Production,287.39,hours,184.81,EUR
2026-03-27,AWS,aws-1002,aws-resource-00384,Networking,Public IP,eu-central-1,,Data Governance,DEV,43.85,GB,3.04,EUR
2026-05-09,AWS,aws-1001,aws-resource-00385,Storage,Object Storage,eu-west-1,,Data Governance,Development,272.27,GB,7.31,EUR
2026-05-02,GCP,gcp-3001,gcp-resource-00386,Networking,Public IP,europe-north1,Security,Identity Platform,DEV,78.27,GB,5.95,EUR
2026-02-20,AWS,aws-1001,aws-resource-00387,Networking,Data Transfer,eu-west-1,Security,Identity Platform,prod,246.49,GB,37.12,EUR
2026-06-02,Azure,az-2001,azure-resource-00388,Networking,Public IP,westeurope,Infrastructure,Cloud Migration,Development,177.41,GB,13.43,EUR
2026-01-22,Azure,az-2001,azure-resource-00389,Networking,Data Transfer,westeurope,,Mobile Application,prod,344.25,GB,44.46,EUR
2026-02-23,GCP,gcp-3001,gcp-resource-00390,Storage,Object Storage,europe-north1,Infrastructure,Cloud Migration,Development,227.78,GB,5.86,EUR
2026-03-14,GCP,gcp-3001,gcp-resource-00391,Networking,Public IP,europe-west1,Customer Product,Customer Portal,Test,26.52,GB,1.91,EUR
2026-03-16,Azure,az-2002,azure-resource-00392,Compute,Instance Hours,northeurope,Data Platform,Data Governance,test,183.31,hours,29.11,EUR
2026-05-24,GCP,gcp-3001,gcp-resource-00393,Compute,Instance Hours,europe-west1,Infrastructure,Shared Services,prod,103.44,hours,38.21,EUR
2026-03-19,GCP,gcp-3001,gcp-resource-00394,Database,Read Operations,europe-west1,Infrastructure,Shared Services,Development,343.73,hours,115.09,EUR
2026-06-18,GCP,gcp-3001,gcp-resource-00395,Database,Database Hours,europe-north1,Security,Identity Platform,prod,80.1,hours,56.48,EUR
2026-05-19,GCP,gcp-3001,gcp-resource-00396,Storage,Object Storage,europe-west1,Security,Identity Platform,Development,455.32,GB,12.96,EUR
2026-02-07,GCP,gcp-3001,gcp-resource-00397,Storage,Disk Storage,europe-west1,Customer Product,Mobile Application,prod,217.88,GB,13.21,EUR
2026-04-16,GCP,gcp-3001,gcp-resource-00398,Compute,CPU Hours,europe-north1,Customer Product,Mobile Application,Production,383.89,hours,138.56,EUR
2026-06-06,GCP,gcp-3001,gcp-resource-00399,Database,Database Hours,europe-west1,Customer Product,Customer Portal,Test,310.39,hours,112.08,EUR
2026-06-16,GCP,gcp-3001,gcp-resource-00400,Compute,Instance Hours,europe-north1,Infrastructure,Cloud Migration,Test,423.84,hours,75.58,EUR
2026-02-26,Azure,az-2001,azure-resource-00401,Networking,Data Transfer,westeurope,Customer Product,,Production,463.09,GB,75.69,EUR
2026-04-08,AWS,aws-1002,aws-resource-00402,Networking,Public IP,eu-west-1,Security,Threat Monitoring,DEV,205.41,GB,14.17,EUR
2026-01-11,GCP,gcp-3001,gcp-resource-00403,Compute,Instance Hours,europe-west1,Security,,prod,261.76,hours,82.15,EUR
2026-01-14,Azure,az-2001,azure-resource-00404,Networking,Public IP,northeurope,Security,Threat Monitoring,prod,214.12,GB,31.88,EUR
2026-02-21,AWS,aws-1002,aws-resource-00405,Compute,Instance Hours,eu-central-1,Customer Product,Customer Portal,Production,93.54,hours,31.13,EUR
2026-05-11,Azure,az-2001,azure-resource-00406,Storage,Disk Storage,northeurope,Data Platform,Analytics Platform,Development,47.23,GB,1.51,EUR
2026-04-25,AWS,aws-1002,aws-resource-00407,Storage,Object Storage,eu-west-1,Infrastructure,Cloud Migration,test,30.4,GB,0.86,EUR
2026-05-07,AWS,aws-1001,aws-resource-00408,Storage,Object Storage,eu-central-1,,Data Governance,DEV,274.03,GB,7.0,EUR
2026-02-23,Azure,az-2001,azure-resource-00409,Networking,Data Transfer,westeurope,Security,,Test,142.67,GB,11.85,EUR
2026-01-13,AWS,aws-1001,aws-resource-00410,Database,Read Operations,eu-west-1,Data Platform,Analytics Platform,Test,152.73,hours,60.2,EUR
2026-04-05,AWS,aws-1002,aws-resource-00411,Database,Database Hours,eu-central-1,Customer Product,Mobile Application,Production,51.1,hours,30.25,EUR
2026-02-23,GCP,gcp-3001,gcp-resource-00412,Compute,Instance Hours,europe-west1,Infrastructure,Shared Services,Development,167.96,hours,29.45,EUR
2026-04-01,GCP,gcp-3001,gcp-resource-00413,Compute,CPU Hours,europe-north1,Security,Threat Monitoring,Development,265.07,hours,54.8,EUR
2026-02-23,Azure,az-2002,azure-resource-00414,Storage,Disk Storage,westeurope,Customer Product,,Production,235.12,GB,13.83,EUR
2026-05-10,Azure,az-2002,azure-resource-00415,Database,Database Hours,westeurope,Customer Product,Customer Portal,Development,396.15,hours,130.66,EUR
2026-03-28,GCP,gcp-3001,gcp-resource-00416,Database,Read Operations,europe-west1,Infrastructure,Shared Services,Production,416.86,hours,238.51,EUR
2026-04-16,GCP,gcp-3001,gcp-resource-00417,Storage,Disk Storage,europe-north1,Security,Identity Platform,Test,448.48,GB,13.3,EUR
2026-01-08,GCP,gcp-3001,gcp-resource-00418,Compute,CPU Hours,europe-west1,Customer Product,Mobile Application,Development,37.78,hours,6.08,EUR
2026-03-11,GCP,gcp-3001,gcp-resource-00419,Networking,Data Transfer,europe-north1,Customer Product,Customer Portal,test,429.62,GB,36.53,EUR
2026-02-21,AWS,aws-1001,aws-resource-00420,Database,Read Operations,eu-west-1,Security,Threat Monitoring,Production,190.24,hours,103.22,EUR
2026-01-26,Azure,az-2001,azure-resource-00421,Storage,Object Storage,westeurope,Customer Product,Mobile Application,Test,158.63,GB,4.51,EUR
2026-01-12,Azure,az-2001,azure-resource-00422,Networking,Public IP,westeurope,Data Platform,,Test,436.58,GB,33.18,EUR
2026-01-31,GCP,gcp-3001,gcp-resource-00423,Database,Database Hours,europe-west1,Customer Product,Mobile Application,Test,162.98,hours,56.04,EUR
2026-03-14,Azure,az-2001,azure-resource-00424,Compute,Instance Hours,westeurope,Data Platform,Analytics Platform,Development,139.17,hours,28.38,EUR
2026-01-23,Azure,az-2002,azure-resource-00425,Database,Read Operations,westeurope,Security,Identity Platform,test,29.98,hours,10.13,EUR
2026-04-30,GCP,gcp-3001,gcp-resource-00426,Networking,Data Transfer,europe-north1,Infrastructure,Shared Services,test,405.6,GB,28.35,EUR
2026-04-04,AWS,aws-1002,aws-resource-00427,Networking,Data Transfer,eu-central-1,Infrastructure,Shared Services,prod,431.24,GB,64.28,EUR
2026-03-31,Azure,az-2001,azure-resource-00428,Networking,Data Transfer,northeurope,,Identity Platform,DEV,233.31,GB,16.82,EUR
2026-03-04,GCP,gcp-3001,gcp-resource-00429,Compute,CPU Hours,europe-north1,Infrastructure,Cloud Migration,DEV,297.32,hours,49.32,EUR
2026-06-19,AWS,aws-1001,aws-resource-00430,Database,Read Operations,eu-west-1,Customer Product,Mobile Application,Development,274.54,hours,88.48,EUR
2026-06-02,GCP,gcp-3001,gcp-resource-00431,Networking,Public IP,europe-north1,Infrastructure,Cloud Migration,DEV,39.46,GB,2.79,EUR
2026-06-19,GCP,gcp-3001,gcp-resource-00432,Compute,CPU Hours,europe-north1,Data Platform,Analytics Platform,test,405.87,hours,78.69,EUR
2026-04-22,Azure,az-2002,azure-resource-00433,Networking,Data Transfer,westeurope,Customer Product,Customer Portal,Test,398.2,GB,33.57,EUR
2026-04-02,GCP,gcp-3001,gcp-resource-00434,Networking,Public IP,europe-west1,,Mobile Application,Production,5.42,GB,0.79,EUR
2026-05-02,AWS,aws-1001,aws-resource-00435,Networking,Data Transfer,eu-central-1,Security,Threat Monitoring,DEV,274.83,GB,23.06,EUR
2026-02-06,Azure,az-2002,azure-resource-00436,Networking,Public IP,westeurope,Customer Product,Mobile Application,prod,10.74,GB,1.62,EUR
2026-04-19,AWS,aws-1002,aws-resource-00437,Storage,Disk Storage,eu-central-1,Security,Threat Monitoring,DEV,313.51,GB,9.28,EUR
2026-05-20,AWS,aws-1002,aws-resource-00438,Storage,Object Storage,eu-west-1,Security,Identity Platform,prod,357.5,GB,17.97,EUR
2026-03-13,GCP,gcp-3001,gcp-resource-00439,Networking,Data Transfer,europe-west1,Infrastructure,Cloud Migration,Production,75.33,GB,11.6,EUR
2026-05-12,AWS,aws-1002,aws-resource-00440,Networking,Public IP,eu-central-1,Data Platform,Data Governance,Test,390.37,GB,30.94,EUR
2026-03-08,Azure,az-2001,azure-resource-00441,Database,Read Operations,westeurope,,Cloud Migration,test,155.52,hours,59.09,EUR
2026-03-06,GCP,gcp-3001,gcp-resource-00442,Compute,CPU Hours,europe-north1,Infrastructure,,Test,43.05,hours,8.41,EUR
2026-03-08,Azure,az-2001,azure-resource-00443,Compute,CPU Hours,westeurope,Data Platform,Analytics Platform,test,226.09,hours,44.45,EUR
2026-04-16,GCP,gcp-3001,gcp-resource-00444,Compute,Instance Hours,europe-north1,Infrastructure,Cloud Migration,prod,419.62,hours,146.27,EUR
2026-05-02,GCP,gcp-3001,gcp-resource-00445,Storage,Disk Storage,europe-west1,,Mobile Application,Production,31.0,GB,1.66,EUR
2026-04-08,Azure,az-2002,azure-resource-00446,Networking,Data Transfer,westeurope,Security,Threat Monitoring,Production,147.95,GB,23.21,EUR
2026-04-29,GCP,gcp-3001,gcp-resource-00447,Database,Database Hours,europe-north1,Security,Threat Monitoring,Production,131.4,hours,84.87,EUR
2026-06-25,GCP,gcp-3001,gcp-resource-00448,Storage,Disk Storage,europe-west1,Infrastructure,Cloud Migration,Production,208.57,GB,11.35,EUR
2026-02-25,GCP,gcp-3001,gcp-resource-00449,Database,Database Hours,europe-west1,,Cloud Migration,Production,469.56,hours,309.72,EUR
2026-01-20,GCP,gcp-3001,gcp-resource-00450,Storage,Disk Storage,europe-north1,Security,Identity Platform,Development,150.81,GB,4.74,EUR
2026-01-16,GCP,gcp-3001,gcp-resource-00451,Database,Read Operations,europe-west1,Infrastructure,Cloud Migration,Production,194.49,hours,116.38,EUR
2026-04-21,Azure,az-2001,azure-resource-00452,Compute,Instance Hours,northeurope,Security,Identity Platform,DEV,58.67,hours,10.69,EUR
2026-05-08,GCP,gcp-3001,gcp-resource-00453,Database,Database Hours,europe-west1,,Analytics Platform,Development,389.73,hours,116.71,EUR
2026-05-06,GCP,gcp-3001,gcp-resource-00454,Networking,Public IP,europe-north1,Infrastructure,Cloud Migration,Test,6.83,GB,0.58,EUR
2026-04-02,GCP,gcp-3001,gcp-resource-00455,Compute,CPU Hours,europe-north1,Customer Product,Customer Portal,DEV,65.0,hours,11.82,EUR
2026-01-11,AWS,aws-1002,aws-resource-00456,Compute,Instance Hours,eu-central-1,Infrastructure,Shared Services,Development,325.66,hours,52.93,EUR
2026-02-19,GCP,gcp-3001,gcp-resource-00457,Networking,Data Transfer,europe-north1,Data Platform,Data Governance,DEV,368.99,GB,26.33,EUR
2026-03-28,Azure,az-2001,azure-resource-00458,Compute,CPU Hours,westeurope,Infrastructure,Shared Services,DEV,483.45,hours,74.4,EUR
2026-01-19,Azure,az-2001,azure-resource-00459,Compute,Instance Hours,northeurope,Customer Product,Mobile Application,Test,78.73,hours,14.51,EUR
2026-03-20,GCP,gcp-3001,gcp-resource-00460,Compute,CPU Hours,europe-west1,Security,Identity Platform,Production,90.26,hours,25.3,EUR
2026-03-28,GCP,gcp-3001,gcp-resource-00461,Compute,CPU Hours,europe-west1,Data Platform,Analytics Platform,prod,36.24,hours,10.69,EUR
2026-04-17,GCP,gcp-3001,gcp-resource-00462,Storage,Disk Storage,europe-west1,Infrastructure,Cloud Migration,Development,36.29,GB,1.01,EUR
2026-05-05,Azure,az-2001,azure-resource-00463,Storage,Object Storage,westeurope,Data Platform,Analytics Platform,Test,191.18,GB,5.15,EUR
2026-06-13,AWS,aws-1002,aws-resource-00464,Compute,CPU Hours,eu-central-1,Infrastructure,Shared Services,DEV,347.72,hours,57.07,EUR
2026-03-31,AWS,aws-1002,aws-resource-00465,Storage,Object Storage,eu-west-1,Data Platform,Analytics Platform,Production,315.46,GB,18.48,EUR
2026-06-18,AWS,aws-1001,aws-resource-00466,Compute,CPU Hours,eu-west-1,Data Platform,Data Governance,Test,113.54,hours,22.09,EUR
2026-02-23,AWS,aws-1002,aws-resource-00467,Compute,CPU Hours,eu-central-1,Customer Product,Mobile Application,Production,31.74,hours,9.86,EUR
2026-05-12,GCP,gcp-3001,gcp-resource-00468,Networking,Data Transfer,europe-west1,Data Platform,Analytics Platform,prod,83.23,GB,10.29,EUR
2026-02-28,GCP,gcp-3001,gcp-resource-00469,Networking,Data Transfer,europe-north1,Infrastructure,Shared Services,Development,118.88,GB,8.4,EUR
2026-04-27,AWS,aws-1001,aws-resource-00470,Networking,Public IP,eu-central-1,Customer Product,Customer Portal,DEV,76.75,GB,6.93,EUR
2026-03-13,AWS,aws-1001,aws-resource-00471,Networking,Data Transfer,eu-central-1,Customer Product,Mobile Application,prod,20.89,GB,3.07,EUR
2026-06-06,Azure,az-2001,azure-resource-00472,Networking,Data Transfer,westeurope,Customer Product,Mobile Application,prod,395.83,GB,59.36,EUR
2026-03-05,Azure,az-2002,azure-resource-00473,Networking,Public IP,westeurope,Customer Product,Mobile Application,test,216.91,GB,19.29,EUR
2026-04-19,GCP,gcp-3001,gcp-resource-00474,Storage,Disk Storage,europe-west1,Data Platform,,DEV,368.07,GB,11.06,EUR
2026-04-02,Azure,az-2002,azure-resource-00475,Networking,Data Transfer,westeurope,Customer Product,,test,206.28,GB,15.11,EUR
2026-04-29,AWS,aws-1001,aws-resource-00476,Networking,Public IP,eu-west-1,Infrastructure,Cloud Migration,test,293.91,GB,26.87,EUR
2026-03-11,Azure,az-2001,azure-resource-00477,Networking,Data Transfer,northeurope,Data Platform,Analytics Platform,Test,21.19,GB,1.66,EUR
2026-06-15,GCP,gcp-3001,gcp-resource-00478,Compute,Instance Hours,europe-west1,Infrastructure,Cloud Migration,Test,25.23,hours,4.36,EUR
2026-02-27,Azure,az-2002,azure-resource-00479,Storage,Disk Storage,northeurope,Data Platform,Data Governance,test,108.85,GB,3.51,EUR
2026-05-01,GCP,gcp-3001,gcp-resource-00480,Networking,Public IP,europe-north1,,Cloud Migration,DEV,253.22,GB,22.26,EUR
2026-01-28,GCP,gcp-3001,gcp-resource-00481,Compute,CPU Hours,europe-west1,Customer Product,Mobile Application,prod,147.74,hours,54.43,EUR
2026-06-24,GCP,gcp-3001,gcp-resource-00482,Storage,Disk Storage,europe-north1,Security,Identity Platform,test,16.23,GB,0.47,EUR
2026-03-27,Azure,az-2002,azure-resource-00483,Networking,Public IP,northeurope,Data Platform,,prod,418.3,GB,60.59,EUR
2026-05-04,Azure,az-2002,azure-resource-00484,Networking,Public IP,westeurope,Security,Threat Monitoring,Development,90.01,GB,6.68,EUR
2026-02-14,AWS,aws-1001,aws-resource-00485,Database,Database Hours,eu-west-1,Infrastructure,Shared Services,prod,357.35,hours,210.63,EUR
2026-03-23,AWS,aws-1002,aws-resource-00486,Compute,Instance Hours,eu-central-1,Infrastructure,Cloud Migration,prod,283.43,hours,79.01,EUR
2026-03-23,Azure,az-2001,azure-resource-00487,Storage,Object Storage,northeurope,Infrastructure,Cloud Migration,DEV,385.42,GB,13.12,EUR
2026-04-24,GCP,gcp-3001,gcp-resource-00488,Database,Database Hours,europe-north1,Security,Threat Monitoring,Test,335.11,hours,127.83,EUR
2026-01-15,AWS,aws-1001,aws-resource-00489,Storage,Object Storage,eu-central-1,,Data Governance,prod,225.76,GB,10.7,EUR
2026-06-04,AWS,aws-1001,aws-resource-00490,Compute,CPU Hours,eu-central-1,Data Platform,Data Governance,Test,200.24,hours,35.94,EUR
2026-05-24,AWS,aws-1001,aws-resource-00491,Networking,Data Transfer,eu-central-1,Infrastructure,Shared Services,Development,157.5,GB,12.39,EUR
2026-05-31,GCP,gcp-3001,gcp-resource-00492,Networking,Data Transfer,europe-west1,Security,Threat Monitoring,DEV,365.66,GB,28.5,EUR
2026-03-11,Azure,az-2002,azure-resource-00493,Networking,Data Transfer,northeurope,Infrastructure,Cloud Migration,DEV,48.78,GB,3.8,EUR
2026-05-30,GCP,gcp-3001,gcp-resource-00494,Storage,Disk Storage,europe-north1,Customer Product,Customer Portal,DEV,25.91,GB,0.85,EUR
2026-03-15,AWS,aws-1002,aws-resource-00495,Compute,Instance Hours,eu-central-1,Data Platform,Analytics Platform,test,238.91,hours,44.99,EUR
2026-05-04,GCP,gcp-3001,gcp-resource-00496,Storage,Disk Storage,europe-north1,Data Platform,Analytics Platform,Production,301.45,GB,15.6,EUR
2026-06-27,GCP,gcp-3001,gcp-resource-00497,Compute,CPU Hours,europe-west1,Infrastructure,Cloud Migration,Production,77.34,hours,24.77,EUR
2026-01-20,AWS,aws-1001,aws-resource-00498,Database,Database Hours,eu-west-1,Infrastructure,Shared Services,Production,148.48,hours,94.37,EUR
2026-04-03,GCP,gcp-3001,gcp-resource-00499,Storage,Disk Storage,europe-west1,Infrastructure,Shared Services,Development,139.37,GB,4.43,EUR
2026-02-26,AWS,aws-1001,aws-resource-00500,Storage,Object Storage,eu-central-1,Infrastructure,Shared Services,prod,55.7,GB,2.7,EUR
2026-04-24,Azure,az-2002,azure-resource-00501,Compute,Instance Hours,northeurope,Data Platform,Analytics Platform,Development,347.07,hours,55.71,EUR
2026-01-21,AWS,aws-1002,aws-resource-00502,Compute,Instance Hours,eu-west-1,Customer Product,Customer Portal,prod,157.18,hours,46.49,EUR
2026-01-31,AWS,aws-1002,aws-resource-00503,Networking,Data Transfer,eu-west-1,Security,,test,259.17,GB,17.99,EUR
2026-01-24,Azure,az-2001,azure-resource-00504,Compute,CPU Hours,northeurope,Data Platform,Analytics Platform,prod,96.47,hours,29.86,EUR
2026-03-14,Azure,az-2001,azure-resource-00505,Storage,Object Storage,westeurope,Customer Product,Customer Portal,Production,266.78,GB,15.34,EUR
2026-04-19,AWS,aws-1001,aws-resource-00506,Networking,Data Transfer,eu-central-1,Infrastructure,Cloud Migration,prod,418.2,GB,68.92,EUR
2026-01-11,AWS,aws-1001,aws-resource-00507,Database,Read Operations,eu-central-1,Data Platform,Data Governance,Development,353.84,hours,125.97,EUR
2026-04-20,AWS,aws-1001,aws-resource-00508,Networking,Data Transfer,eu-central-1,Infrastructure,Shared Services,DEV,116.81,GB,9.08,EUR
2026-06-23,GCP,gcp-3001,gcp-resource-00509,Database,Database Hours,europe-west1,Customer Product,Customer Portal,Production,201.2,hours,127.62,EUR
2026-04-14,Azure,az-2001,azure-resource-00510,Networking,Data Transfer,northeurope,,Analytics Platform,Development,104.13,GB,9.19,EUR
2026-04-14,GCP,gcp-3001,gcp-resource-00511,Networking,Public IP,europe-west1,Infrastructure,Shared Services,DEV,181.27,GB,15.23,EUR
2026-01-18,Azure,az-2002,azure-resource-00512,Compute,Instance Hours,westeurope,Data Platform,Data Governance,prod,19.71,hours,6.84,EUR
2026-05-07,Azure,az-2002,azure-resource-00513,Database,Database Hours,northeurope,Customer Product,,Production,332.23,hours,210.56,EUR
2026-01-09,GCP,gcp-3001,gcp-resource-00514,Networking,Data Transfer,europe-north1,Security,Threat Monitoring,Test,275.58,GB,25.04,EUR
2026-06-30,Azure,az-2001,azure-resource-00515,Database,Read Operations,northeurope,Security,,Test,331.41,hours,125.72,EUR
2026-05-27,AWS,aws-1002,aws-resource-00516,Database,Read Operations,eu-west-1,Security,Threat Monitoring,DEV,331.74,hours,122.57,EUR
2026-03-14,GCP,gcp-3001,gcp-resource-00517,Compute,Instance Hours,europe-west1,Security,Threat Monitoring,Test,339.86,hours,66.07,EUR
2026-04-08,GCP,gcp-3001,gcp-resource-00518,Compute,CPU Hours,europe-north1,Customer Product,Mobile Application,Production,383.77,hours,129.01,EUR
2026-06-26,Azure,az-2001,azure-resource-00519,Networking,Public IP,westeurope,Infrastructure,Cloud Migration,test,159.49,GB,11.17,EUR
2026-03-10,Azure,az-2001,azure-resource-00520,Storage,Disk Storage,westeurope,,Data Governance,DEV,286.18,GB,9.62,EUR
2026-05-08,Azure,az-2002,azure-resource-00521,Networking,Data Transfer,northeurope,Security,Threat Monitoring,Production,346.98,GB,45.56,EUR
2026-03-15,Azure,az-2002,azure-resource-00522,Networking,Data Transfer,northeurope,Customer Product,Mobile Application,Production,420.99,GB,61.27,EUR
2026-05-16,GCP,gcp-3001,gcp-resource-00523,Networking,Public IP,europe-west1,Customer Product,Customer Portal,Test,171.73,GB,11.95,EUR
2026-05-12,Azure,az-2002,azure-resource-00524,Compute,Instance Hours,westeurope,Infrastructure,Shared Services,prod,210.09,hours,62.99,EUR
2026-06-07,GCP,gcp-3001,gcp-resource-00525,Storage,Object Storage,europe-west1,Security,Identity Platform,DEV,137.63,GB,4.3,EUR
2026-01-17,Azure,az-2001,azure-resource-00526,Networking,Public IP,northeurope,Customer Product,Customer Portal,Development,422.84,GB,32.92,EUR
2026-03-21,Azure,az-2002,azure-resource-00527,Storage,Disk Storage,northeurope,Infrastructure,Cloud Migration,prod,18.71,GB,1.1,EUR
2026-01-11,Azure,az-2002,azure-resource-00528,Compute,Instance Hours,westeurope,Customer Product,,Development,331.04,hours,53.8,EUR
2026-04-12,AWS,aws-1001,aws-resource-00529,Database,Database Hours,eu-west-1,Infrastructure,Cloud Migration,Development,337.48,hours,131.79,EUR
2026-05-30,GCP,gcp-3001,gcp-resource-00530,Compute,Instance Hours,europe-north1,Infrastructure,Shared Services,Production,387.73,hours,118.59,EUR
2026-05-06,AWS,aws-1002,aws-resource-00531,Storage,Object Storage,eu-central-1,Data Platform,Analytics Platform,DEV,130.88,GB,4.03,EUR
2026-03-20,GCP,gcp-3001,gcp-resource-00532,Networking,Data Transfer,europe-west1,Security,Identity Platform,prod,184.68,GB,28.31,EUR
2026-05-17,GCP,gcp-3001,gcp-resource-00533,Storage,Disk Storage,europe-north1,Infrastructure,Shared Services,Development,452.06,GB,14.32,EUR
2026-02-11,AWS,aws-1002,aws-resource-00534,Networking,Public IP,eu-central-1,Infrastructure,Shared Services,prod,152.22,GB,24.28,EUR
2026-01-26,AWS,aws-1001,aws-resource-00535,Database,Read Operations,eu-west-1,Data Platform,Data Governance,Development,360.11,hours,140.28,EUR
2026-06-14,Azure,az-2001,azure-resource-00536,Networking,Data Transfer,northeurope,Infrastructure,Shared Services,test,322.59,GB,26.81,EUR
2026-02-03,AWS,aws-1002,aws-resource-00537,Database,Read Operations,eu-central-1,Infrastructure,Cloud Migration,test,484.98,hours,186.58,EUR
2026-02-16,Azure,az-2002,azure-resource-00538,Storage,Disk Storage,westeurope,Infrastructure,Cloud Migration,Development,103.34,GB,3.02,EUR
2026-06-08,AWS,aws-1002,aws-resource-00539,Compute,CPU Hours,eu-west-1,Customer Product,Customer Portal,test,426.66,hours,66.43,EUR
2026-02-27,AWS,aws-1001,aws-resource-00540,Database,Database Hours,eu-central-1,,Customer Portal,DEV,414.49,hours,144.82,EUR
2026-06-23,Azure,az-2001,azure-resource-00541,Networking,Public IP,westeurope,Security,Identity Platform,prod,497.63,GB,66.99,EUR
2026-06-25,Azure,az-2002,azure-resource-00542,Storage,Object Storage,westeurope,Data Platform,Data Governance,DEV,454.13,GB,13.09,EUR
2026-01-19,Azure,az-2001,azure-resource-00543,Storage,Object Storage,westeurope,Infrastructure,Shared Services,test,214.53,GB,6.62,EUR
2026-01-02,Azure,az-2002,azure-resource-00544,Storage,Disk Storage,northeurope,Security,Threat Monitoring,Test,356.24,GB,11.68,EUR
2026-04-30,Azure,az-2001,azure-resource-00545,Database,Database Hours,northeurope,Customer Product,Customer Portal,Test,248.96,hours,82.93,EUR
2026-03-13,GCP,gcp-3001,gcp-resource-00546,Networking,Public IP,europe-north1,Customer Product,,prod,252.11,GB,41.46,EUR
2026-06-18,Azure,az-2002,azure-resource-00547,Database,Database Hours,westeurope,Infrastructure,Shared Services,DEV,383.02,hours,120.03,EUR
2026-05-07,AWS,aws-1001,aws-resource-00548,Compute,CPU Hours,eu-central-1,,Customer Portal,test,236.23,hours,37.62,EUR
2026-03-14,GCP,gcp-3001,gcp-resource-00549,Networking,Data Transfer,europe-north1,Security,Threat Monitoring,prod,66.21,GB,8.37,EUR
2026-01-07,GCP,gcp-3001,gcp-resource-00550,Storage,Object Storage,europe-north1,Data Platform,,DEV,340.07,GB,11.39,EUR
2026-03-10,Azure,az-2001,azure-resource-00551,Compute,CPU Hours,westeurope,,Cloud Migration,test,331.47,hours,58.84,EUR
2026-01-19,GCP,gcp-3001,gcp-resource-00552,Networking,Data Transfer,europe-north1,Infrastructure,,test,145.06,GB,12.64,EUR
2026-06-15,Azure,az-2001,azure-resource-00553,Storage,Object Storage,northeurope,Customer Product,Mobile Application,prod,197.31,GB,10.34,EUR
2026-04-10,Azure,az-2002,azure-resource-00554,Networking,Public IP,northeurope,Infrastructure,,Development,258.76,GB,20.64,EUR
2026-06-23,AWS,aws-1001,aws-resource-00555,Networking,Data Transfer,eu-central-1,Infrastructure,Cloud Migration,Production,259.1,GB,42.61,EUR
2026-06-25,GCP,gcp-3001,gcp-resource-00556,Compute,Instance Hours,europe-north1,Infrastructure,Shared Services,DEV,153.69,hours,31.68,EUR
2026-05-26,Azure,az-2002,azure-resource-00557,Compute,CPU Hours,northeurope,Data Platform,Analytics Platform,DEV,51.77,hours,9.77,EUR
2026-04-17,GCP,gcp-3001,gcp-resource-00558,Compute,CPU Hours,europe-north1,Data Platform,Analytics Platform,prod,422.24,hours,118.14,EUR
2026-06-04,GCP,gcp-3001,gcp-resource-00559,Networking,Data Transfer,europe-north1,Infrastructure,Shared Services,prod,109.48,GB,13.77,EUR
2026-06-18,GCP,gcp-3001,gcp-resource-00560,Compute,CPU Hours,europe-north1,Data Platform,Data Governance,DEV,232.78,hours,40.71,EUR
2026-02-18,GCP,gcp-3001,gcp-resource-00561,Networking,Data Transfer,europe-north1,Infrastructure,,Production,408.9,GB,62.34,EUR
2026-04-29,GCP,gcp-3001,gcp-resource-00562,Storage,Disk Storage,europe-north1,Customer Product,Mobile Application,Test,99.5,GB,2.81,EUR
2026-05-30,AWS,aws-1001,aws-resource-00563,Compute,Instance Hours,eu-central-1,Customer Product,Customer Portal,DEV,238.39,hours,47.54,EUR
2026-05-07,GCP,gcp-3001,gcp-resource-00564,Networking,Data Transfer,europe-north1,,Data Governance,test,218.74,GB,17.06,EUR
2026-03-10,Azure,az-2002,azure-resource-00565,Networking,Public IP,westeurope,Security,Identity Platform,DEV,290.32,GB,23.6,EUR
2026-05-10,Azure,az-2001,azure-resource-00566,Database,Read Operations,northeurope,,Threat Monitoring,prod,237.27,hours,146.7,EUR
2026-02-11,AWS,aws-1001,aws-resource-00567,Database,Read Operations,eu-west-1,Security,Threat Monitoring,test,183.33,hours,63.63,EUR
2026-05-07,GCP,gcp-3001,gcp-resource-00568,Networking,Data Transfer,europe-west1,Customer Product,Customer Portal,Production,397.77,GB,64.89,EUR
2026-05-09,GCP,gcp-3001,gcp-resource-00569,Compute,Instance Hours,europe-north1,Data Platform,Data Governance,prod,91.48,hours,32.84,EUR
2026-05-23,Azure,az-2002,azure-resource-00570,Compute,Instance Hours,westeurope,Customer Product,Customer Portal,Development,393.52,hours,76.56,EUR
2026-01-27,GCP,gcp-3001,gcp-resource-00571,Compute,Instance Hours,europe-west1,Security,Threat Monitoring,Production,391.92,hours,131.16,EUR
2026-01-26,GCP,gcp-3001,gcp-resource-00572,Compute,CPU Hours,europe-north1,Customer Product,Mobile Application,DEV,382.17,hours,68.76,EUR
2026-03-29,AWS,aws-1002,aws-resource-00573,Compute,Instance Hours,eu-west-1,Customer Product,Mobile Application,Production,126.43,hours,44.76,EUR
2026-04-20,Azure,az-2002,azure-resource-00574,Database,Read Operations,northeurope,Security,Threat Monitoring,Test,213.75,hours,68.71,EUR
2026-03-22,GCP,gcp-3001,gcp-resource-00575,Database,Database Hours,europe-north1,Data Platform,,Test,472.1,hours,144.65,EUR
2026-05-14,AWS,aws-1002,aws-resource-00576,Networking,Public IP,eu-central-1,Data Platform,,test,490.12,GB,42.73,EUR
2026-04-14,GCP,gcp-3001,gcp-resource-00577,Database,Database Hours,europe-north1,,Shared Services,Test,307.15,hours,96.11,EUR
2026-02-02,GCP,gcp-3001,gcp-resource-00578,Database,Database Hours,europe-west1,Security,,Test,170.57,hours,63.73,EUR
2026-03-19,GCP,gcp-3001,gcp-resource-00579,Database,Database Hours,europe-west1,,Cloud Migration,Test,298.29,hours,96.3,EUR
2026-01-02,Azure,az-2002,azure-resource-00580,Database,Read Operations,westeurope,,Cloud Migration,Production,227.12,hours,146.19,EUR
2026-04-07,GCP,gcp-3001,gcp-resource-00581,Storage,Object Storage,europe-north1,Infrastructure,Shared Services,test,288.52,GB,7.72,EUR
2026-02-03,GCP,gcp-3001,gcp-resource-00582,Storage,Object Storage,europe-north1,Infrastructure,Shared Services,DEV,45.56,GB,1.19,EUR
2026-05-06,AWS,aws-1002,aws-resource-00583,Database,Database Hours,eu-west-1,Security,Threat Monitoring,test,214.59,hours,73.76,EUR
2026-05-02,GCP,gcp-3001,gcp-resource-00584,Storage,Object Storage,europe-north1,Security,Threat Monitoring,Test,63.44,GB,1.74,EUR
2026-04-06,AWS,aws-1002,aws-resource-00585,Networking,Public IP,eu-central-1,Data Platform,Analytics Platform,Test,80.89,GB,6.22,EUR
2026-05-06,AWS,aws-1001,aws-resource-00586,Storage,Object Storage,eu-central-1,,Mobile Application,Development,111.71,GB,3.67,EUR
2026-06-05,AWS,aws-1001,aws-resource-00587,Compute,Instance Hours,eu-central-1,Security,Threat Monitoring,Development,391.77,hours,69.99,EUR
2026-04-12,Azure,az-2002,azure-resource-00588,Networking,Data Transfer,northeurope,Customer Product,Mobile Application,Test,207.77,GB,15.29,EUR
2026-06-14,GCP,gcp-3001,gcp-resource-00589,Database,Database Hours,europe-west1,Data Platform,Analytics Platform,test,157.88,hours,57.66,EUR
2026-02-22,GCP,gcp-3001,gcp-resource-00590,Storage,Disk Storage,europe-west1,Security,Identity Platform,prod,481.38,GB,24.24,EUR
2026-05-16,GCP,gcp-3001,gcp-resource-00591,Database,Read Operations,europe-north1,Security,Identity Platform,Development,221.32,hours,75.49,EUR
2026-06-23,AWS,aws-1001,aws-resource-00592,Compute,Instance Hours,eu-central-1,Data Platform,Analytics Platform,Production,81.34,hours,29.93,EUR
2026-01-31,AWS,aws-1001,aws-resource-00593,Compute,Instance Hours,eu-west-1,Data Platform,Data Governance,DEV,447.04,hours,74.62,EUR
2026-05-04,GCP,gcp-3001,gcp-resource-00594,Storage,Disk Storage,europe-west1,Security,Threat Monitoring,Development,235.09,GB,6.86,EUR
2026-01-22,AWS,aws-1001,aws-resource-00595,Database,Database Hours,eu-central-1,Data Platform,Analytics Platform,prod,155.78,hours,95.4,EUR
2026-06-08,GCP,gcp-3001,gcp-resource-00596,Storage,Object Storage,europe-west1,Customer Product,Mobile Application,Production,5.5,GB,0.29,EUR
2026-05-11,AWS,aws-1002,aws-resource-00597,Networking,Data Transfer,eu-west-1,Infrastructure,Shared Services,Development,422.01,GB,30.85,EUR
2026-04-21,GCP,gcp-3001,gcp-resource-00598,Compute,CPU Hours,europe-north1,Infrastructure,Cloud Migration,prod,363.91,hours,135.55,EUR
2026-03-26,GCP,gcp-3001,gcp-resource-00599,Database,Database Hours,europe-west1,Security,Threat Monitoring,Development,109.26,hours,43.51,EUR
2026-05-18,GCP,gcp-3001,gcp-resource-00600,Networking,Data Transfer,europe-west1,Data Platform,Analytics Platform,test,353.13,GB,30.47,EUR
2026-06-28,GCP,gcp-3001,gcp-resource-00601,Networking,Data Transfer,europe-north1,Data Platform,Data Governance,Test,182.19,GB,13.16,EUR
2026-02-19,Azure,az-2001,azure-resource-00602,Storage,Disk Storage,westeurope,Security,,Development,341.87,GB,10.9,EUR
2026-06-13,AWS,aws-1002,aws-resource-00603,Networking,Data Transfer,eu-central-1,Infrastructure,Cloud Migration,test,304.98,GB,20.79,EUR
2026-05-31,GCP,gcp-3001,gcp-resource-00604,Networking,Data Transfer,europe-west1,Customer Product,Customer Portal,test,303.47,GB,21.91,EUR
2026-06-24,Azure,az-2002,azure-resource-00605,Storage,Object Storage,northeurope,Infrastructure,,test,340.48,GB,10.57,EUR
2026-04-03,GCP,gcp-3001,gcp-resource-00606,Compute,Instance Hours,europe-west1,Infrastructure,Shared Services,Production,341.69,hours,109.6,EUR
2026-02-27,Azure,az-2002,azure-resource-00607,Networking,Data Transfer,westeurope,,Threat Monitoring,Production,440.65,GB,69.31,EUR
2026-06-01,AWS,aws-1002,aws-resource-00608,Storage,Disk Storage,eu-west-1,,Shared Services,Production,242.58,GB,14.31,EUR
2026-06-03,AWS,aws-1002,aws-resource-00609,Networking,Data Transfer,eu-central-1,Customer Product,Mobile Application,Test,398.09,GB,36.08,EUR
2026-04-24,GCP,gcp-3001,gcp-resource-00610,Compute,CPU Hours,europe-north1,Data Platform,Analytics Platform,test,37.19,hours,5.95,EUR
2026-06-03,AWS,aws-1001,aws-resource-00611,Compute,CPU Hours,eu-central-1,Data Platform,Analytics Platform,Production,310.56,hours,97.94,EUR
2026-02-19,Azure,az-2001,azure-resource-00612,Networking,Data Transfer,westeurope,Data Platform,Data Governance,Production,229.77,GB,31.38,EUR
2026-02-17,GCP,gcp-3001,gcp-resource-00613,Compute,Instance Hours,europe-west1,Customer Product,Customer Portal,DEV,243.29,hours,45.38,EUR
2026-02-07,AWS,aws-1001,aws-resource-00614,Storage,Disk Storage,eu-central-1,Infrastructure,Shared Services,Development,159.04,GB,5.32,EUR
2026-05-10,GCP,gcp-3001,gcp-resource-00615,Database,Read Operations,europe-north1,Infrastructure,Shared Services,test,340.76,hours,103.43,EUR
2026-06-27,AWS,aws-1002,aws-resource-00616,Storage,Disk Storage,eu-central-1,Customer Product,Customer Portal,test,347.46,GB,10.32,EUR
2026-06-13,Azure,az-2001,azure-resource-00617,Database,Database Hours,northeurope,Customer Product,Customer Portal,Production,250.49,hours,177.69,EUR
2026-04-13,GCP,gcp-3001,gcp-resource-00618,Storage,Object Storage,europe-north1,Customer Product,Mobile Application,Development,404.6,GB,11.69,EUR
2026-04-03,AWS,aws-1001,aws-resource-00619,Compute,Instance Hours,eu-west-1,Infrastructure,Cloud Migration,DEV,101.23,hours,18.69,EUR
2026-02-20,AWS,aws-1001,aws-resource-00620,Database,Database Hours,eu-central-1,Customer Product,Customer Portal,Development,424.53,hours,137.26,EUR
2026-03-03,AWS,aws-1002,aws-resource-00621,Compute,CPU Hours,eu-west-1,Customer Product,Mobile Application,Development,468.38,hours,79.38,EUR
2026-04-06,GCP,gcp-3001,gcp-resource-00622,Networking,Public IP,europe-west1,Data Platform,Analytics Platform,prod,99.88,GB,13.86,EUR
2026-05-30,AWS,aws-1002,aws-resource-00623,Storage,Object Storage,eu-west-1,Infrastructure,,Development,437.06,GB,14.49,EUR
2026-02-15,Azure,az-2002,azure-resource-00624,Compute,CPU Hours,northeurope,Customer Product,Mobile Application,Test,190.26,hours,34.44,EUR
2026-02-21,GCP,gcp-3001,gcp-resource-00625,Networking,Data Transfer,europe-north1,Security,Threat Monitoring,Test,326.62,GB,23.83,EUR
2026-01-22,AWS,aws-1002,aws-resource-00626,Database,Read Operations,eu-central-1,Security,Threat Monitoring,Development,130.99,hours,40.14,EUR
2026-03-11,AWS,aws-1002,aws-resource-00627,Compute,Instance Hours,eu-west-1,Security,Threat Monitoring,DEV,186.92,hours,33.62,EUR
2026-03-12,Azure,az-2001,azure-resource-00628,Storage,Object Storage,westeurope,Infrastructure,,Test,258.83,GB,8.1,EUR
2026-06-24,AWS,aws-1002,aws-resource-00629,Database,Database Hours,eu-west-1,Data Platform,Analytics Platform,Development,154.84,hours,59.32,EUR
2026-06-17,GCP,gcp-3001,gcp-resource-00630,Database,Read Operations,europe-west1,Data Platform,Data Governance,DEV,473.18,hours,181.6,EUR
2026-04-29,Azure,az-2002,azure-resource-00631,Storage,Object Storage,northeurope,Customer Product,Customer Portal,Test,380.02,GB,12.16,EUR
2026-02-02,AWS,aws-1002,aws-resource-00632,Networking,Data Transfer,eu-central-1,Security,Identity Platform,Production,190.48,GB,28.07,EUR
2026-03-18,GCP,gcp-3001,gcp-resource-00633,Database,Database Hours,europe-west1,Infrastructure,Cloud Migration,DEV,382.61,hours,141.57,EUR
2026-05-02,AWS,aws-1001,aws-resource-00634,Storage,Disk Storage,eu-central-1,Infrastructure,Shared Services,DEV,36.54,GB,1.06,EUR
2026-01-07,GCP,gcp-3001,gcp-resource-00635,Database,Database Hours,europe-west1,Data Platform,Analytics Platform,Production,414.11,hours,268.98,EUR
2026-02-13,Azure,az-2002,azure-resource-00636,Database,Read Operations,northeurope,Customer Product,Customer Portal,DEV,33.44,hours,11.77,EUR
2026-04-21,AWS,aws-1002,aws-resource-00637,Compute,Instance Hours,eu-central-1,Customer Product,,prod,69.32,hours,20.48,EUR
2026-03-05,GCP,gcp-3001,gcp-resource-00638,Storage,Disk Storage,europe-north1,Security,Threat Monitoring,DEV,36.67,GB,1.07,EUR
2026-03-18,Azure,az-2002,azure-resource-00639,Compute,Instance Hours,northeurope,Data Platform,Data Governance,Development,351.66,hours,67.32,EUR
2026-01-12,AWS,aws-1001,aws-resource-00640,Storage,Object Storage,eu-central-1,Security,Threat Monitoring,test,286.46,GB,8.32,EUR
2026-01-27,GCP,gcp-3001,gcp-resource-00641,Database,Read Operations,europe-north1,Data Platform,Analytics Platform,Test,65.01,hours,21.86,EUR
2026-03-29,AWS,aws-1002,aws-resource-00642,Database,Database Hours,eu-central-1,Customer Product,,test,339.43,hours,117.44,EUR
2026-01-18,AWS,aws-1001,aws-resource-00643,Compute,Instance Hours,eu-central-1,Infrastructure,Cloud Migration,test,375.59,hours,67.3,EUR
2026-04-11,AWS,aws-1001,aws-resource-00644,Networking,Data Transfer,eu-west-1,Infrastructure,,Production,92.73,GB,11.85,EUR
2026-04-24,GCP,gcp-3001,gcp-resource-00645,Database,Database Hours,europe-north1,Customer Product,Mobile Application,Production,446.88,hours,284.26,EUR
2026-04-06,GCP,gcp-3001,gcp-resource-00646,Database,Database Hours,europe-west1,Security,,DEV,384.72,hours,151.97,EUR
2026-01-25,AWS,aws-1001,aws-resource-00647,Networking,Data Transfer,eu-west-1,Data Platform,Analytics Platform,test,36.27,GB,3.3,EUR
2026-04-20,Azure,az-2001,azure-resource-00648,Compute,Instance Hours,westeurope,Infrastructure,Shared Services,prod,467.49,hours,146.7,EUR
2026-01-17,AWS,aws-1002,aws-resource-00649,Database,Read Operations,eu-west-1,,Cloud Migration,Production,197.65,hours,122.98,EUR
2026-05-26,AWS,aws-1001,aws-resource-00650,Storage,Disk Storage,eu-west-1,Security,Threat Monitoring,Production,357.7,GB,21.0,EUR
2026-05-04,GCP,gcp-3001,gcp-resource-00651,Database,Read Operations,europe-west1,Security,Identity Platform,test,162.39,hours,62.83,EUR
2026-02-01,GCP,gcp-3001,gcp-resource-00652,Networking,Data Transfer,europe-north1,Security,Identity Platform,Production,120.14,GB,17.9,EUR
2026-03-02,AWS,aws-1002,aws-resource-00653,Compute,CPU Hours,eu-west-1,Data Platform,Analytics Platform,prod,191.0,hours,64.52,EUR
2026-03-29,Azure,az-2001,azure-resource-00654,Database,Database Hours,westeurope,Data Platform,Data Governance,Production,118.36,hours,79.78,EUR
2026-01-18,GCP,gcp-3001,gcp-resource-00655,Storage,Object Storage,europe-west1,Customer Product,Mobile Application,test,7.99,GB,0.27,EUR
2026-04-30,AWS,aws-1002,aws-resource-00656,Storage,Object Storage,eu-west-1,Data Platform,Analytics Platform,prod,121.97,GB,5.75,EUR
2026-05-04,AWS,aws-1001,aws-resource-00657,Networking,Public IP,eu-central-1,Customer Product,Customer Portal,test,104.69,GB,9.29,EUR
2026-05-04,Azure,az-2001,azure-resource-00658,Storage,Disk Storage,northeurope,Security,Threat Monitoring,DEV,381.36,GB,12.54,EUR
2026-05-04,AWS,aws-1001,aws-resource-00659,Database,Read Operations,eu-west-1,Customer Product,Customer Portal,DEV,145.2,hours,51.77,EUR
2026-04-14,GCP,gcp-3001,gcp-resource-00660,Networking,Public IP,europe-north1,Customer Product,,Test,366.53,GB,28.22,EUR
2026-02-19,Azure,az-2002,azure-resource-00661,Networking,Public IP,northeurope,Infrastructure,,Production,195.49,GB,28.7,EUR
2026-04-03,GCP,gcp-3001,gcp-resource-00662,Networking,Data Transfer,europe-north1,Infrastructure,Cloud Migration,test,127.16,GB,10.1,EUR
2026-01-24,GCP,gcp-3001,gcp-resource-00663,Networking,Public IP,europe-west1,Customer Product,Mobile Application,test,421.55,GB,28.79,EUR
2026-04-08,GCP,gcp-3001,gcp-resource-00664,Storage,Disk Storage,europe-west1,Security,Identity Platform,Development,252.82,GB,7.66,EUR
2026-02-13,AWS,aws-1002,aws-resource-00665,Database,Database Hours,eu-west-1,Customer Product,Mobile Application,DEV,351.01,hours,104.66,EUR
2026-05-05,AWS,aws-1001,aws-resource-00666,Networking,Data Transfer,eu-central-1,Security,Threat Monitoring,Development,97.27,GB,6.93,EUR
2026-04-15,GCP,gcp-3001,gcp-resource-00667,Storage,Object Storage,europe-west1,,Customer Portal,prod,133.38,GB,8.07,EUR
2026-06-22,AWS,aws-1001,aws-resource-00668,Database,Database Hours,eu-west-1,Data Platform,,Production,294.89,hours,184.55,EUR
2026-03-10,Azure,az-2002,azure-resource-00669,Compute,CPU Hours,northeurope,Data Platform,Analytics Platform,DEV,303.48,hours,62.61,EUR
2026-06-20,GCP,gcp-3001,gcp-resource-00670,Networking,Public IP,europe-west1,Infrastructure,Shared Services,Development,409.34,GB,37.08,EUR
2026-01-07,Azure,az-2001,azure-resource-00671,Database,Read Operations,westeurope,Data Platform,Analytics Platform,test,418.53,hours,165.16,EUR
2026-01-05,Azure,az-2002,azure-resource-00672,Networking,Data Transfer,northeurope,Security,,test,478.99,GB,41.91,EUR
2026-05-02,GCP,gcp-3001,gcp-resource-00673,Networking,Public IP,europe-north1,Customer Product,Mobile Application,Production,177.43,GB,28.92,EUR
2026-04-30,GCP,gcp-3001,gcp-resource-00674,Storage,Disk Storage,europe-west1,Customer Product,Customer Portal,Development,417.02,GB,14.37,EUR
2026-01-08,Azure,az-2001,azure-resource-00675,Storage,Disk Storage,northeurope,Customer Product,Customer Portal,test,49.27,GB,1.45,EUR
2026-05-06,Azure,az-2001,azure-resource-00676,Storage,Disk Storage,westeurope,Infrastructure,Shared Services,test,72.2,GB,2.19,EUR
2026-05-24,GCP,gcp-3001,gcp-resource-00677,Compute,Instance Hours,europe-west1,Infrastructure,Shared Services,test,193.92,hours,36.39,EUR
2026-01-30,Azure,az-2002,azure-resource-00678,Compute,Instance Hours,northeurope,Infrastructure,Cloud Migration,Test,468.92,hours,90.6,EUR
2026-04-04,Azure,az-2001,azure-resource-00679,Compute,Instance Hours,westeurope,Infrastructure,Cloud Migration,DEV,490.03,hours,83.43,EUR
2026-06-03,Azure,az-2002,azure-resource-00680,Compute,Instance Hours,westeurope,Security,Threat Monitoring,prod,252.42,hours,80.7,EUR
2026-05-07,GCP,gcp-3001,gcp-resource-00681,Database,Read Operations,europe-west1,Infrastructure,Cloud Migration,Test,241.75,hours,92.96,EUR
2026-03-18,Azure,az-2001,azure-resource-00682,Storage,Object Storage,northeurope,Customer Product,,prod,429.11,GB,24.75,EUR
2026-02-19,Azure,az-2002,azure-resource-00683,Networking,Data Transfer,westeurope,Security,Threat Monitoring,Test,364.74,GB,27.27,EUR
2026-02-07,Azure,az-2001,azure-resource-00684,Compute,Instance Hours,westeurope,Infrastructure,Shared Services,DEV,349.5,hours,58.97,EUR
2026-06-23,GCP,gcp-3001,gcp-resource-00685,Compute,Instance Hours,europe-west1,Infrastructure,Cloud Migration,prod,191.4,hours,70.99,EUR
2026-06-10,Azure,az-2002,azure-resource-00686,Networking,Data Transfer,westeurope,Customer Product,Customer Portal,Development,298.73,GB,27.27,EUR
2026-06-27,AWS,aws-1001,aws-resource-00687,Storage,Disk Storage,eu-central-1,Security,Threat Monitoring,prod,328.13,GB,17.06,EUR
2026-02-27,Azure,az-2001,azure-resource-00688,Networking,Public IP,northeurope,Infrastructure,,DEV,322.5,GB,28.96,EUR
2026-03-25,GCP,gcp-3001,gcp-resource-00689,Compute,Instance Hours,europe-north1,Customer Product,Mobile Application,DEV,152.69,hours,24.39,EUR
2026-02-01,GCP,gcp-3001,gcp-resource-00690,Compute,Instance Hours,europe-west1,,Threat Monitoring,Test,358.31,hours,70.11,EUR
2026-01-23,GCP,gcp-3001,gcp-resource-00691,Storage,Object Storage,europe-west1,Data Platform,Data Governance,prod,289.67,GB,16.36,EUR
2026-05-13,AWS,aws-1002,aws-resource-00692,Database,Read Operations,eu-west-1,Infrastructure,Cloud Migration,Production,127.93,hours,69.62,EUR
2026-03-02,GCP,gcp-3001,gcp-resource-00693,Networking,Data Transfer,europe-west1,Infrastructure,Shared Services,test,54.01,GB,4.74,EUR
2026-03-07,Azure,az-2002,azure-resource-00694,Storage,Disk Storage,westeurope,Customer Product,Customer Portal,test,313.04,GB,8.19,EUR
2026-03-10,Azure,az-2001,azure-resource-00695,Networking,Public IP,westeurope,Data Platform,Data Governance,prod,270.27,GB,33.9,EUR
2026-01-29,Azure,az-2002,azure-resource-00696,Storage,Object Storage,northeurope,Infrastructure,Shared Services,prod,43.37,GB,2.08,EUR
2026-02-26,GCP,gcp-3001,gcp-resource-00697,Compute,Instance Hours,europe-west1,Infrastructure,Shared Services,prod,140.46,hours,40.02,EUR
2026-01-13,AWS,aws-1001,aws-resource-00698,Database,Read Operations,eu-central-1,Security,Identity Platform,Development,278.01,hours,100.44,EUR
2026-02-02,AWS,aws-1001,aws-resource-00699,Database,Read Operations,eu-central-1,Security,Threat Monitoring,test,259.21,hours,81.35,EUR
2026-03-12,AWS,aws-1002,aws-resource-00700,Database,Database Hours,eu-central-1,Customer Product,Mobile Application,Development,400.24,hours,140.18,EUR
2026-01-24,GCP,gcp-3001,gcp-resource-00701,Compute,Instance Hours,europe-west1,Infrastructure,Shared Services,test,44.34,hours,8.53,EUR
2026-05-08,GCP,gcp-3001,gcp-resource-00702,Database,Read Operations,europe-west1,Security,Identity Platform,Test,466.56,hours,145.49,EUR
2026-05-16,GCP,gcp-3001,gcp-resource-00703,Storage,Disk Storage,europe-west1,Data Platform,Data Governance,prod,497.14,GB,28.14,EUR
2026-04-08,GCP,gcp-3001,gcp-resource-00704,Storage,Disk Storage,europe-west1,Customer Product,Customer Portal,Development,476.48,GB,13.96,EUR
2026-04-11,Azure,az-2001,azure-resource-00705,Storage,Disk Storage,westeurope,Data Platform,Data Governance,prod,6.11,GB,0.34,EUR
2026-02-17,Azure,az-2002,azure-resource-00706,Networking,Public IP,westeurope,,Data Governance,Development,180.18,GB,12.27,EUR
2026-01-02,AWS,aws-1001,aws-resource-00707,Networking,Public IP,eu-west-1,Security,Identity Platform,prod,208.31,GB,33.71,EUR
2026-04-23,Azure,az-2002,azure-resource-00708,Networking,Data Transfer,westeurope,Infrastructure,Shared Services,Test,406.71,GB,28.72,EUR
2026-04-12,Azure,az-2002,azure-resource-00709,Networking,Public IP,westeurope,Data Platform,Data Governance,Production,98.84,GB,12.27,EUR
2026-03-25,AWS,aws-1002,aws-resource-00710,Storage,Disk Storage,eu-west-1,Security,Threat Monitoring,DEV,400.91,GB,12.8,EUR
2026-03-29,AWS,aws-1002,aws-resource-00711,Compute,Instance Hours,eu-central-1,Data Platform,Analytics Platform,test,122.07,hours,23.15,EUR
2026-03-05,Azure,az-2002,azure-resource-00712,Database,Database Hours,northeurope,Infrastructure,Shared Services,Test,80.49,hours,28.27,EUR
2026-02-16,GCP,gcp-3001,gcp-resource-00713,Storage,Object Storage,europe-west1,Security,Identity Platform,Production,352.07,GB,19.03,EUR
2026-01-24,AWS,aws-1001,aws-resource-00714,Storage,Disk Storage,eu-central-1,Security,Identity Platform,prod,216.02,GB,12.07,EUR
2026-01-29,GCP,gcp-3001,gcp-resource-00715,Database,Read Operations,europe-north1,Customer Product,Customer Portal,Test,216.4,hours,65.55,EUR
2026-02-24,Azure,az-2002,azure-resource-00716,Networking,Public IP,northeurope,Customer Product,Mobile Application,Production,30.8,GB,4.76,EUR
2026-01-04,GCP,gcp-3001,gcp-resource-00717,Compute,CPU Hours,europe-north1,Security,Identity Platform,Development,155.66,hours,24.63,EUR
2026-06-11,GCP,gcp-3001,gcp-resource-00718,Database,Database Hours,europe-west1,Infrastructure,Cloud Migration,DEV,48.18,hours,14.87,EUR
2026-02-21,AWS,aws-1001,aws-resource-00719,Networking,Data Transfer,eu-west-1,Data Platform,Analytics Platform,Development,364.05,GB,33.4,EUR
2026-05-04,AWS,aws-1002,aws-resource-00720,Networking,Data Transfer,eu-west-1,Infrastructure,Shared Services,test,63.13,GB,4.95,EUR
2026-05-07,GCP,gcp-3001,gcp-resource-00721,Database,Database Hours,europe-north1,,Mobile Application,test,99.14,hours,37.97,EUR
2026-06-28,GCP,gcp-3001,gcp-resource-00722,Networking,Public IP,europe-north1,Security,Threat Monitoring,Production,84.2,GB,11.1,EUR
2026-06-13,Azure,az-2001,azure-resource-00723,Storage,Disk Storage,westeurope,Infrastructure,Shared Services,Production,269.12,GB,13.62,EUR
2026-03-25,Azure,az-2001,azure-resource-00724,Compute,CPU Hours,westeurope,Customer Product,,Development,318.18,hours,65.39,EUR
2026-02-15,Azure,az-2002,azure-resource-00725,Database,Database Hours,westeurope,Infrastructure,,Development,113.54,hours,45.29,EUR
2026-04-12,GCP,gcp-3001,gcp-resource-00726,Networking,Public IP,europe-west1,Infrastructure,Cloud Migration,Development,105.94,GB,8.81,EUR
2026-02-15,GCP,gcp-3001,gcp-resource-00727,Networking,Public IP,europe-west1,Infrastructure,,prod,232.4,GB,36.63,EUR
2026-02-06,GCP,gcp-3001,gcp-resource-00728,Database,Read Operations,europe-west1,Data Platform,Data Governance,DEV,345.25,hours,109.52,EUR
2026-01-29,Azure,az-2001,azure-resource-00729,Networking,Data Transfer,westeurope,Data Platform,Analytics Platform,Test,54.37,GB,4.2,EUR
2026-03-28,AWS,aws-1001,aws-resource-00730,Compute,Instance Hours,eu-west-1,Infrastructure,Cloud Migration,Production,479.02,hours,136.87,EUR
2026-05-20,Azure,az-2001,azure-resource-00731,Networking,Data Transfer,westeurope,Customer Product,Mobile Application,Production,274.05,GB,36.71,EUR
2026-04-01,AWS,aws-1002,aws-resource-00732,Database,Database Hours,eu-central-1,Data Platform,Data Governance,Production,117.2,hours,71.3,EUR
2026-01-31,GCP,gcp-3001,gcp-resource-00733,Compute,Instance Hours,europe-west1,Security,Identity Platform,Development,181.87,hours,33.87,EUR
2026-06-25,GCP,gcp-3001,gcp-resource-00734,Storage,Disk Storage,europe-north1,Customer Product,Mobile Application,test,215.5,GB,7.23,EUR
2026-02-08,AWS,aws-1001,aws-resource-00735,Database,Read Operations,eu-west-1,Security,Threat Monitoring,test,400.35,hours,152.27,EUR
2026-02-02,Azure,az-2001,azure-resource-00736,Networking,Public IP,northeurope,Security,Identity Platform,test,142.85,GB,10.02,EUR
2026-06-17,Azure,az-2001,azure-resource-00737,Networking,Public IP,northeurope,Security,Threat Monitoring,test,170.07,GB,14.84,EUR
2026-02-26,GCP,gcp-3001,gcp-resource-00738,Networking,Data Transfer,europe-north1,Security,Identity Platform,DEV,265.84,GB,23.03,EUR
2026-02-05,AWS,aws-1002,aws-resource-00739,Storage,Disk Storage,eu-west-1,Data Platform,Data Governance,Production,34.49,GB,1.78,EUR
2026-02-06,GCP,gcp-3001,gcp-resource-00740,Networking,Data Transfer,europe-north1,Customer Product,,prod,63.03,GB,9.61,EUR
2026-01-21,Azure,az-2001,azure-resource-00741,Compute,Instance Hours,westeurope,Data Platform,Analytics Platform,prod,19.94,hours,6.2,EUR
2026-04-16,GCP,gcp-3001,gcp-resource-00742,Networking,Public IP,europe-west1,Customer Product,Customer Portal,Test,350.79,GB,26.38,EUR
2026-04-19,Azure,az-2002,azure-resource-00743,Compute,CPU Hours,northeurope,Customer Product,,prod,254.13,hours,70.26,EUR
2026-02-24,GCP,gcp-3001,gcp-resource-00744,Storage,Object Storage,europe-west1,Security,,DEV,489.07,GB,13.02,EUR
2026-04-06,Azure,az-2002,azure-resource-00745,Storage,Object Storage,northeurope,Data Platform,Data Governance,DEV,414.49,GB,11.18,EUR
2026-01-28,AWS,aws-1001,aws-resource-00746,Compute,Instance Hours,eu-west-1,Data Platform,Data Governance,Production,123.57,hours,35.99,EUR
2026-05-04,Azure,az-2001,azure-resource-00747,Storage,Object Storage,northeurope,Customer Product,,Test,284.57,GB,8.7,EUR
2026-04-02,AWS,aws-1001,aws-resource-00748,Database,Database Hours,eu-central-1,Data Platform,Data Governance,Test,101.47,hours,38.2,EUR
2026-02-11,Azure,az-2001,azure-resource-00749,Compute,CPU Hours,westeurope,Customer Product,Customer Portal,Test,435.06,hours,67.44,EUR
2026-05-13,GCP,gcp-3001,gcp-resource-00750,Compute,CPU Hours,europe-west1,Customer Product,Customer Portal,test,84.72,hours,17.37,EUR
2026-06-06,Azure,az-2001,azure-resource-00751,Database,Database Hours,northeurope,,Shared Services,test,196.88,hours,62.89,EUR
2026-02-13,AWS,aws-1002,aws-resource-00752,Compute,Instance Hours,eu-west-1,Customer Product,Mobile Application,Production,251.96,hours,80.53,EUR
2026-03-07,Azure,az-2002,azure-resource-00753,Database,Database Hours,westeurope,,Cloud Migration,DEV,132.68,hours,46.07,EUR
2026-04-04,GCP,gcp-3001,gcp-resource-00754,Networking,Public IP,europe-west1,Data Platform,Data Governance,Test,458.98,GB,32.63,EUR
2026-03-04,GCP,gcp-3001,gcp-resource-00755,Networking,Data Transfer,europe-west1,Security,Threat Monitoring,Production,312.2,GB,46.9,EUR
2026-04-30,Azure,az-2002,azure-resource-00756,Networking,Data Transfer,westeurope,Customer Product,Mobile Application,DEV,336.23,GB,25.68,EUR
2026-02-24,AWS,aws-1002,aws-resource-00757,Compute,Instance Hours,eu-central-1,Security,Threat Monitoring,Development,174.5,hours,32.39,EUR
2026-04-08,Azure,az-2001,azure-resource-00758,Compute,CPU Hours,northeurope,Customer Product,Mobile Application,Test,20.51,hours,3.8,EUR
2026-02-15,Azure,az-2001,azure-resource-00759,Storage,Object Storage,westeurope,Data Platform,Analytics Platform,test,214.35,GB,5.95,EUR
2026-03-08,Azure,az-2001,azure-resource-00760,Networking,Data Transfer,westeurope,Data Platform,Data Governance,DEV,264.77,GB,22.26,EUR
2026-02-11,Azure,az-2002,azure-resource-00761,Database,Read Operations,northeurope,Infrastructure,Cloud Migration,DEV,240.37,hours,88.9,EUR
2026-03-23,AWS,aws-1001,aws-resource-00762,Storage,Object Storage,eu-central-1,Data Platform,Analytics Platform,test,372.7,GB,11.98,EUR
2026-04-26,AWS,aws-1001,aws-resource-00763,Networking,Public IP,eu-west-1,Infrastructure,Cloud Migration,Development,262.74,GB,17.89,EUR
2026-02-18,AWS,aws-1001,aws-resource-00764,Storage,Disk Storage,eu-central-1,Customer Product,Mobile Application,Test,191.89,GB,5.49,EUR
2026-05-19,AWS,aws-1002,aws-resource-00765,Database,Read Operations,eu-west-1,Infrastructure,Cloud Migration,DEV,209.96,hours,70.22,EUR
2026-06-18,AWS,aws-1002,aws-resource-00766,Networking,Public IP,eu-west-1,Security,Threat Monitoring,Test,220.76,GB,16.52,EUR
2026-05-20,AWS,aws-1001,aws-resource-00767,Compute,CPU Hours,eu-west-1,Data Platform,Analytics Platform,DEV,376.22,hours,70.24,EUR
2026-02-01,GCP,gcp-3001,gcp-resource-00768,Database,Read Operations,europe-north1,Security,Identity Platform,DEV,61.68,hours,23.9,EUR
2026-04-17,GCP,gcp-3001,gcp-resource-00769,Networking,Data Transfer,europe-north1,Data Platform,Data Governance,Development,440.41,GB,32.74,EUR
2026-03-27,AWS,aws-1001,aws-resource-00770,Compute,CPU Hours,eu-west-1,Data Platform,Analytics Platform,Test,410.92,hours,76.18,EUR
2026-04-10,GCP,gcp-3001,gcp-resource-00771,Networking,Public IP,europe-north1,Customer Product,Mobile Application,Test,217.41,GB,19.69,EUR
2026-04-11,GCP,gcp-3001,gcp-resource-00772,Storage,Object Storage,europe-north1,Security,Identity Platform,Test,63.59,GB,1.95,EUR
2026-05-20,AWS,aws-1001,aws-resource-00773,Compute,CPU Hours,eu-west-1,Data Platform,Analytics Platform,Test,80.76,hours,15.05,EUR
2026-03-04,GCP,gcp-3001,gcp-resource-00774,Storage,Disk Storage,europe-west1,Security,Threat Monitoring,prod,151.98,GB,8.29,EUR
2026-02-01,Azure,az-2001,azure-resource-00775,Compute,Instance Hours,northeurope,Customer Product,Customer Portal,Production,59.91,hours,21.9,EUR
2026-01-06,Azure,az-2002,azure-resource-00776,Storage,Object Storage,northeurope,Data Platform,Analytics Platform,prod,198.45,GB,10.69,EUR
2026-01-03,GCP,gcp-3001,gcp-resource-00777,Compute,Instance Hours,europe-west1,Customer Product,Mobile Application,DEV,405.23,hours,65.93,EUR
2026-01-06,Azure,az-2001,azure-resource-00778,Database,Database Hours,northeurope,Security,Identity Platform,Production,100.46,hours,54.36,EUR
2026-05-04,AWS,aws-1001,aws-resource-00779,Storage,Object Storage,eu-central-1,Data Platform,,test,470.22,GB,13.12,EUR
2026-03-13,GCP,gcp-3001,gcp-resource-00780,Database,Database Hours,europe-north1,Security,Threat Monitoring,prod,128.8,hours,73.79,EUR
2026-01-28,AWS,aws-1002,aws-resource-00781,Storage,Disk Storage,eu-west-1,Security,Threat Monitoring,test,139.48,GB,3.96,EUR
2026-06-04,GCP,gcp-3001,gcp-resource-00782,Database,Read Operations,europe-west1,Infrastructure,Cloud Migration,Test,130.27,hours,44.36,EUR
2026-02-07,AWS,aws-1002,aws-resource-00783,Storage,Object Storage,eu-west-1,Infrastructure,Shared Services,Production,111.52,GB,5.79,EUR
2026-06-04,Azure,az-2001,azure-resource-00784,Compute,Instance Hours,westeurope,Infrastructure,Cloud Migration,prod,283.01,hours,88.55,EUR
2026-05-07,GCP,gcp-3001,gcp-resource-00785,Database,Database Hours,europe-north1,Data Platform,Data Governance,Development,103.08,hours,31.2,EUR
2026-01-05,Azure,az-2001,azure-resource-00786,Compute,CPU Hours,northeurope,Data Platform,Data Governance,DEV,122.03,hours,18.81,EUR
2026-03-19,AWS,aws-1002,aws-resource-00787,Networking,Public IP,eu-central-1,Data Platform,,DEV,52.08,GB,4.54,EUR
2026-06-14,Azure,az-2001,azure-resource-00788,Compute,CPU Hours,westeurope,Infrastructure,Shared Services,test,492.06,hours,88.39,EUR
2026-01-23,AWS,aws-1001,aws-resource-00789,Storage,Disk Storage,eu-west-1,Data Platform,Analytics Platform,test,363.51,GB,10.01,EUR
2026-04-08,GCP,gcp-3001,gcp-resource-00790,Compute,Instance Hours,europe-west1,Infrastructure,Cloud Migration,Production,135.54,hours,46.39,EUR
2026-04-16,GCP,gcp-3001,gcp-resource-00791,Networking,Data Transfer,europe-west1,Data Platform,Analytics Platform,Test,444.46,GB,40.53,EUR
2026-01-22,GCP,gcp-3001,gcp-resource-00792,Networking,Data Transfer,europe-west1,Security,Threat Monitoring,prod,50.44,GB,7.84,EUR
2026-05-05,GCP,gcp-3001,gcp-resource-00793,Compute,CPU Hours,europe-west1,,,prod,236.73,hours,74.06,EUR
2026-04-04,GCP,gcp-3001,gcp-resource-00794,Database,Read Operations,europe-west1,Infrastructure,Shared Services,Production,457.49,hours,263.9,EUR
2026-01-28,Azure,az-2001,azure-resource-00795,Storage,Object Storage,westeurope,Data Platform,Data Governance,Test,325.95,GB,8.74,EUR
2026-01-22,Azure,az-2002,azure-resource-00796,Storage,Disk Storage,westeurope,Infrastructure,Cloud Migration,Development,136.46,GB,4.62,EUR
2026-04-19,AWS,aws-1001,aws-resource-00797,Networking,Public IP,eu-west-1,,Threat Monitoring,Production,29.32,GB,4.07,EUR
2026-02-26,Azure,az-2001,azure-resource-00798,Storage,Object Storage,westeurope,Infrastructure,Shared Services,Production,324.94,GB,19.96,EUR
2026-04-11,GCP,gcp-3001,gcp-resource-00799,Database,Database Hours,europe-north1,Customer Product,Customer Portal,Test,351.26,hours,119.42,EUR
2026-02-17,Azure,az-2002,azure-resource-00800,Storage,Disk Storage,westeurope,Customer Product,Customer Portal,Test,147.55,GB,3.77,EUR
2026-04-20,AWS,aws-1002,aws-resource-00801,Database,Database Hours,eu-west-1,Data Platform,Analytics Platform,prod,481.31,hours,318.33,EUR
2026-05-01,Azure,az-2001,azure-resource-00802,Compute,Instance Hours,westeurope,Customer Product,Customer Portal,Test,5.5,hours,1.1,EUR
2026-04-26,GCP,gcp-3001,gcp-resource-00803,Database,Read Operations,europe-north1,Customer Product,Customer Portal,Production,155.78,hours,105.1,EUR
2026-06-19,GCP,gcp-3001,gcp-resource-00804,Networking,Data Transfer,europe-north1,Infrastructure,Shared Services,Development,356.53,GB,31.87,EUR
2026-05-28,GCP,gcp-3001,gcp-resource-00805,Compute,CPU Hours,europe-west1,Customer Product,Mobile Application,prod,181.81,hours,50.62,EUR
2026-04-26,GCP,gcp-3001,gcp-resource-00806,Compute,CPU Hours,europe-north1,Customer Product,Mobile Application,test,341.01,hours,68.73,EUR
2026-02-01,Azure,az-2002,azure-resource-00807,Networking,Public IP,northeurope,Security,,Test,352.41,GB,31.02,EUR
2026-06-09,Azure,az-2001,azure-resource-00808,Compute,CPU Hours,northeurope,Data Platform,Data Governance,test,79.36,hours,16.28,EUR
2026-01-02,Azure,az-2002,azure-resource-00809,Compute,CPU Hours,westeurope,Infrastructure,Cloud Migration,Test,66.1,hours,11.86,EUR
2026-02-09,AWS,aws-1001,aws-resource-00810,Database,Read Operations,eu-west-1,Customer Product,Mobile Application,Test,334.34,hours,126.46,EUR
2026-04-09,GCP,gcp-3001,gcp-resource-00811,Storage,Disk Storage,europe-west1,Security,,Development,128.12,GB,4.05,EUR
2026-02-21,Azure,az-2002,azure-resource-00812,Database,Database Hours,northeurope,Infrastructure,Cloud Migration,Development,403.17,hours,125.83,EUR
2026-04-22,GCP,gcp-3001,gcp-resource-00813,Storage,Object Storage,europe-north1,Infrastructure,Shared Services,test,233.27,GB,6.33,EUR
2026-01-07,GCP,gcp-3001,gcp-resource-00814,Database,Database Hours,europe-west1,Infrastructure,Shared Services,DEV,233.34,hours,91.78,EUR
2026-04-11,GCP,gcp-3001,gcp-resource-00815,Database,Read Operations,europe-west1,Customer Product,Mobile Application,Test,439.51,hours,133.22,EUR
2026-03-16,Azure,az-2002,azure-resource-00816,Networking,Public IP,westeurope,,Analytics Platform,test,57.99,GB,4.77,EUR
2026-02-09,AWS,aws-1002,aws-resource-00817,Compute,CPU Hours,eu-west-1,Customer Product,Customer Portal,prod,115.65,hours,39.45,EUR
2026-01-27,Azure,az-2002,azure-resource-00818,Storage,Object Storage,northeurope,,Analytics Platform,Production,262.31,GB,13.09,EUR
2026-06-06,Azure,az-2002,azure-resource-00819,Compute,Instance Hours,northeurope,Data Platform,Data Governance,prod,421.65,hours,138.53,EUR
2026-02-21,AWS,aws-1002,aws-resource-00820,Compute,CPU Hours,eu-central-1,Customer Product,Customer Portal,prod,258.2,hours,88.67,EUR
2026-04-19,Azure,az-2001,azure-resource-00821,Compute,Instance Hours,northeurope,Security,Threat Monitoring,test,400.93,hours,71.39,EUR
2026-01-11,Azure,az-2002,azure-resource-00822,Compute,Instance Hours,northeurope,Security,,test,447.14,hours,83.38,EUR
2026-05-15,GCP,gcp-3001,gcp-resource-00823,Networking,Data Transfer,europe-west1,Infrastructure,Cloud Migration,Test,109.34,GB,9.8,EUR
2026-03-19,GCP,gcp-3001,gcp-resource-00824,Storage,Object Storage,europe-north1,Infrastructure,Shared Services,prod,142.78,GB,8.32,EUR
2026-04-14,Azure,az-2001,azure-resource-00825,Networking,Data Transfer,westeurope,Customer Product,Mobile Application,Test,177.31,GB,14.68,EUR
2026-03-02,GCP,gcp-3001,gcp-resource-00826,Storage,Object Storage,europe-north1,Customer Product,Customer Portal,test,240.82,GB,7.79,EUR
2026-06-11,Azure,az-2001,azure-resource-00827,Compute,Instance Hours,northeurope,Data Platform,Data Governance,Production,223.56,hours,69.7,EUR
2026-06-23,AWS,aws-1002,aws-resource-00828,Networking,Data Transfer,eu-west-1,Security,Identity Platform,prod,101.88,GB,14.63,EUR
2026-02-05,GCP,gcp-3001,gcp-resource-00829,Storage,Disk Storage,europe-north1,Security,,test,52.62,GB,1.36,EUR
2026-02-23,GCP,gcp-3001,gcp-resource-00830,Compute,CPU Hours,europe-north1,Infrastructure,Cloud Migration,test,322.91,hours,58.06,EUR
2026-05-13,GCP,gcp-3001,gcp-resource-00831,Storage,Object Storage,europe-west1,Data Platform,Data Governance,Production,286.73,GB,13.75,EUR
2026-06-30,Azure,az-2002,azure-resource-00832,Storage,Object Storage,westeurope,,Data Governance,Development,461.53,GB,12.81,EUR
2026-03-09,Azure,az-2001,azure-resource-00833,Compute,Instance Hours,northeurope,Customer Product,,test,446.45,hours,82.36,EUR
2026-06-19,Azure,az-2001,azure-resource-00834,Database,Database Hours,northeurope,Customer Product,,prod,275.81,hours,185.95,EUR
2026-05-03,AWS,aws-1001,aws-resource-00835,Compute,CPU Hours,eu-west-1,Infrastructure,Cloud Migration,Test,465.03,hours,93.44,EUR
2026-02-28,AWS,aws-1001,aws-resource-00836,Compute,Instance Hours,eu-west-1,Security,Identity Platform,Development,391.86,hours,78.5,EUR
2026-05-21,AWS,aws-1001,aws-resource-00837,Networking,Data Transfer,eu-central-1,,Data Governance,test,66.99,GB,5.68,EUR
2026-02-28,AWS,aws-1002,aws-resource-00838,Database,Database Hours,eu-west-1,Infrastructure,Cloud Migration,prod,119.86,hours,77.52,EUR
2026-06-17,GCP,gcp-3001,gcp-resource-00839,Storage,Disk Storage,europe-west1,,Analytics Platform,Development,26.64,GB,0.76,EUR
2026-04-02,GCP,gcp-3001,gcp-resource-00840,Networking,Public IP,europe-north1,Security,,Test,106.9,GB,9.08,EUR
2026-06-30,Azure,az-2002,azure-resource-00841,Database,Read Operations,westeurope,Customer Product,Mobile Application,Production,31.73,hours,22.39,EUR
2026-01-10,AWS,aws-1001,aws-resource-00842,Storage,Disk Storage,eu-central-1,Customer Product,Mobile Application,Development,363.83,GB,11.86,EUR
2026-03-13,AWS,aws-1002,aws-resource-00843,Compute,CPU Hours,eu-west-1,Security,Identity Platform,Development,414.45,hours,65.3,EUR
2026-03-20,Azure,az-2001,azure-resource-00844,Networking,Public IP,westeurope,Security,Identity Platform,test,218.39,GB,15.12,EUR
2026-01-15,GCP,gcp-3001,gcp-resource-00845,Database,Read Operations,europe-north1,Infrastructure,Cloud Migration,Test,219.87,hours,75.28,EUR
2026-01-04,GCP,gcp-3001,gcp-resource-00846,Networking,Public IP,europe-west1,Security,Threat Monitoring,test,496.34,GB,36.59,EUR
2026-06-05,AWS,aws-1001,aws-resource-00847,Database,Database Hours,eu-central-1,,Shared Services,Development,331.32,hours,125.79,EUR
2026-05-03,GCP,gcp-3001,gcp-resource-00848,Database,Read Operations,europe-west1,Infrastructure,,Production,235.89,hours,169.38,EUR
2026-05-07,GCP,gcp-3001,gcp-resource-00849,Compute,Instance Hours,europe-west1,Infrastructure,Shared Services,Development,384.16,hours,64.5,EUR
2026-01-11,AWS,aws-1001,aws-resource-00850,Compute,Instance Hours,eu-central-1,Customer Product,Customer Portal,Test,430.98,hours,79.44,EUR
2026-01-20,Azure,az-2001,azure-resource-00851,Compute,Instance Hours,northeurope,Infrastructure,Cloud Migration,Production,255.93,hours,73.3,EUR
2026-04-03,GCP,gcp-3001,gcp-resource-00852,Database,Read Operations,europe-north1,Security,Identity Platform,prod,17.22,hours,11.2,EUR
2026-06-05,Azure,az-2001,azure-resource-00853,Database,Read Operations,northeurope,Data Platform,Analytics Platform,prod,456.38,hours,246.59,EUR
2026-02-27,AWS,aws-1002,aws-resource-00854,Networking,Data Transfer,eu-west-1,Data Platform,Analytics Platform,Production,477.81,GB,78.27,EUR
2026-04-03,GCP,gcp-3001,gcp-resource-00855,Networking,Public IP,europe-north1,Security,Threat Monitoring,Development,455.98,GB,34.6,EUR
2026-01-20,GCP,gcp-3001,gcp-resource-00856,Compute,CPU Hours,europe-west1,Customer Product,Mobile Application,Development,44.45,hours,8.15,EUR
2026-06-05,Azure,az-2002,azure-resource-00857,Networking,Public IP,northeurope,Customer Product,Customer Portal,DEV,338.68,GB,28.44,EUR
2026-02-20,Azure,az-2001,azure-resource-00858,Compute,CPU Hours,westeurope,Data Platform,Data Governance,Test,249.63,hours,50.08,EUR
2026-01-09,AWS,aws-1002,aws-resource-00859,Compute,Instance Hours,eu-west-1,Security,Threat Monitoring,DEV,372.71,hours,59.57,EUR
2026-03-28,AWS,aws-1002,aws-resource-00860,Storage,Object Storage,eu-west-1,Security,Threat Monitoring,Test,124.51,GB,3.5,EUR
2026-02-04,AWS,aws-1001,aws-resource-00861,Database,Database Hours,eu-west-1,Security,Threat Monitoring,DEV,148.2,hours,51.51,EUR
2026-01-25,AWS,aws-1001,aws-resource-00862,Database,Read Operations,eu-central-1,Security,Threat Monitoring,test,296.1,hours,117.46,EUR
2026-02-23,Azure,az-2002,azure-resource-00863,Compute,CPU Hours,northeurope,Security,Threat Monitoring,prod,476.99,hours,133.31,EUR
2026-03-08,AWS,aws-1001,aws-resource-00864,Database,Database Hours,eu-central-1,Infrastructure,Cloud Migration,DEV,115.7,hours,36.48,EUR
2026-05-06,AWS,aws-1001,aws-resource-00865,Compute,CPU Hours,eu-west-1,,Customer Portal,Test,271.27,hours,44.36,EUR
2026-01-31,Azure,az-2002,azure-resource-00866,Networking,Public IP,northeurope,Security,Identity Platform,Production,359.54,GB,58.28,EUR
2026-02-26,Azure,az-2001,azure-resource-00867,Compute,CPU Hours,westeurope,Customer Product,Mobile Application,Development,402.8,hours,77.82,EUR
2026-01-10,GCP,gcp-3001,gcp-resource-00868,Database,Database Hours,europe-north1,Infrastructure,Shared Services,Production,354.87,hours,211.15,EUR
2026-02-08,AWS,aws-1002,aws-resource-00869,Compute,Instance Hours,eu-central-1,Data Platform,Analytics Platform,prod,338.31,hours,101.89,EUR
2026-05-06,Azure,az-2001,azure-resource-00870,Storage,Object Storage,westeurope,Customer Product,Customer Portal,test,111.02,GB,3.26,EUR
2026-03-01,Azure,az-2002,azure-resource-00871,Database,Read Operations,northeurope,Security,Identity Platform,test,477.4,hours,186.03,EUR
2026-03-05,GCP,gcp-3001,gcp-resource-00872,Networking,Data Transfer,europe-west1,Infrastructure,Shared Services,Development,212.7,GB,16.75,EUR
2026-06-03,Azure,az-2002,azure-resource-00873,Database,Database Hours,westeurope,Data Platform,Data Governance,DEV,420.86,hours,163.39,EUR
2026-04-24,Azure,az-2002,azure-resource-00874,Database,Read Operations,northeurope,,Mobile Application,Development,339.12,hours,115.53,EUR
2026-02-12,AWS,aws-1001,aws-resource-00875,Database,Database Hours,eu-central-1,Security,Identity Platform,Development,226.58,hours,72.67,EUR
2026-06-17,AWS,aws-1001,aws-resource-00876,Compute,Instance Hours,eu-central-1,Data Platform,Data Governance,Development,384.59,hours,70.32,EUR
2026-02-25,GCP,gcp-3001,gcp-resource-00877,Storage,Object Storage,europe-west1,Customer Product,Mobile Application,prod,455.77,GB,23.37,EUR
2026-03-05,AWS,aws-1001,aws-resource-00878,Compute,CPU Hours,eu-west-1,,Threat Monitoring,Production,118.85,hours,41.65,EUR
2026-04-17,Azure,az-2001,azure-resource-00879,Networking,Data Transfer,westeurope,Customer Product,,Test,362.45,GB,31.28,EUR
2026-02-21,AWS,aws-1001,aws-resource-00880,Networking,Public IP,eu-central-1,Customer Product,Mobile Application,test,16.6,GB,1.24,EUR
2026-05-17,Azure,az-2001,azure-resource-00881,Database,Read Operations,westeurope,Security,Identity Platform,Development,244.26,hours,95.95,EUR
2026-04-05,Azure,az-2002,azure-resource-00882,Networking,Data Transfer,northeurope,Infrastructure,Cloud Migration,Production,201.69,GB,26.71,EUR
2026-04-14,Azure,az-2002,azure-resource-00883,Storage,Object Storage,westeurope,Data Platform,Analytics Platform,DEV,298.74,GB,7.84,EUR
2026-04-15,Azure,az-2001,azure-resource-00884,Database,Read Operations,westeurope,Security,Threat Monitoring,Production,164.11,hours,105.42,EUR
2026-01-21,GCP,gcp-3001,gcp-resource-00885,Networking,Public IP,europe-west1,Security,Threat Monitoring,DEV,355.89,GB,28.59,EUR
2026-01-10,Azure,az-2002,azure-resource-00886,Storage,Disk Storage,westeurope,Data Platform,Analytics Platform,prod,221.61,GB,13.66,EUR
2026-06-23,GCP,gcp-3001,gcp-resource-00887,Networking,Public IP,europe-north1,Customer Product,Mobile Application,DEV,497.89,GB,42.46,EUR
2026-06-04,GCP,gcp-3001,gcp-resource-00888,Storage,Disk Storage,europe-north1,Customer Product,Mobile Application,Test,476.24,GB,13.74,EUR
2026-05-01,AWS,aws-1001,aws-resource-00889,Database,Database Hours,eu-central-1,Customer Product,Customer Portal,Production,162.26,hours,92.39,EUR
2026-01-18,GCP,gcp-3001,gcp-resource-00890,Storage,Object Storage,europe-north1,Customer Product,Customer Portal,Production,314.36,GB,17.46,EUR
2026-06-09,GCP,gcp-3001,gcp-resource-00891,Compute,CPU Hours,europe-west1,Customer Product,Mobile Application,DEV,294.31,hours,49.89,EUR
2026-06-15,AWS,aws-1002,aws-resource-00892,Storage,Disk Storage,eu-central-1,Data Platform,Analytics Platform,Production,67.72,GB,3.68,EUR
2026-02-07,GCP,gcp-3001,gcp-resource-00893,Networking,Data Transfer,europe-north1,,Customer Portal,prod,50.21,GB,7.89,EUR
2026-05-09,AWS,aws-1001,aws-resource-00894,Database,Database Hours,eu-central-1,Data Platform,Analytics Platform,DEV,334.1,hours,110.87,EUR
2026-02-24,Azure,az-2001,azure-resource-00895,Networking,Public IP,westeurope,Security,Threat Monitoring,Test,43.71,GB,3.61,EUR
2026-04-04,Azure,az-2002,azure-resource-00896,Networking,Public IP,northeurope,Security,Threat Monitoring,DEV,327.79,GB,23.69,EUR
2026-02-19,AWS,aws-1001,aws-resource-00897,Storage,Disk Storage,eu-central-1,Security,Threat Monitoring,Production,101.94,GB,5.28,EUR
2026-06-28,AWS,aws-1002,aws-resource-00898,Database,Read Operations,eu-west-1,Infrastructure,,Development,322.63,hours,109.48,EUR
2026-01-10,GCP,gcp-3001,gcp-resource-00899,Compute,Instance Hours,europe-west1,Security,Threat Monitoring,test,376.54,hours,74.03,EUR
2026-03-22,GCP,gcp-3001,gcp-resource-00900,Storage,Disk Storage,europe-west1,Customer Product,Customer Portal,Production,224.47,GB,12.89,EUR
2026-01-04,GCP,gcp-3001,gcp-resource-00901,Compute,CPU Hours,europe-west1,Infrastructure,Shared Services,Test,362.46,hours,62.63,EUR
2026-04-15,AWS,aws-1001,aws-resource-00902,Storage,Object Storage,eu-central-1,Customer Product,Mobile Application,Development,306.22,GB,9.71,EUR
2026-01-30,Azure,az-2001,azure-resource-00903,Database,Database Hours,westeurope,Data Platform,Data Governance,Production,285.26,hours,177.72,EUR
2026-03-05,AWS,aws-1002,aws-resource-00904,Database,Database Hours,eu-west-1,Data Platform,Analytics Platform,Development,232.87,hours,90.73,EUR
2026-03-11,Azure,az-2001,azure-resource-00905,Compute,Instance Hours,northeurope,Security,Threat Monitoring,Development,209.92,hours,41.59,EUR
2026-06-11,Azure,az-2001,azure-resource-00906,Networking,Data Transfer,northeurope,Infrastructure,Cloud Migration,Development,387.32,GB,31.2,EUR
2026-05-09,AWS,aws-1002,aws-resource-00907,Storage,Object Storage,eu-west-1,Security,Threat Monitoring,Development,107.69,GB,3.42,EUR
2026-04-30,Azure,az-2002,azure-resource-00908,Storage,Disk Storage,northeurope,,Threat Monitoring,test,317.4,GB,9.45,EUR
2026-03-28,GCP,gcp-3001,gcp-resource-00909,Compute,Instance Hours,europe-north1,Infrastructure,Cloud Migration,Production,83.58,hours,26.88,EUR
2026-04-22,Azure,az-2002,azure-resource-00910,Storage,Disk Storage,westeurope,Security,Identity Platform,Test,230.94,GB,7.09,EUR
2026-05-10,Azure,az-2001,azure-resource-00911,Database,Read Operations,northeurope,Infrastructure,Shared Services,prod,382.77,hours,270.15,EUR
2026-02-20,Azure,az-2001,azure-resource-00912,Networking,Data Transfer,northeurope,Data Platform,Analytics Platform,Test,482.79,GB,43.75,EUR
2026-02-21,AWS,aws-1001,aws-resource-00913,Compute,CPU Hours,eu-central-1,Infrastructure,Cloud Migration,prod,232.99,hours,79.08,EUR
2026-04-06,AWS,aws-1001,aws-resource-00914,Storage,Disk Storage,eu-west-1,Customer Product,Customer Portal,prod,343.93,GB,20.5,EUR
2026-03-04,Azure,az-2001,azure-resource-00915,Compute,CPU Hours,westeurope,Security,Threat Monitoring,test,191.26,hours,34.05,EUR
2026-05-17,Azure,az-2001,azure-resource-00916,Storage,Disk Storage,northeurope,Security,Threat Monitoring,test,436.98,GB,13.49,EUR
2026-06-03,GCP,gcp-3001,gcp-resource-00917,Compute,Instance Hours,europe-west1,Customer Product,Customer Portal,Development,253.22,hours,38.76,EUR
2026-02-08,AWS,aws-1002,aws-resource-00918,Networking,Public IP,eu-central-1,Customer Product,Customer Portal,Development,195.11,GB,14.11,EUR
2026-01-28,GCP,gcp-3001,gcp-resource-00919,Networking,Data Transfer,europe-north1,Data Platform,Data Governance,prod,202.12,GB,29.26,EUR
2026-05-05,GCP,gcp-3001,gcp-resource-00920,Compute,CPU Hours,europe-west1,Security,Identity Platform,Test,195.08,hours,34.64,EUR
2026-03-27,Azure,az-2002,azure-resource-00921,Networking,Data Transfer,westeurope,Infrastructure,Cloud Migration,DEV,253.52,GB,21.99,EUR
2026-06-07,Azure,az-2002,azure-resource-00922,Networking,Public IP,westeurope,,Analytics Platform,test,297.13,GB,21.61,EUR
2026-03-06,Azure,az-2002,azure-resource-00923,Database,Read Operations,northeurope,Data Platform,Analytics Platform,Production,445.14,hours,296.12,EUR
2026-01-29,AWS,aws-1002,aws-resource-00924,Database,Database Hours,eu-central-1,Customer Product,,Development,152.35,hours,45.89,EUR
2026-04-28,AWS,aws-1001,aws-resource-00925,Storage,Disk Storage,eu-west-1,Data Platform,Analytics Platform,DEV,218.39,GB,6.11,EUR
2026-05-12,AWS,aws-1001,aws-resource-00926,Database,Read Operations,eu-central-1,Infrastructure,Cloud Migration,test,407.18,hours,125.46,EUR
2026-04-21,Azure,az-2001,azure-resource-00927,Networking,Data Transfer,northeurope,Data Platform,Analytics Platform,test,372.63,GB,26.05,EUR
2026-02-17,Azure,az-2002,azure-resource-00928,Storage,Object Storage,northeurope,Data Platform,Data Governance,DEV,141.02,GB,4.47,EUR
2026-04-29,AWS,aws-1002,aws-resource-00929,Database,Database Hours,eu-west-1,Infrastructure,,DEV,330.32,hours,107.8,EUR
2026-04-18,AWS,aws-1002,aws-resource-00930,Compute,CPU Hours,eu-central-1,,Cloud Migration,test,306.61,hours,54.54,EUR
2026-02-23,GCP,gcp-3001,gcp-resource-00931,Compute,CPU Hours,europe-north1,Infrastructure,Shared Services,prod,233.66,hours,81.22,EUR
2026-03-19,Azure,az-2002,azure-resource-00932,Compute,CPU Hours,northeurope,Data Platform,Data Governance,prod,375.27,hours,122.67,EUR
2026-01-06,GCP,gcp-3001,gcp-resource-00933,Networking,Public IP,europe-west1,Data Platform,Analytics Platform,Development,284.62,GB,22.19,EUR
2026-02-10,Azure,az-2002,azure-resource-00934,Storage,Disk Storage,northeurope,Security,Identity Platform,Production,287.52,GB,14.03,EUR
2026-06-12,AWS,aws-1002,aws-resource-00935,Networking,Public IP,eu-west-1,Infrastructure,Shared Services,test,442.96,GB,40.33,EUR
2026-03-27,Azure,az-2002,azure-resource-00936,Networking,Data Transfer,westeurope,Security,Threat Monitoring,prod,203.03,GB,24.88,EUR
2026-01-21,Azure,az-2002,azure-resource-00937,Networking,Data Transfer,northeurope,Security,,prod,73.59,GB,10.98,EUR
2026-06-17,GCP,gcp-3001,gcp-resource-00938,Storage,Object Storage,europe-west1,Customer Product,Mobile Application,Production,372.77,GB,22.45,EUR
2026-01-08,Azure,az-2001,azure-resource-00939,Database,Read Operations,northeurope,Customer Product,Customer Portal,prod,164.75,hours,97.35,EUR
2026-02-10,AWS,aws-1001,aws-resource-00940,Networking,Public IP,eu-west-1,Customer Product,Customer Portal,Production,402.83,GB,63.89,EUR
2026-05-18,AWS,aws-1001,aws-resource-00941,Compute,Instance Hours,eu-central-1,Security,,DEV,479.0,hours,96.14,EUR
2026-05-11,Azure,az-2002,azure-resource-00942,Compute,CPU Hours,westeurope,Infrastructure,Shared Services,Production,184.87,hours,63.79,EUR
2026-05-04,AWS,aws-1001,aws-resource-00943,Storage,Disk Storage,eu-west-1,Infrastructure,Cloud Migration,test,173.22,GB,5.84,EUR
2026-04-26,Azure,az-2002,azure-resource-00944,Compute,CPU Hours,westeurope,Security,Threat Monitoring,Development,151.17,hours,26.76,EUR
2026-02-10,AWS,aws-1002,aws-resource-00945,Storage,Disk Storage,eu-central-1,Infrastructure,Cloud Migration,Development,358.33,GB,10.13,EUR
2026-02-24,GCP,gcp-3001,gcp-resource-00946,Database,Database Hours,europe-west1,Customer Product,Customer Portal,DEV,132.37,hours,42.55,EUR
2026-05-09,Azure,az-2002,azure-resource-00947,Database,Read Operations,northeurope,Security,Threat Monitoring,Development,323.71,hours,116.26,EUR
2026-03-21,Azure,az-2001,azure-resource-00948,Storage,Object Storage,westeurope,Security,Identity Platform,test,473.74,GB,13.54,EUR
2026-05-15,Azure,az-2001,azure-resource-00949,Compute,Instance Hours,northeurope,Customer Product,Mobile Application,test,453.62,hours,89.98,EUR
2026-05-18,GCP,gcp-3001,gcp-resource-00950,Compute,Instance Hours,europe-north1,Security,Identity Platform,Development,278.88,hours,50.72,EUR
2026-04-27,GCP,gcp-3001,gcp-resource-00951,Storage,Object Storage,europe-north1,Customer Product,Mobile Application,test,429.47,GB,11.83,EUR
2026-02-28,GCP,gcp-3001,gcp-resource-00952,Database,Read Operations,europe-north1,Data Platform,Analytics Platform,prod,263.67,hours,144.23,EUR
2026-05-31,AWS,aws-1001,aws-resource-00953,Compute,CPU Hours,eu-central-1,Infrastructure,Cloud Migration,Production,240.64,hours,68.61,EUR
2026-06-07,GCP,gcp-3001,gcp-resource-00954,Compute,Instance Hours,europe-north1,Security,Identity Platform,test,101.43,hours,19.93,EUR
2026-05-17,Azure,az-2001,azure-resource-00955,Database,Read Operations,northeurope,Security,Identity Platform,Development,475.96,hours,156.57,EUR
2026-05-11,GCP,gcp-3001,gcp-resource-00956,Database,Read Operations,europe-west1,Security,Identity Platform,DEV,8.23,hours,3.22,EUR
2026-02-16,AWS,aws-1001,aws-resource-00957,Compute,Instance Hours,eu-west-1,Security,Threat Monitoring,Development,320.75,hours,58.4,EUR
2026-05-27,AWS,aws-1001,aws-resource-00958,Database,Read Operations,eu-west-1,Infrastructure,Shared Services,test,153.53,hours,55.5,EUR
2026-04-17,AWS,aws-1002,aws-resource-00959,Networking,Data Transfer,eu-central-1,Customer Product,Customer Portal,Test,490.67,GB,41.06,EUR
2026-05-25,Azure,az-2002,azure-resource-00960,Database,Read Operations,westeurope,Infrastructure,Cloud Migration,test,161.1,hours,53.14,EUR
2026-06-30,Azure,az-2001,azure-resource-00961,Compute,Instance Hours,northeurope,Security,Threat Monitoring,DEV,384.69,hours,59.26,EUR
2026-02-25,Azure,az-2002,azure-resource-00962,Database,Read Operations,westeurope,Data Platform,Data Governance,Test,282.19,hours,89.86,EUR
2026-01-12,AWS,aws-1002,aws-resource-00963,Storage,Disk Storage,eu-west-1,Customer Product,Mobile Application,Test,237.59,GB,8.14,EUR
2026-01-29,Azure,az-2002,azure-resource-00964,Networking,Data Transfer,westeurope,,Analytics Platform,Test,187.88,GB,16.94,EUR
2026-05-27,Azure,az-2002,azure-resource-00965,Networking,Public IP,westeurope,Customer Product,Customer Portal,Test,48.56,GB,3.59,EUR
2026-04-28,AWS,aws-1002,aws-resource-00966,Compute,CPU Hours,eu-west-1,Infrastructure,Shared Services,prod,96.15,hours,30.86,EUR
2026-01-13,GCP,gcp-3001,gcp-resource-00967,Database,Read Operations,europe-west1,Infrastructure,Cloud Migration,DEV,201.17,hours,70.12,EUR
2026-01-20,GCP,gcp-3001,gcp-resource-00968,Networking,Data Transfer,europe-west1,Data Platform,Data Governance,Test,170.21,GB,11.85,EUR
2026-02-08,GCP,gcp-3001,gcp-resource-00969,Compute,Instance Hours,europe-west1,Security,Identity Platform,DEV,409.79,hours,73.0,EUR
2026-01-05,GCP,gcp-3001,gcp-resource-00970,Database,Database Hours,europe-north1,Security,Threat Monitoring,Development,8.15,hours,3.13,EUR
2026-05-28,Azure,az-2002,azure-resource-00971,Storage,Object Storage,westeurope,Infrastructure,Cloud Migration,Test,231.59,GB,7.29,EUR
2026-01-18,AWS,aws-1002,aws-resource-00972,Storage,Disk Storage,eu-west-1,Infrastructure,Cloud Migration,Production,390.83,GB,21.36,EUR
2026-04-01,GCP,gcp-3001,gcp-resource-00973,Storage,Object Storage,europe-north1,Customer Product,Mobile Application,prod,468.47,GB,23.15,EUR
2026-04-13,AWS,aws-1001,aws-resource-00974,Networking,Data Transfer,eu-central-1,Data Platform,Data Governance,prod,193.31,GB,27.39,EUR
2026-01-31,GCP,gcp-3001,gcp-resource-00975,Compute,CPU Hours,europe-north1,Data Platform,Analytics Platform,Test,65.24,hours,12.65,EUR
2026-01-05,Azure,az-2001,azure-resource-00976,Storage,Disk Storage,northeurope,Customer Product,Customer Portal,Development,256.82,GB,8.73,EUR
2026-02-28,Azure,az-2001,azure-resource-00977,Compute,CPU Hours,northeurope,Infrastructure,Shared Services,DEV,473.24,hours,89.07,EUR
2026-02-05,AWS,aws-1002,aws-resource-00978,Database,Database Hours,eu-west-1,Infrastructure,Cloud Migration,Test,9.59,hours,3.38,EUR
2026-02-08,GCP,gcp-3001,gcp-resource-00979,Storage,Disk Storage,europe-west1,Infrastructure,Shared Services,DEV,90.35,GB,3.07,EUR
2026-01-07,AWS,aws-1002,aws-resource-00980,Compute,Instance Hours,eu-central-1,Security,Identity Platform,Development,312.85,hours,48.35,EUR
2026-01-04,AWS,aws-1002,aws-resource-00981,Storage,Object Storage,eu-west-1,Security,Identity Platform,test,264.98,GB,7.13,EUR
2026-06-13,Azure,az-2001,azure-resource-00982,Compute,CPU Hours,northeurope,Data Platform,Data Governance,Test,223.01,hours,44.44,EUR
2026-05-07,Azure,az-2001,azure-resource-00983,Database,Database Hours,westeurope,Customer Product,Mobile Application,Test,335.87,hours,103.32,EUR
2026-01-27,GCP,gcp-3001,gcp-resource-00984,Storage,Object Storage,europe-north1,Customer Product,Customer Portal,test,204.9,GB,6.86,EUR
2026-02-03,AWS,aws-1002,aws-resource-00985,Database,Read Operations,eu-central-1,Infrastructure,Shared Services,Test,493.88,hours,160.76,EUR
2026-03-02,GCP,gcp-3001,gcp-resource-00986,Storage,Disk Storage,europe-north1,Data Platform,Data Governance,prod,12.09,GB,0.68,EUR
2026-04-27,AWS,aws-1002,aws-resource-00987,Networking,Public IP,eu-west-1,Security,Threat Monitoring,Test,205.8,GB,18.9,EUR
2026-05-21,GCP,gcp-3001,gcp-resource-00988,Database,Database Hours,europe-north1,Infrastructure,Shared Services,Development,404.46,hours,141.02,EUR
2026-04-28,GCP,gcp-3001,gcp-resource-00989,Database,Database Hours,europe-north1,Data Platform,,Test,67.48,hours,21.68,EUR
2026-02-16,AWS,aws-1002,aws-resource-00990,Database,Database Hours,eu-west-1,Infrastructure,Shared Services,Production,483.31,hours,347.57,EUR
2026-05-16,GCP,gcp-3001,gcp-resource-00991,Storage,Disk Storage,europe-west1,Data Platform,Analytics Platform,Test,391.07,GB,11.95,EUR
2026-02-08,GCP,gcp-3001,gcp-resource-00992,Storage,Object Storage,europe-north1,Infrastructure,Cloud Migration,test,430.18,GB,11.85,EUR
2026-03-18,AWS,aws-1001,aws-resource-00993,Networking,Data Transfer,eu-central-1,Infrastructure,Shared Services,DEV,236.66,GB,16.87,EUR
2026-03-04,GCP,gcp-3001,gcp-resource-00994,Database,Database Hours,europe-north1,,Customer Portal,prod,243.06,hours,137.52,EUR
2026-05-30,Azure,az-2001,azure-resource-00995,Storage,Object Storage,northeurope,,Mobile Application,Development,74.52,GB,2.17,EUR
2026-05-01,AWS,aws-1001,aws-resource-00996,Database,Read Operations,eu-central-1,Infrastructure,Cloud Migration,Test,55.79,hours,20.28,EUR
2026-01-11,AWS,aws-1002,aws-resource-00997,Networking,Public IP,eu-west-1,Customer Product,Customer Portal,test,173.98,GB,12.97,EUR
2026-01-27,GCP,gcp-3001,gcp-resource-00998,Networking,Public IP,europe-west1,Security,Identity Platform,DEV,380.44,GB,27.92,EUR
2026-03-06,GCP,gcp-3001,gcp-resource-00999,Networking,Public IP,europe-north1,,Threat Monitoring,Development,421.95,GB,36.11,EUR
2026-06-20,Azure,az-2002,azure-resource-01000,Compute,Instance Hours,northeurope,Data Platform,Analytics Platform,Test,250.01,hours,46.23,EUR
2026-01-31,GCP,gcp-3001,gcp-resource-01001,Networking,Public IP,europe-north1,Security,Identity Platform,test,477.27,GB,39.05,EUR
2026-06-10,Azure,az-2002,azure-resource-01002,Compute,Instance Hours,westeurope,Infrastructure,Shared Services,Test,23.45,hours,4.09,EUR
2026-03-06,GCP,gcp-3001,gcp-resource-01003,Storage,Disk Storage,europe-north1,Data Platform,Data Governance,Production,365.88,GB,21.83,EUR
2026-02-23,AWS,aws-1002,aws-resource-01004,Database,Read Operations,eu-central-1,Security,Identity Platform,test,135.27,hours,51.52,EUR
2026-01-24,AWS,aws-1002,aws-resource-01005,Networking,Public IP,eu-central-1,Data Platform,Data Governance,prod,161.68,GB,21.93,EUR
2026-04-03,GCP,gcp-3001,gcp-resource-01006,Storage,Object Storage,europe-north1,Security,Identity Platform,Development,171.82,GB,5.06,EUR
2026-02-15,AWS,aws-1002,aws-resource-01007,Compute,Instance Hours,eu-west-1,Customer Product,Mobile Application,Test,151.62,hours,27.78,EUR
2026-01-27,AWS,aws-1002,aws-resource-01008,Compute,Instance Hours,eu-central-1,Security,Threat Monitoring,Development,201.39,hours,40.83,EUR
2026-06-27,AWS,aws-1001,aws-resource-01009,Networking,Data Transfer,eu-west-1,Data Platform,Analytics Platform,Development,18.05,GB,1.32,EUR
2026-05-23,Azure,az-2001,azure-resource-01010,Storage,Disk Storage,westeurope,Customer Product,Customer Portal,Test,244.22,GB,7.19,EUR
2026-03-02,GCP,gcp-3001,gcp-resource-01011,Networking,Public IP,europe-west1,Security,Threat Monitoring,Development,218.5,GB,16.77,EUR
2026-05-10,GCP,gcp-3001,gcp-resource-01012,Storage,Disk Storage,europe-west1,Infrastructure,Cloud Migration,Production,490.6,GB,28.75,EUR
2026-06-01,GCP,gcp-3001,gcp-resource-01013,Storage,Object Storage,europe-west1,Infrastructure,Cloud Migration,Production,232.82,GB,12.34,EUR
2026-03-12,AWS,aws-1002,aws-resource-01014,Networking,Data Transfer,eu-central-1,Data Platform,Data Governance,Production,342.59,GB,42.9,EUR
2026-05-26,Azure,az-2002,azure-resource-01015,Storage,Object Storage,northeurope,Security,Identity Platform,test,338.96,GB,9.65,EUR
2026-02-19,AWS,aws-1001,aws-resource-01016,Compute,Instance Hours,eu-west-1,Infrastructure,,Production,267.24,hours,92.57,EUR
2026-04-15,AWS,aws-1002,aws-resource-01017,Networking,Public IP,eu-west-1,Data Platform,Data Governance,Test,351.96,GB,29.72,EUR
2026-04-13,Azure,az-2001,azure-resource-01018,Storage,Object Storage,northeurope,Data Platform,Data Governance,Development,252.34,GB,6.85,EUR
2026-05-23,GCP,gcp-3001,gcp-resource-01019,Compute,CPU Hours,europe-west1,Infrastructure,Shared Services,Production,440.25,hours,123.85,EUR
2026-02-14,AWS,aws-1001,aws-resource-01020,Compute,CPU Hours,eu-west-1,Data Platform,Analytics Platform,Test,283.87,hours,56.61,EUR
2026-04-23,GCP,gcp-3001,gcp-resource-01021,Storage,Object Storage,europe-north1,Infrastructure,Cloud Migration,Test,190.21,GB,5.15,EUR
2026-01-26,AWS,aws-1002,aws-resource-01022,Compute,Instance Hours,eu-west-1,Data Platform,Data Governance,test,94.31,hours,17.07,EUR
2026-04-04,GCP,gcp-3001,gcp-resource-01023,Database,Database Hours,europe-north1,Security,Threat Monitoring,test,279.46,hours,93.07,EUR
2026-06-01,AWS,aws-1001,aws-resource-01024,Networking,Data Transfer,eu-central-1,,Data Governance,DEV,406.4,GB,36.51,EUR
2026-04-14,GCP,gcp-3001,gcp-resource-01025,Networking,Public IP,europe-west1,Customer Product,Mobile Application,prod,150.01,GB,22.42,EUR
2026-03-15,Azure,az-2001,azure-resource-01026,Compute,Instance Hours,westeurope,Security,Identity Platform,DEV,156.42,hours,32.31,EUR
2026-04-01,AWS,aws-1001,aws-resource-01027,Database,Read Operations,eu-west-1,Customer Product,Mobile Application,Production,483.55,hours,294.12,EUR
2026-02-22,GCP,gcp-3001,gcp-resource-01028,Database,Database Hours,europe-west1,Data Platform,Analytics Platform,prod,357.64,hours,196.45,EUR
2026-03-26,AWS,aws-1001,aws-resource-01029,Networking,Public IP,eu-west-1,Customer Product,,prod,331.5,GB,53.68,EUR
2026-06-24,Azure,az-2002,azure-resource-01030,Networking,Data Transfer,northeurope,Data Platform,Analytics Platform,test,132.8,GB,11.97,EUR
2026-06-03,Azure,az-2001,azure-resource-01031,Compute,CPU Hours,westeurope,Security,Threat Monitoring,prod,409.28,hours,132.14,EUR
2026-02-16,GCP,gcp-3001,gcp-resource-01032,Networking,Data Transfer,europe-north1,,Customer Portal,prod,451.6,GB,64.81,EUR
2026-02-21,GCP,gcp-3001,gcp-resource-01033,Networking,Public IP,europe-west1,Infrastructure,Shared Services,Production,381.69,GB,53.23,EUR
2026-01-18,AWS,aws-1001,aws-resource-01034,Compute,CPU Hours,eu-central-1,Security,Threat Monitoring,DEV,96.32,hours,18.7,EUR
2026-01-12,Azure,az-2001,azure-resource-01035,Storage,Object Storage,northeurope,Security,Identity Platform,prod,385.43,GB,22.22,EUR
2026-05-10,Azure,az-2001,azure-resource-01036,Storage,Object Storage,westeurope,Infrastructure,Shared Services,DEV,193.12,GB,6.57,EUR
2026-02-11,GCP,gcp-3001,gcp-resource-01037,Storage,Disk Storage,europe-west1,,Shared Services,prod,302.82,GB,15.31,EUR
2026-01-27,AWS,aws-1001,aws-resource-01038,Compute,Instance Hours,eu-central-1,Security,Identity Platform,Development,188.33,hours,30.27,EUR
2026-06-16,AWS,aws-1002,aws-resource-01039,Compute,CPU Hours,eu-central-1,Security,Identity Platform,Production,284.0,hours,80.25,EUR
2026-05-03,GCP,gcp-3001,gcp-resource-01040,Networking,Public IP,europe-north1,Security,Identity Platform,Development,490.16,GB,40.82,EUR
2026-01-06,AWS,aws-1002,aws-resource-01041,Storage,Disk Storage,eu-west-1,Infrastructure,Cloud Migration,Development,441.56,GB,12.72,EUR
2026-04-18,AWS,aws-1002,aws-resource-01042,Networking,Public IP,eu-central-1,Security,Identity Platform,test,179.71,GB,16.28,EUR
2026-02-25,Azure,az-2001,azure-resource-01043,Networking,Data Transfer,northeurope,Security,Threat Monitoring,prod,363.04,GB,47.67,EUR
2026-06-09,Azure,az-2002,azure-resource-01044,Networking,Data Transfer,westeurope,Infrastructure,Shared Services,Production,273.7,GB,38.85,EUR
2026-05-26,AWS,aws-1001,aws-resource-01045,Database,Read Operations,eu-west-1,Customer Product,Mobile Application,DEV,16.8,hours,5.36,EUR
2026-03-22,GCP,gcp-3001,gcp-resource-01046,Networking,Data Transfer,europe-west1,Customer Product,Customer Portal,test,69.62,GB,6.29,EUR
2026-02-24,AWS,aws-1002,aws-resource-01047,Compute,Instance Hours,eu-central-1,Data Platform,,Development,105.49,hours,17.0,EUR
2026-02-08,GCP,gcp-3001,gcp-resource-01048,Database,Read Operations,europe-west1,Security,Threat Monitoring,Development,55.24,hours,19.69,EUR
2026-02-07,GCP,gcp-3001,gcp-resource-01049,Networking,Data Transfer,europe-west1,Customer Product,Mobile Application,prod,488.18,GB,73.75,EUR
2026-04-23,AWS,aws-1001,aws-resource-01050,Networking,Public IP,eu-west-1,Security,Threat Monitoring,Test,345.62,GB,30.29,EUR
2026-02-08,Azure,az-2001,azure-resource-01051,Database,Database Hours,northeurope,Infrastructure,,prod,313.9,hours,208.28,EUR
2026-03-06,Azure,az-2001,azure-resource-01052,Compute,CPU Hours,westeurope,,Shared Services,DEV,495.89,hours,85.65,EUR
2026-01-11,Azure,az-2002,azure-resource-01053,Database,Read Operations,westeurope,Customer Product,Customer Portal,Development,227.22,hours,77.93,EUR
2026-04-10,Azure,az-2001,azure-resource-01054,Compute,CPU Hours,northeurope,Customer Product,,DEV,103.82,hours,18.52,EUR
2026-05-06,Azure,az-2002,azure-resource-01055,Database,Read Operations,westeurope,Security,Threat Monitoring,Development,360.96,hours,128.32,EUR
2026-01-17,Azure,az-2001,azure-resource-01056,Compute,Instance Hours,westeurope,,Cloud Migration,Production,125.27,hours,36.66,EUR
2026-04-28,AWS,aws-1002,aws-resource-01057,Compute,Instance Hours,eu-west-1,Data Platform,Data Governance,prod,293.46,hours,108.36,EUR
2026-03-01,AWS,aws-1001,aws-resource-01058,Storage,Object Storage,eu-west-1,Customer Product,Customer Portal,Production,6.9,GB,0.41,EUR
2026-03-15,Azure,az-2001,azure-resource-01059,Database,Read Operations,westeurope,Customer Product,Mobile Application,DEV,304.7,hours,96.6,EUR
2026-02-01,GCP,gcp-3001,gcp-resource-01060,Compute,Instance Hours,europe-west1,Data Platform,Analytics Platform,Test,289.84,hours,47.31,EUR
2026-02-25,Azure,az-2002,azure-resource-01061,Storage,Disk Storage,northeurope,Customer Product,Mobile Application,Test,209.08,GB,6.54,EUR
2026-01-16,GCP,gcp-3001,gcp-resource-01062,Storage,Object Storage,europe-north1,Data Platform,Data Governance,Production,36.08,GB,1.86,EUR
2026-03-23,AWS,aws-1002,aws-resource-01063,Compute,CPU Hours,eu-central-1,Infrastructure,Shared Services,Production,286.75,hours,99.24,EUR
2026-06-26,Azure,az-2002,azure-resource-01064,Networking,Public IP,northeurope,Infrastructure,Shared Services,prod,117.92,GB,15.3,EUR
2026-04-18,Azure,az-2001,azure-resource-01065,Database,Database Hours,northeurope,Security,Threat Monitoring,prod,75.33,hours,51.03,EUR
2026-02-17,Azure,az-2001,azure-resource-01066,Storage,Object Storage,westeurope,,Threat Monitoring,test,453.15,GB,12.17,EUR
2026-05-21,Azure,az-2002,azure-resource-01067,Networking,Data Transfer,westeurope,Customer Product,,DEV,83.37,GB,7.33,EUR
2026-01-18,Azure,az-2002,azure-resource-01068,Networking,Public IP,northeurope,Security,Threat Monitoring,test,34.58,GB,3.15,EUR
2026-03-21,AWS,aws-1002,aws-resource-01069,Storage,Object Storage,eu-west-1,Security,,Development,317.6,GB,9.07,EUR
2026-01-05,GCP,gcp-3001,gcp-resource-01070,Database,Read Operations,europe-north1,Infrastructure,Shared Services,Development,284.84,hours,98.9,EUR
2026-03-13,AWS,aws-1002,aws-resource-01071,Storage,Disk Storage,eu-west-1,Infrastructure,Cloud Migration,test,458.29,GB,15.7,EUR
2026-05-11,AWS,aws-1001,aws-resource-01072,Database,Read Operations,eu-west-1,Customer Product,Customer Portal,Test,237.53,hours,71.15,EUR
2026-02-19,GCP,gcp-3001,gcp-resource-01073,Database,Database Hours,europe-north1,Data Platform,Data Governance,test,136.67,hours,47.11,EUR
2026-03-11,AWS,aws-1002,aws-resource-01074,Networking,Public IP,eu-central-1,Customer Product,Customer Portal,Test,243.86,GB,17.44,EUR
2026-03-05,GCP,gcp-3001,gcp-resource-01075,Storage,Disk Storage,europe-west1,Customer Product,,prod,264.13,GB,14.28,EUR
2026-04-30,Azure,az-2001,azure-resource-01076,Database,Read Operations,northeurope,Customer Product,,test,382.37,hours,116.92,EUR
2026-03-14,GCP,gcp-3001,gcp-resource-01077,Storage,Object Storage,europe-north1,Security,Threat Monitoring,Development,102.9,GB,3.19,EUR
2026-01-07,AWS,aws-1002,aws-resource-01078,Compute,CPU Hours,eu-central-1,Data Platform,Data Governance,Development,416.74,hours,72.2,EUR
2026-02-03,AWS,aws-1002,aws-resource-01079,Database,Database Hours,eu-west-1,Data Platform,Data Governance,Production,442.21,hours,241.47,EUR
2026-04-16,AWS,aws-1002,aws-resource-01080,Storage,Object Storage,eu-central-1,Data Platform,Analytics Platform,Development,486.3,GB,13.88,EUR
2026-01-30,Azure,az-2002,azure-resource-01081,Compute,Instance Hours,westeurope,Security,Threat Monitoring,Production,408.11,hours,130.18,EUR
2026-02-05,AWS,aws-1002,aws-resource-01082,Compute,CPU Hours,eu-central-1,Data Platform,,prod,475.23,hours,174.97,EUR
2026-02-21,GCP,gcp-3001,gcp-resource-01083,Networking,Data Transfer,europe-west1,Data Platform,Data Governance,test,210.39,GB,14.65,EUR
2026-04-12,GCP,gcp-3001,gcp-resource-01084,Networking,Data Transfer,europe-west1,Data Platform,Data Governance,Development,257.03,GB,22.59,EUR
2026-02-20,GCP,gcp-3001,gcp-resource-01085,Database,Read Operations,europe-north1,Infrastructure,Shared Services,prod,378.31,hours,220.91,EUR
2026-02-17,AWS,aws-1001,aws-resource-01086,Database,Database Hours,eu-central-1,Security,Identity Platform,test,258.34,hours,87.86,EUR
2026-01-14,AWS,aws-1001,aws-resource-01087,Storage,Disk Storage,eu-west-1,Customer Product,Mobile Application,Test,409.84,GB,11.78,EUR
2026-04-10,GCP,gcp-3001,gcp-resource-01088,Compute,CPU Hours,europe-north1,Infrastructure,Cloud Migration,Development,107.14,hours,21.87,EUR
2026-06-07,GCP,gcp-3001,gcp-resource-01089,Storage,Object Storage,europe-west1,Security,Threat Monitoring,test,429.39,GB,11.91,EUR
2026-01-25,GCP,gcp-3001,gcp-resource-01090,Compute,CPU Hours,europe-west1,Data Platform,Data Governance,DEV,365.73,hours,74.94,EUR
2026-01-31,GCP,gcp-3001,gcp-resource-01091,Storage,Object Storage,europe-north1,,Threat Monitoring,Production,152.25,GB,7.07,EUR
2026-03-02,Azure,az-2002,azure-resource-01092,Storage,Disk Storage,northeurope,Data Platform,Analytics Platform,prod,12.1,GB,0.57,EUR
2026-04-30,AWS,aws-1002,aws-resource-01093,Networking,Data Transfer,eu-west-1,Data Platform,Analytics Platform,DEV,19.8,GB,1.58,EUR
2026-03-11,GCP,gcp-3001,gcp-resource-01094,Compute,Instance Hours,europe-north1,Data Platform,Data Governance,prod,401.96,hours,111.65,EUR
2026-06-03,AWS,aws-1002,aws-resource-01095,Compute,CPU Hours,eu-central-1,Security,Threat Monitoring,test,28.41,hours,4.91,EUR
2026-02-14,GCP,gcp-3001,gcp-resource-01096,Storage,Disk Storage,europe-north1,Infrastructure,Shared Services,Development,368.92,GB,10.56,EUR
2026-02-05,Azure,az-2002,azure-resource-01097,Database,Read Operations,northeurope,Customer Product,Mobile Application,DEV,47.79,hours,15.49,EUR
2026-06-11,Azure,az-2001,azure-resource-01098,Storage,Object Storage,westeurope,Data Platform,Data Governance,test,76.8,GB,2.19,EUR
2026-01-02,GCP,gcp-3001,gcp-resource-01099,Networking,Data Transfer,europe-west1,Data Platform,Data Governance,Test,25.78,GB,1.82,EUR
2026-06-18,GCP,gcp-3001,gcp-resource-01100,Database,Database Hours,europe-north1,Security,Identity Platform,Development,276.48,hours,93.72,EUR
2026-01-01,GCP,gcp-3001,gcp-resource-01101,Networking,Public IP,europe-west1,Data Platform,Analytics Platform,test,448.14,GB,32.5,EUR
2026-01-07,AWS,aws-1001,aws-resource-01102,Database,Database Hours,eu-central-1,Customer Product,Mobile Application,test,52.81,hours,20.23,EUR
2026-04-14,AWS,aws-1001,aws-resource-01103,Storage,Disk Storage,eu-central-1,,Customer Portal,Production,213.85,GB,11.05,EUR
2026-06-23,Azure,az-2002,azure-resource-01104,Database,Database Hours,northeurope,Customer Product,Mobile Application,DEV,319.43,hours,114.93,EUR
2026-04-19,Azure,az-2002,azure-resource-01105,Database,Read Operations,westeurope,Data Platform,Data Governance,DEV,377.69,hours,142.89,EUR
2026-06-11,Azure,az-2001,azure-resource-01106,Compute,CPU Hours,northeurope,Security,Identity Platform,Production,126.47,hours,45.04,EUR
2026-04-16,GCP,gcp-3001,gcp-resource-01107,Database,Database Hours,europe-west1,,Mobile Application,test,428.05,hours,137.08,EUR
2026-05-18,GCP,gcp-3001,gcp-resource-01108,Compute,CPU Hours,europe-west1,Security,Identity Platform,test,284.7,hours,55.88,EUR
2026-06-25,GCP,gcp-3001,gcp-resource-01109,Networking,Data Transfer,europe-west1,Customer Product,Mobile Application,Development,302.55,GB,23.67,EUR
2026-01-12,Azure,az-2002,azure-resource-01110,Networking,Data Transfer,westeurope,Customer Product,Customer Portal,test,453.18,GB,39.22,EUR
2026-06-04,Azure,az-2001,azure-resource-01111,Networking,Public IP,northeurope,Customer Product,Mobile Application,Production,55.26,GB,7.1,EUR
2026-06-29,Azure,az-2002,azure-resource-01112,Networking,Data Transfer,westeurope,Data Platform,Data Governance,DEV,21.6,GB,1.69,EUR
2026-05-27,AWS,aws-1001,aws-resource-01113,Database,Database Hours,eu-central-1,Infrastructure,Shared Services,prod,64.9,hours,36.74,EUR
2026-01-11,GCP,gcp-3001,gcp-resource-01114,Database,Database Hours,europe-west1,,Shared Services,prod,293.15,hours,163.4,EUR
2026-05-30,Azure,az-2001,azure-resource-01115,Storage,Disk Storage,westeurope,Security,Identity Platform,Production,60.81,GB,3.45,EUR
2026-05-22,Azure,az-2001,azure-resource-01116,Storage,Object Storage,westeurope,Security,Identity Platform,DEV,110.99,GB,3.0,EUR
2026-04-16,GCP,gcp-3001,gcp-resource-01117,Storage,Object Storage,europe-north1,Data Platform,Data Governance,Test,86.54,GB,2.7,EUR
2026-04-06,Azure,az-2002,azure-resource-01118,Compute,CPU Hours,westeurope,Security,Identity Platform,Production,100.34,hours,34.72,EUR
2026-05-08,GCP,gcp-3001,gcp-resource-01119,Storage,Disk Storage,europe-west1,Security,Threat Monitoring,prod,124.46,GB,6.76,EUR
2026-03-29,Azure,az-2002,azure-resource-01120,Compute,CPU Hours,northeurope,Data Platform,,Development,199.67,hours,35.56,EUR
2026-06-07,Azure,az-2001,azure-resource-01121,Networking,Public IP,northeurope,Security,,DEV,487.74,GB,39.4,EUR
2026-03-20,Azure,az-2001,azure-resource-01122,Database,Read Operations,northeurope,Customer Product,Mobile Application,prod,285.18,hours,171.5,EUR
2026-02-18,Azure,az-2002,azure-resource-01123,Database,Read Operations,westeurope,Security,Identity Platform,prod,402.11,hours,267.64,EUR
2026-06-15,Azure,az-2002,azure-resource-01124,Storage,Disk Storage,westeurope,Data Platform,Data Governance,test,416.04,GB,11.29,EUR
2026-04-07,Azure,az-2002,azure-resource-01125,Networking,Data Transfer,westeurope,Infrastructure,Shared Services,Test,40.66,GB,2.89,EUR
2026-03-10,AWS,aws-1001,aws-resource-01126,Database,Read Operations,eu-central-1,Security,Threat Monitoring,Development,258.0,hours,88.15,EUR
2026-01-14,GCP,gcp-3001,gcp-resource-01127,Compute,Instance Hours,europe-north1,Security,Threat Monitoring,prod,65.84,hours,23.0,EUR
2026-01-16,AWS,aws-1001,aws-resource-01128,Database,Database Hours,eu-central-1,Customer Product,Customer Portal,prod,24.77,hours,16.36,EUR
2026-05-22,GCP,gcp-3001,gcp-resource-01129,Database,Database Hours,europe-west1,Infrastructure,Shared Services,Test,287.46,hours,93.57,EUR
2026-02-11,AWS,aws-1001,aws-resource-01130,Database,Read Operations,eu-central-1,Customer Product,Customer Portal,prod,273.15,hours,147.17,EUR
2026-03-13,AWS,aws-1001,aws-resource-01131,Compute,Instance Hours,eu-west-1,Customer Product,Mobile Application,prod,446.48,hours,162.78,EUR
2026-02-08,GCP,gcp-3001,gcp-resource-01132,Database,Read Operations,europe-west1,Security,Threat Monitoring,Production,207.22,hours,128.36,EUR
2026-06-07,GCP,gcp-3001,gcp-resource-01133,Database,Read Operations,europe-west1,Customer Product,Mobile Application,Development,164.43,hours,57.53,EUR
2026-03-05,Azure,az-2002,azure-resource-01134,Storage,Object Storage,northeurope,Data Platform,Data Governance,prod,160.53,GB,8.42,EUR
2026-03-30,GCP,gcp-3001,gcp-resource-01135,Networking,Public IP,europe-west1,Data Platform,,test,401.05,GB,31.01,EUR
2026-03-08,Azure,az-2002,azure-resource-01136,Networking,Data Transfer,westeurope,Security,Threat Monitoring,prod,138.22,GB,22.36,EUR
2026-06-07,AWS,aws-1001,aws-resource-01137,Storage,Disk Storage,eu-west-1,Data Platform,Data Governance,Production,355.02,GB,17.21,EUR
2026-04-15,GCP,gcp-3001,gcp-resource-01138,Database,Database Hours,europe-west1,Security,Identity Platform,Development,436.15,hours,138.27,EUR
2026-02-20,AWS,aws-1001,aws-resource-01139,Compute,Instance Hours,eu-west-1,Data Platform,Analytics Platform,DEV,447.99,hours,74.26,EUR
2026-03-04,Azure,az-2001,azure-resource-01140,Storage,Disk Storage,westeurope,Data Platform,Data Governance,prod,80.6,GB,4.92,EUR
2026-06-05,Azure,az-2002,azure-resource-01141,Compute,CPU Hours,northeurope,Data Platform,,prod,424.04,hours,126.75,EUR
2026-04-07,AWS,aws-1001,aws-resource-01142,Networking,Data Transfer,eu-central-1,Customer Product,Customer Portal,Test,378.48,GB,26.35,EUR
2026-06-05,Azure,az-2002,azure-resource-01143,Networking,Public IP,northeurope,Security,Threat Monitoring,test,471.93,GB,36.1,EUR
2026-04-16,AWS,aws-1002,aws-resource-01144,Networking,Public IP,eu-central-1,Customer Product,Customer Portal,Development,421.76,GB,29.85,EUR
2026-04-26,Azure,az-2001,azure-resource-01145,Compute,CPU Hours,northeurope,Infrastructure,,DEV,388.66,hours,75.21,EUR
2026-02-22,AWS,aws-1002,aws-resource-01146,Storage,Object Storage,eu-central-1,Data Platform,Analytics Platform,DEV,235.84,GB,7.0,EUR
2026-04-21,AWS,aws-1001,aws-resource-01147,Storage,Disk Storage,eu-central-1,Customer Product,,DEV,455.15,GB,15.24,EUR
2026-01-26,GCP,gcp-3001,gcp-resource-01148,Networking,Public IP,europe-west1,,Data Governance,Development,461.38,GB,33.21,EUR
2026-03-14,AWS,aws-1002,aws-resource-01149,Storage,Object Storage,eu-west-1,Infrastructure,Cloud Migration,Test,232.84,GB,7.24,EUR
2026-02-09,Azure,az-2002,azure-resource-01150,Networking,Public IP,northeurope,Security,Identity Platform,test,285.34,GB,19.86,EUR
2026-01-11,GCP,gcp-3001,gcp-resource-01151,Database,Read Operations,europe-west1,Customer Product,Customer Portal,Test,195.03,hours,66.1,EUR
2026-02-23,AWS,aws-1001,aws-resource-01152,Storage,Object Storage,eu-west-1,Security,Identity Platform,prod,216.32,GB,11.92,EUR
2026-01-21,AWS,aws-1002,aws-resource-01153,Database,Read Operations,eu-central-1,Security,Identity Platform,prod,462.79,hours,290.99,EUR
2026-06-02,Azure,az-2001,azure-resource-01154,Database,Database Hours,westeurope,Infrastructure,Shared Services,test,296.94,hours,109.62,EUR
2026-06-01,Azure,az-2002,azure-resource-01155,Networking,Public IP,westeurope,Infrastructure,Shared Services,test,495.7,GB,34.32,EUR
2026-04-16,AWS,aws-1002,aws-resource-01156,Storage,Disk Storage,eu-central-1,Customer Product,Customer Portal,Production,350.2,GB,18.94,EUR
2026-01-15,Azure,az-2002,azure-resource-01157,Compute,CPU Hours,northeurope,Customer Product,Customer Portal,test,37.83,hours,6.43,EUR
2026-05-06,AWS,aws-1002,aws-resource-01158,Networking,Data Transfer,eu-central-1,Security,Identity Platform,Development,121.66,GB,10.84,EUR
2026-01-22,Azure,az-2001,azure-resource-01159,Storage,Object Storage,westeurope,Infrastructure,Cloud Migration,prod,301.0,GB,16.71,EUR
2026-01-01,GCP,gcp-3001,gcp-resource-01160,Compute,Instance Hours,europe-west1,Customer Product,,test,325.75,hours,67.29,EUR
2026-01-10,AWS,aws-1001,aws-resource-01161,Database,Database Hours,eu-west-1,Infrastructure,,prod,446.98,hours,267.25,EUR
2026-06-06,AWS,aws-1002,aws-resource-01162,Storage,Object Storage,eu-west-1,Security,Threat Monitoring,Test,419.24,GB,10.96,EUR
2026-06-20,Azure,az-2001,azure-resource-01163,Database,Read Operations,northeurope,Customer Product,Customer Portal,Development,20.86,hours,8.07,EUR
2026-04-29,Azure,az-2001,azure-resource-01164,Database,Database Hours,westeurope,Infrastructure,Shared Services,Development,334.8,hours,107.0,EUR
2026-03-27,AWS,aws-1002,aws-resource-01165,Compute,Instance Hours,eu-central-1,Data Platform,Analytics Platform,prod,362.77,hours,109.87,EUR
2026-04-11,Azure,az-2001,azure-resource-01166,Networking,Public IP,westeurope,Data Platform,Data Governance,DEV,329.81,GB,25.31,EUR
2026-03-24,AWS,aws-1002,aws-resource-01167,Compute,Instance Hours,eu-central-1,Infrastructure,Shared Services,test,483.44,hours,94.43,EUR
2026-03-27,GCP,gcp-3001,gcp-resource-01168,Networking,Data Transfer,europe-west1,,Cloud Migration,Development,210.82,GB,16.8,EUR
2026-06-07,AWS,aws-1002,aws-resource-01169,Networking,Public IP,eu-west-1,Infrastructure,Cloud Migration,Production,317.61,GB,48.64,EUR
2026-04-11,AWS,aws-1001,aws-resource-01170,Networking,Public IP,eu-west-1,Customer Product,Customer Portal,test,373.31,GB,27.84,EUR
2026-05-02,Azure,az-2002,azure-resource-01171,Database,Read Operations,westeurope,Security,,Test,315.39,hours,120.05,EUR
2026-05-29,Azure,az-2002,azure-resource-01172,Storage,Disk Storage,northeurope,Security,Threat Monitoring,Production,409.28,GB,23.22,EUR
2026-01-20,AWS,aws-1002,aws-resource-01173,Storage,Disk Storage,eu-west-1,Data Platform,Analytics Platform,DEV,6.11,GB,0.16,EUR
2026-03-02,GCP,gcp-3001,gcp-resource-01174,Database,Read Operations,europe-west1,Data Platform,Data Governance,test,278.42,hours,105.62,EUR
2026-03-08,GCP,gcp-3001,gcp-resource-01175,Storage,Disk Storage,europe-north1,,Data Governance,DEV,15.24,GB,0.41,EUR
2026-05-21,Azure,az-2001,azure-resource-01176,Storage,Object Storage,westeurope,Security,Identity Platform,Development,158.2,GB,4.81,EUR
2026-04-26,AWS,aws-1002,aws-resource-01177,Compute,Instance Hours,eu-central-1,Customer Product,Customer Portal,Development,482.75,hours,76.82,EUR
2026-02-18,GCP,gcp-3001,gcp-resource-01178,Compute,Instance Hours,europe-west1,Security,Threat Monitoring,Production,179.85,hours,56.31,EUR
2026-06-11,AWS,aws-1002,aws-resource-01179,Storage,Object Storage,eu-central-1,Customer Product,Mobile Application,Test,101.11,GB,3.48,EUR
2026-06-28,Azure,az-2001,azure-resource-01180,Networking,Data Transfer,northeurope,Data Platform,Data Governance,test,244.29,GB,20.05,EUR
2026-05-27,GCP,gcp-3001,gcp-resource-01181,Networking,Data Transfer,europe-north1,Security,Threat Monitoring,Production,23.01,GB,3.0,EUR
2026-05-14,GCP,gcp-3001,gcp-resource-01182,Database,Database Hours,europe-north1,Security,Identity Platform,Production,71.37,hours,39.51,EUR
2026-03-17,Azure,az-2001,azure-resource-01183,Database,Database Hours,westeurope,Data Platform,Analytics Platform,prod,159.47,hours,110.18,EUR
2026-04-04,Azure,az-2001,azure-resource-01184,Storage,Disk Storage,northeurope,Infrastructure,Shared Services,DEV,490.75,GB,16.82,EUR
2026-05-15,GCP,gcp-3001,gcp-resource-01185,Database,Read Operations,europe-west1,,Identity Platform,prod,357.34,hours,250.08,EUR
2026-01-13,AWS,aws-1002,aws-resource-01186,Database,Read Operations,eu-west-1,Infrastructure,Shared Services,prod,293.2,hours,161.38,EUR
2026-01-24,GCP,gcp-3001,gcp-resource-01187,Database,Read Operations,europe-west1,Infrastructure,Cloud Migration,Production,159.39,hours,111.8,EUR
2026-01-28,AWS,aws-1002,aws-resource-01188,Compute,Instance Hours,eu-west-1,Data Platform,Analytics Platform,DEV,405.7,hours,70.97,EUR
2026-02-25,AWS,aws-1001,aws-resource-01189,Database,Database Hours,eu-west-1,Customer Product,Customer Portal,Production,317.27,hours,170.91,EUR
2026-02-19,Azure,az-2002,azure-resource-01190,Compute,CPU Hours,westeurope,Infrastructure,Cloud Migration,DEV,109.45,hours,20.69,EUR
2026-06-04,Azure,az-2002,azure-resource-01191,Networking,Data Transfer,westeurope,Infrastructure,Shared Services,Production,354.92,GB,47.35,EUR
2026-02-03,Azure,az-2001,azure-resource-01192,Storage,Object Storage,westeurope,Infrastructure,Cloud Migration,Test,64.39,GB,2.03,EUR
2026-01-29,GCP,gcp-3001,gcp-resource-01193,Compute,CPU Hours,europe-west1,Data Platform,Data Governance,Production,289.41,hours,98.04,EUR
2026-04-16,Azure,az-2002,azure-resource-01194,Storage,Disk Storage,northeurope,Security,Identity Platform,Production,435.06,GB,22.26,EUR
2026-05-06,GCP,gcp-3001,gcp-resource-01195,Storage,Disk Storage,europe-north1,Customer Product,Customer Portal,test,429.77,GB,13.52,EUR
2026-02-22,AWS,aws-1002,aws-resource-01196,Database,Database Hours,eu-central-1,Data Platform,,Production,375.42,hours,238.24,EUR
2026-03-19,AWS,aws-1001,aws-resource-01197,Database,Read Operations,eu-west-1,Infrastructure,,Test,37.32,hours,12.88,EUR
2026-03-02,GCP,gcp-3001,gcp-resource-01198,Database,Read Operations,europe-west1,Security,Threat Monitoring,DEV,452.88,hours,135.55,EUR
2026-05-13,GCP,gcp-3001,gcp-resource-01199,Storage,Disk Storage,europe-west1,Data Platform,Data Governance,test,53.92,GB,1.79,EUR
2026-05-28,AWS,aws-1001,aws-resource-01200,Compute,CPU Hours,eu-west-1,Customer Product,Mobile Application,test,466.03,hours,92.84,EUR
2026-04-19,AWS,aws-1002,aws-resource-01201,Compute,CPU Hours,eu-west-1,Infrastructure,,prod,97.75,hours,33.88,EUR
2026-04-02,GCP,gcp-3001,gcp-resource-01202,Networking,Data Transfer,europe-north1,Infrastructure,Cloud Migration,prod,165.73,GB,26.43,EUR
2026-02-22,Azure,az-2002,azure-resource-01203,Storage,Disk Storage,westeurope,Security,Identity Platform,prod,119.5,GB,7.16,EUR
2026-05-31,AWS,aws-1002,aws-resource-01204,Networking,Data Transfer,eu-central-1,Customer Product,Customer Portal,Production,23.12,GB,2.84,EUR
2026-06-03,GCP,gcp-3001,gcp-resource-01205,Networking,Data Transfer,europe-north1,Customer Product,Customer Portal,Production,51.29,GB,6.83,EUR
2026-01-26,GCP,gcp-3001,gcp-resource-01206,Database,Database Hours,europe-north1,Customer Product,Customer Portal,prod,398.88,hours,280.5,EUR
2026-06-10,AWS,aws-1001,aws-resource-01207,Networking,Public IP,eu-west-1,Infrastructure,Shared Services,prod,18.32,GB,2.32,EUR
2026-01-16,AWS,aws-1002,aws-resource-01208,Storage,Object Storage,eu-west-1,Customer Product,Customer Portal,prod,102.83,GB,5.21,EUR
2026-06-26,AWS,aws-1001,aws-resource-01209,Compute,Instance Hours,eu-central-1,Customer Product,Mobile Application,Development,418.2,hours,73.74,EUR
2026-02-24,Azure,az-2001,azure-resource-01210,Compute,Instance Hours,northeurope,,Mobile Application,DEV,58.72,hours,11.41,EUR
2026-06-01,AWS,aws-1002,aws-resource-01211,Networking,Public IP,eu-west-1,Customer Product,Customer Portal,Test,442.5,GB,35.73,EUR
2026-02-24,GCP,gcp-3001,gcp-resource-01212,Storage,Object Storage,europe-north1,Security,Threat Monitoring,DEV,143.19,GB,3.99,EUR
2026-06-29,Azure,az-2001,azure-resource-01213,Networking,Public IP,northeurope,Security,Identity Platform,test,67.76,GB,4.7,EUR
2026-06-05,GCP,gcp-3001,gcp-resource-01214,Storage,Object Storage,europe-west1,Data Platform,Analytics Platform,prod,124.04,GB,5.8,EUR
2026-02-22,Azure,az-2001,azure-resource-01215,Compute,Instance Hours,westeurope,Infrastructure,Shared Services,prod,26.79,hours,8.66,EUR
2026-02-12,GCP,gcp-3001,gcp-resource-01216,Storage,Disk Storage,europe-west1,Security,Identity Platform,Production,370.18,GB,18.92,EUR
2026-06-13,AWS,aws-1001,aws-resource-01217,Compute,Instance Hours,eu-west-1,Data Platform,Analytics Platform,Production,164.64,hours,57.47,EUR
2026-04-01,Azure,az-2002,azure-resource-01218,Compute,CPU Hours,westeurope,,Threat Monitoring,Test,17.79,hours,2.87,EUR
2026-05-03,GCP,gcp-3001,gcp-resource-01219,Database,Read Operations,europe-west1,Infrastructure,Shared Services,prod,302.17,hours,194.73,EUR
2026-06-03,AWS,aws-1001,aws-resource-01220,Storage,Object Storage,eu-central-1,Infrastructure,Cloud Migration,Test,220.17,GB,5.67,EUR
2026-05-25,AWS,aws-1001,aws-resource-01221,Networking,Data Transfer,eu-central-1,Infrastructure,Shared Services,Development,267.37,GB,20.78,EUR
2026-04-07,AWS,aws-1001,aws-resource-01222,Database,Database Hours,eu-central-1,Customer Product,,Development,411.68,hours,156.41,EUR
2026-01-05,AWS,aws-1001,aws-resource-01223,Networking,Data Transfer,eu-west-1,Customer Product,Customer Portal,Test,232.71,GB,17.81,EUR
2026-05-16,AWS,aws-1001,aws-resource-01224,Database,Read Operations,eu-central-1,Data Platform,Analytics Platform,Test,66.51,hours,23.67,EUR
2026-05-16,GCP,gcp-3001,gcp-resource-01225,Storage,Disk Storage,europe-north1,Security,Threat Monitoring,prod,192.15,GB,11.2,EUR
2026-06-15,AWS,aws-1002,aws-resource-01226,Storage,Disk Storage,eu-central-1,Data Platform,Analytics Platform,Development,364.36,GB,11.0,EUR
2026-02-24,AWS,aws-1001,aws-resource-01227,Compute,CPU Hours,eu-central-1,Customer Product,Mobile Application,test,363.99,hours,66.07,EUR
2026-04-06,AWS,aws-1002,aws-resource-01228,Networking,Data Transfer,eu-west-1,Data Platform,Data Governance,DEV,82.55,GB,7.49,EUR
2026-01-06,Azure,az-2001,azure-resource-01229,Storage,Disk Storage,northeurope,Infrastructure,Shared Services,prod,479.81,GB,29.11,EUR
2026-02-27,Azure,az-2001,azure-resource-01230,Networking,Public IP,westeurope,Infrastructure,Shared Services,Test,255.08,GB,22.97,EUR
2026-06-26,GCP,gcp-3001,gcp-resource-01231,Storage,Object Storage,europe-north1,Infrastructure,Shared Services,Test,416.72,GB,10.86,EUR
2026-05-31,GCP,gcp-3001,gcp-resource-01232,Compute,Instance Hours,europe-north1,Infrastructure,Cloud Migration,Development,101.19,hours,18.36,EUR
2026-02-01,GCP,gcp-3001,gcp-resource-01233,Storage,Object Storage,europe-west1,Customer Product,Customer Portal,DEV,265.47,GB,8.49,EUR
2026-04-15,GCP,gcp-3001,gcp-resource-01234,Compute,Instance Hours,europe-west1,Customer Product,Mobile Application,Development,499.72,hours,77.52,EUR
2026-05-15,GCP,gcp-3001,gcp-resource-01235,Networking,Data Transfer,europe-west1,Infrastructure,Shared Services,DEV,390.56,GB,33.31,EUR
2026-01-04,AWS,aws-1001,aws-resource-01236,Compute,CPU Hours,eu-central-1,Data Platform,Analytics Platform,Test,68.31,hours,12.65,EUR
2026-06-08,Azure,az-2001,azure-resource-01237,Networking,Public IP,northeurope,Infrastructure,Shared Services,test,454.43,GB,40.9,EUR
2026-05-28,GCP,gcp-3001,gcp-resource-01238,Database,Database Hours,europe-north1,,Customer Portal,Production,436.07,hours,286.2,EUR
2026-02-13,AWS,aws-1001,aws-resource-01239,Storage,Object Storage,eu-west-1,Security,,prod,379.48,GB,19.92,EUR
2026-03-17,AWS,aws-1001,aws-resource-01240,Storage,Disk Storage,eu-west-1,Security,Threat Monitoring,Production,131.3,GB,6.1,EUR
2026-05-13,Azure,az-2001,azure-resource-01241,Compute,Instance Hours,westeurope,Infrastructure,Cloud Migration,DEV,483.31,hours,93.36,EUR
2026-06-05,Azure,az-2001,azure-resource-01242,Compute,Instance Hours,northeurope,Data Platform,,prod,183.85,hours,57.74,EUR
2026-03-29,AWS,aws-1002,aws-resource-01243,Networking,Data Transfer,eu-central-1,Data Platform,Data Governance,prod,384.96,GB,51.34,EUR
2026-02-06,GCP,gcp-3001,gcp-resource-01244,Storage,Disk Storage,europe-north1,Security,Identity Platform,DEV,382.71,GB,11.98,EUR
2026-03-29,GCP,gcp-3001,gcp-resource-01245,Compute,Instance Hours,europe-north1,Data Platform,Analytics Platform,Test,492.65,hours,96.13,EUR
2026-06-20,GCP,gcp-3001,gcp-resource-01246,Storage,Disk Storage,europe-west1,Security,Identity Platform,Test,363.31,GB,9.44,EUR
2026-04-26,GCP,gcp-3001,gcp-resource-01247,Compute,Instance Hours,europe-north1,Infrastructure,Cloud Migration,prod,467.81,hours,161.33,EUR
2026-04-27,GCP,gcp-3001,gcp-resource-01248,Networking,Public IP,europe-west1,Security,Threat Monitoring,Test,374.28,GB,31.52,EUR
2026-03-21,GCP,gcp-3001,gcp-resource-01249,Database,Database Hours,europe-west1,Security,Identity Platform,Development,15.53,hours,5.44,EUR
2026-01-15,AWS,aws-1002,aws-resource-01250,Storage,Object Storage,eu-central-1,Customer Product,Mobile Application,DEV,205.09,GB,6.26,EUR
2026-02-25,AWS,aws-1002,aws-resource-01251,Networking,Data Transfer,eu-west-1,Data Platform,Data Governance,Production,322.76,GB,41.93,EUR
2026-01-01,Azure,az-2002,azure-resource-01252,Database,Read Operations,westeurope,Customer Product,Customer Portal,Production,418.81,hours,301.92,EUR
2026-05-20,AWS,aws-1001,aws-resource-01253,Networking,Public IP,eu-central-1,Infrastructure,Cloud Migration,prod,206.08,GB,32.02,EUR
2026-04-20,AWS,aws-1001,aws-resource-01254,Networking,Data Transfer,eu-west-1,Security,,prod,12.39,GB,1.77,EUR
2026-05-31,GCP,gcp-3001,gcp-resource-01255,Database,Read Operations,europe-west1,Infrastructure,Cloud Migration,Development,202.34,hours,63.36,EUR
2026-04-10,AWS,aws-1001,aws-resource-01256,Storage,Object Storage,eu-west-1,,Identity Platform,Test,219.95,GB,6.38,EUR
2026-01-07,Azure,az-2001,azure-resource-01257,Storage,Object Storage,northeurope,Data Platform,Analytics Platform,Development,412.66,GB,13.58,EUR
2026-02-15,GCP,gcp-3001,gcp-resource-01258,Compute,CPU Hours,europe-north1,Infrastructure,Cloud Migration,test,164.09,hours,29.12,EUR
2026-06-03,GCP,gcp-3001,gcp-resource-01259,Storage,Disk Storage,europe-west1,Data Platform,Data Governance,Production,448.38,GB,23.78,EUR
2026-05-23,AWS,aws-1001,aws-resource-01260,Networking,Public IP,eu-central-1,Customer Product,Mobile Application,prod,300.17,GB,41.21,EUR
2026-03-09,Azure,az-2001,azure-resource-01261,Compute,Instance Hours,westeurope,Customer Product,Customer Portal,DEV,468.6,hours,88.77,EUR
2026-02-21,AWS,aws-1002,aws-resource-01262,Networking,Public IP,eu-west-1,Customer Product,Customer Portal,Development,182.15,GB,16.45,EUR
2026-02-11,Azure,az-2001,azure-resource-01263,Compute,CPU Hours,westeurope,Security,Identity Platform,prod,340.63,hours,96.41,EUR
2026-02-18,AWS,aws-1001,aws-resource-01264,Networking,Public IP,eu-west-1,Customer Product,Mobile Application,Test,488.33,GB,37.61,EUR
2026-02-06,GCP,gcp-3001,gcp-resource-01265,Database,Read Operations,europe-west1,Infrastructure,Shared Services,prod,432.96,hours,258.28,EUR
2026-04-12,AWS,aws-1002,aws-resource-01266,Networking,Data Transfer,eu-west-1,Infrastructure,Shared Services,prod,342.61,GB,54.25,EUR
2026-05-31,Azure,az-2001,azure-resource-01267,Networking,Data Transfer,westeurope,,Customer Portal,test,50.67,GB,4.04,EUR
2026-04-20,Azure,az-2001,azure-resource-01268,Networking,Data Transfer,westeurope,Customer Product,Mobile Application,test,344.96,GB,27.08,EUR
2026-06-29,GCP,gcp-3001,gcp-resource-01269,Storage,Disk Storage,europe-west1,,Shared Services,DEV,480.08,GB,12.34,EUR
2026-01-04,Azure,az-2002,azure-resource-01270,Networking,Data Transfer,northeurope,Data Platform,Data Governance,DEV,261.55,GB,22.85,EUR
2026-04-11,GCP,gcp-3001,gcp-resource-01271,Storage,Object Storage,europe-north1,Data Platform,Analytics Platform,Development,338.57,GB,8.9,EUR
2026-02-14,GCP,gcp-3001,gcp-resource-01272,Networking,Data Transfer,europe-north1,Data Platform,Data Governance,Production,263.8,GB,41.07,EUR
2026-06-05,GCP,gcp-3001,gcp-resource-01273,Networking,Data Transfer,europe-west1,Security,Identity Platform,test,137.92,GB,10.8,EUR
2026-06-03,AWS,aws-1002,aws-resource-01274,Compute,CPU Hours,eu-west-1,Infrastructure,Cloud Migration,prod,332.85,hours,109.21,EUR
2026-01-10,Azure,az-2002,azure-resource-01275,Database,Database Hours,northeurope,Data Platform,Analytics Platform,Test,256.23,hours,102.12,EUR
2026-04-26,AWS,aws-1002,aws-resource-01276,Storage,Disk Storage,eu-west-1,Security,Threat Monitoring,test,97.45,GB,3.3,EUR
2026-04-22,GCP,gcp-3001,gcp-resource-01277,Compute,Instance Hours,europe-west1,Security,Threat Monitoring,Test,79.21,hours,14.79,EUR
2026-02-17,Azure,az-2001,azure-resource-01278,Storage,Disk Storage,westeurope,Security,Identity Platform,test,264.57,GB,7.7,EUR
2026-05-26,GCP,gcp-3001,gcp-resource-01279,Database,Database Hours,europe-west1,Data Platform,Data Governance,test,311.67,hours,115.16,EUR
2026-06-01,AWS,aws-1002,aws-resource-01280,Database,Database Hours,eu-west-1,Customer Product,Mobile Application,prod,467.44,hours,285.05,EUR
2026-04-11,Azure,az-2001,azure-resource-01281,Database,Database Hours,westeurope,Customer Product,Customer Portal,Test,370.98,hours,143.35,EUR
2026-05-04,Azure,az-2001,azure-resource-01282,Networking,Public IP,northeurope,,Mobile Application,Development,97.37,GB,8.4,EUR
2026-01-27,AWS,aws-1001,aws-resource-01283,Storage,Object Storage,eu-central-1,Security,Identity Platform,Test,305.93,GB,9.69,EUR
2026-05-05,Azure,az-2002,azure-resource-01284,Database,Read Operations,westeurope,Data Platform,Data Governance,Test,165.57,hours,59.86,EUR
2026-05-04,AWS,aws-1002,aws-resource-01285,Storage,Object Storage,eu-west-1,Infrastructure,Cloud Migration,Test,41.88,GB,1.38,EUR
2026-03-25,AWS,aws-1002,aws-resource-01286,Database,Read Operations,eu-west-1,Customer Product,,Development,109.04,hours,35.96,EUR
2026-05-02,Azure,az-2001,azure-resource-01287,Database,Database Hours,northeurope,Customer Product,Customer Portal,Test,443.62,hours,170.06,EUR
2026-01-28,Azure,az-2002,azure-resource-01288,Database,Database Hours,westeurope,Data Platform,Analytics Platform,prod,350.08,hours,230.03,EUR
2026-05-24,Azure,az-2001,azure-resource-01289,Storage,Object Storage,northeurope,Security,Threat Monitoring,Production,349.56,GB,19.01,EUR
2026-02-11,AWS,aws-1001,aws-resource-01290,Database,Read Operations,eu-central-1,Infrastructure,Cloud Migration,Test,428.94,hours,143.3,EUR
2026-02-05,Azure,az-2002,azure-resource-01291,Compute,CPU Hours,northeurope,Infrastructure,Shared Services,DEV,143.37,hours,28.61,EUR
2026-03-15,GCP,gcp-3001,gcp-resource-01292,Database,Database Hours,europe-north1,Infrastructure,Shared Services,Development,394.87,hours,152.37,EUR
2026-03-20,GCP,gcp-3001,gcp-resource-01293,Compute,Instance Hours,europe-west1,Data Platform,,Production,441.83,hours,123.52,EUR
2026-05-04,AWS,aws-1001,aws-resource-01294,Storage,Object Storage,eu-central-1,Customer Product,Customer Portal,Production,108.13,GB,5.53,EUR
2026-06-08,GCP,gcp-3001,gcp-resource-01295,Storage,Object Storage,europe-north1,Data Platform,Data Governance,Test,310.37,GB,8.99,EUR
2026-02-08,GCP,gcp-3001,gcp-resource-01296,Storage,Object Storage,europe-north1,Security,Threat Monitoring,test,474.98,GB,14.86,EUR
2026-05-20,GCP,gcp-3001,gcp-resource-01297,Storage,Object Storage,europe-west1,Infrastructure,Shared Services,Test,113.13,GB,3.71,EUR
2026-04-07,AWS,aws-1001,aws-resource-01298,Storage,Object Storage,eu-west-1,Customer Product,Customer Portal,test,155.91,GB,4.11,EUR
2026-05-01,Azure,az-2002,azure-resource-01299,Database,Database Hours,northeurope,Security,Identity Platform,Development,16.99,hours,5.35,EUR
2026-02-04,AWS,aws-1002,aws-resource-01300,Storage,Object Storage,eu-west-1,Infrastructure,Shared Services,Development,283.21,GB,7.9,EUR
2026-05-21,Azure,az-2001,azure-resource-01301,Storage,Disk Storage,westeurope,Data Platform,Data Governance,prod,366.13,GB,19.13,EUR
2026-05-25,GCP,gcp-3001,gcp-resource-01302,Networking,Data Transfer,europe-north1,Customer Product,Customer Portal,DEV,394.67,GB,33.74,EUR
2026-06-18,AWS,aws-1001,aws-resource-01303,Storage,Disk Storage,eu-west-1,Customer Product,Customer Portal,Production,367.74,GB,21.64,EUR
2026-05-19,GCP,gcp-3001,gcp-resource-01304,Storage,Disk Storage,europe-north1,Customer Product,Customer Portal,prod,395.73,GB,23.65,EUR
2026-04-11,Azure,az-2002,azure-resource-01305,Networking,Data Transfer,westeurope,Data Platform,Data Governance,test,441.84,GB,32.37,EUR
2026-02-16,GCP,gcp-3001,gcp-resource-01306,Database,Read Operations,europe-west1,Infrastructure,Shared Services,DEV,307.55,hours,114.91,EUR
2026-05-15,AWS,aws-1002,aws-resource-01307,Storage,Object Storage,eu-west-1,Security,Identity Platform,test,451.03,GB,13.4,EUR
2026-04-04,Azure,az-2002,azure-resource-01308,Database,Database Hours,westeurope,Customer Product,,test,377.61,hours,116.25,EUR
2026-05-10,AWS,aws-1002,aws-resource-01309,Compute,CPU Hours,eu-west-1,Data Platform,Data Governance,test,442.99,hours,80.18,EUR
2026-01-11,GCP,gcp-3001,gcp-resource-01310,Database,Database Hours,europe-north1,Infrastructure,Cloud Migration,Production,400.35,hours,284.19,EUR
2026-03-30,Azure,az-2001,azure-resource-01311,Storage,Object Storage,westeurope,Security,Identity Platform,Test,163.76,GB,4.85,EUR
2026-05-11,AWS,aws-1001,aws-resource-01312,Storage,Object Storage,eu-west-1,Customer Product,,prod,241.59,GB,13.65,EUR
2026-04-12,AWS,aws-1001,aws-resource-01313,Networking,Data Transfer,eu-west-1,Security,Identity Platform,Production,306.31,GB,39.02,EUR
2026-02-05,AWS,aws-1001,aws-resource-01314,Storage,Object Storage,eu-west-1,Customer Product,Customer Portal,DEV,208.01,GB,6.71,EUR
2026-04-25,AWS,aws-1001,aws-resource-01315,Compute,CPU Hours,eu-central-1,Security,Threat Monitoring,Production,64.87,hours,22.42,EUR
2026-06-19,AWS,aws-1001,aws-resource-01316,Storage,Disk Storage,eu-central-1,Customer Product,Customer Portal,DEV,171.97,GB,5.22,EUR
2026-06-10,GCP,gcp-3001,gcp-resource-01317,Compute,CPU Hours,europe-west1,Customer Product,,Production,395.97,hours,135.34,EUR
2026-06-29,GCP,gcp-3001,gcp-resource-01318,Database,Read Operations,europe-north1,Customer Product,Customer Portal,Production,420.8,hours,272.37,EUR
2026-02-28,AWS,aws-1002,aws-resource-01319,Compute,Instance Hours,eu-west-1,Customer Product,Mobile Application,DEV,412.63,hours,80.43,EUR
2026-02-24,Azure,az-2001,azure-resource-01320,Storage,Disk Storage,westeurope,Security,Threat Monitoring,DEV,156.94,GB,5.31,EUR
2026-05-03,GCP,gcp-3001,gcp-resource-01321,Storage,Disk Storage,europe-north1,Data Platform,Analytics Platform,DEV,65.94,GB,2.05,EUR
2026-04-16,AWS,aws-1001,aws-resource-01322,Storage,Object Storage,eu-west-1,Data Platform,Data Governance,DEV,215.97,GB,6.66,EUR
2026-06-29,Azure,az-2002,azure-resource-01323,Compute,Instance Hours,westeurope,Infrastructure,Shared Services,test,317.71,hours,48.74,EUR
2026-04-26,AWS,aws-1002,aws-resource-01324,Compute,CPU Hours,eu-central-1,Data Platform,Data Governance,DEV,284.39,hours,55.31,EUR
2026-02-14,GCP,gcp-3001,gcp-resource-01325,Compute,CPU Hours,europe-north1,Infrastructure,Shared Services,Development,189.13,hours,33.28,EUR
2026-05-12,AWS,aws-1001,aws-resource-01326,Storage,Object Storage,eu-west-1,Infrastructure,Shared Services,Test,34.4,GB,0.91,EUR
2026-01-11,AWS,aws-1001,aws-resource-01327,Networking,Data Transfer,eu-central-1,Customer Product,Customer Portal,Production,247.05,GB,34.76,EUR
2026-02-20,Azure,az-2001,azure-resource-01328,Compute,CPU Hours,northeurope,Customer Product,Customer Portal,Development,353.63,hours,62.96,EUR
2026-05-16,AWS,aws-1002,aws-resource-01329,Storage,Disk Storage,eu-central-1,Data Platform,Data Governance,Production,407.43,GB,20.6,EUR
2026-05-16,AWS,aws-1002,aws-resource-01330,Networking,Public IP,eu-central-1,Customer Product,,Test,220.37,GB,16.83,EUR
2026-02-21,GCP,gcp-3001,gcp-resource-01331,Networking,Data Transfer,europe-north1,,Shared Services,Production,170.21,GB,28.19,EUR
2026-02-05,Azure,az-2002,azure-resource-01332,Networking,Data Transfer,westeurope,Security,,Test,36.72,GB,2.71,EUR
2026-01-18,AWS,aws-1001,aws-resource-01333,Database,Database Hours,eu-central-1,Security,Threat Monitoring,Development,315.28,hours,94.62,EUR
2026-05-20,GCP,gcp-3001,gcp-resource-01334,Networking,Public IP,europe-west1,Security,,test,329.28,GB,27.02,EUR
2026-05-31,Azure,az-2002,azure-resource-01335,Storage,Disk Storage,northeurope,Data Platform,,Test,306.38,GB,7.92,EUR
2026-06-04,GCP,gcp-3001,gcp-resource-01336,Networking,Data Transfer,europe-north1,Customer Product,Customer Portal,test,64.54,GB,5.03,EUR
2026-03-01,Azure,az-2001,azure-resource-01337,Compute,CPU Hours,northeurope,Customer Product,Customer Portal,DEV,242.55,hours,40.6,EUR
2026-03-09,AWS,aws-1001,aws-resource-01338,Storage,Disk Storage,eu-west-1,Infrastructure,Cloud Migration,Production,38.16,GB,2.26,EUR
2026-04-16,AWS,aws-1001,aws-resource-01339,Storage,Object Storage,eu-west-1,Security,Identity Platform,Test,422.9,GB,11.19,EUR
2026-05-30,GCP,gcp-3001,gcp-resource-01340,Database,Database Hours,europe-west1,Data Platform,Analytics Platform,Test,287.92,hours,103.66,EUR
2026-03-08,AWS,aws-1002,aws-resource-01341,Networking,Data Transfer,eu-west-1,Data Platform,Data Governance,Production,485.4,GB,78.87,EUR
2026-05-19,AWS,aws-1001,aws-resource-01342,Networking,Data Transfer,eu-west-1,Infrastructure,Cloud Migration,Test,190.03,GB,17.17,EUR
2026-01-22,Azure,az-2002,azure-resource-01343,Compute,CPU Hours,westeurope,Security,Threat Monitoring,prod,421.85,hours,131.77,EUR
2026-05-10,GCP,gcp-3001,gcp-resource-01344,Compute,CPU Hours,europe-north1,Customer Product,Mobile Application,prod,301.95,hours,95.59,EUR
2026-01-23,GCP,gcp-3001,gcp-resource-01345,Networking,Data Transfer,europe-north1,,Data Governance,test,63.37,GB,5.69,EUR
2026-04-07,Azure,az-2002,azure-resource-01346,Compute,Instance Hours,northeurope,Security,Identity Platform,test,278.84,hours,46.04,EUR
2026-06-06,GCP,gcp-3001,gcp-resource-01347,Networking,Public IP,europe-west1,Customer Product,Mobile Application,DEV,352.5,GB,26.36,EUR
2026-05-24,GCP,gcp-3001,gcp-resource-01348,Database,Database Hours,europe-north1,Security,Identity Platform,prod,37.06,hours,19.93,EUR
2026-05-27,AWS,aws-1001,aws-resource-01349,Storage,Disk Storage,eu-central-1,Infrastructure,Cloud Migration,Test,275.62,GB,7.03,EUR
2026-05-15,GCP,gcp-3001,gcp-resource-01350,Storage,Object Storage,europe-north1,Data Platform,Data Governance,DEV,79.91,GB,2.75,EUR
2026-03-05,AWS,aws-1002,aws-resource-01351,Compute,Instance Hours,eu-west-1,,Data Governance,Production,295.32,hours,103.05,EUR
2026-01-12,GCP,gcp-3001,gcp-resource-01352,Networking,Public IP,europe-west1,Data Platform,Analytics Platform,Production,174.16,GB,28.7,EUR
2026-06-07,Azure,az-2001,azure-resource-01353,Database,Read Operations,northeurope,Data Platform,Analytics Platform,Development,250.32,hours,81.36,EUR
2026-05-04,GCP,gcp-3001,gcp-resource-01354,Compute,Instance Hours,europe-north1,Customer Product,Mobile Application,DEV,204.02,hours,31.91,EUR
2026-04-16,GCP,gcp-3001,gcp-resource-01355,Compute,Instance Hours,europe-north1,Data Platform,Data Governance,Production,139.39,hours,44.39,EUR
2026-03-05,GCP,gcp-3001,gcp-resource-01356,Storage,Disk Storage,europe-north1,Security,Threat Monitoring,Test,333.27,GB,10.35,EUR
2026-02-01,GCP,gcp-3001,gcp-resource-01357,Networking,Data Transfer,europe-west1,Infrastructure,Cloud Migration,Development,402.77,GB,27.86,EUR
2026-05-02,GCP,gcp-3001,gcp-resource-01358,Networking,Public IP,europe-west1,Infrastructure,Cloud Migration,test,27.02,GB,1.91,EUR
2026-05-29,AWS,aws-1002,aws-resource-01359,Networking,Public IP,eu-central-1,Customer Product,Mobile Application,test,325.57,GB,22.92,EUR
2026-02-04,GCP,gcp-3001,gcp-resource-01360,Compute,CPU Hours,europe-west1,,,test,327.41,hours,55.42,EUR
2026-04-21,AWS,aws-1002,aws-resource-01361,Database,Read Operations,eu-west-1,Security,Threat Monitoring,test,431.47,hours,156.15,EUR
2026-05-06,Azure,az-2002,azure-resource-01362,Networking,Public IP,westeurope,,Cloud Migration,Development,160.8,GB,14.27,EUR
2026-02-03,GCP,gcp-3001,gcp-resource-01363,Networking,Public IP,europe-north1,Infrastructure,Shared Services,Test,403.61,GB,27.73,EUR
2026-03-27,Azure,az-2002,azure-resource-01364,Networking,Data Transfer,westeurope,Customer Product,Customer Portal,Development,31.83,GB,2.47,EUR
2026-04-20,AWS,aws-1002,aws-resource-01365,Networking,Public IP,eu-central-1,Customer Product,Customer Portal,prod,481.82,GB,75.59,EUR
2026-01-24,Azure,az-2002,azure-resource-01366,Storage,Disk Storage,northeurope,Infrastructure,Cloud Migration,prod,144.06,GB,8.91,EUR
2026-05-24,AWS,aws-1001,aws-resource-01367,Compute,Instance Hours,eu-west-1,Data Platform,Analytics Platform,DEV,243.19,hours,43.7,EUR
2026-03-09,AWS,aws-1001,aws-resource-01368,Database,Read Operations,eu-west-1,Security,Identity Platform,prod,497.14,hours,304.61,EUR
2026-02-28,AWS,aws-1002,aws-resource-01369,Compute,CPU Hours,eu-central-1,Customer Product,Customer Portal,test,381.06,hours,68.15,EUR
2026-02-14,GCP,gcp-3001,gcp-resource-01370,Compute,Instance Hours,europe-west1,Security,Threat Monitoring,Development,491.78,hours,100.42,EUR
2026-04-20,GCP,gcp-3001,gcp-resource-01371,Storage,Disk Storage,europe-north1,Infrastructure,Shared Services,Development,28.34,GB,0.9,EUR
2026-02-09,Azure,az-2002,azure-resource-01372,Networking,Public IP,northeurope,Infrastructure,Cloud Migration,Production,60.14,GB,9.81,EUR
2026-06-14,GCP,gcp-3001,gcp-resource-01373,Compute,CPU Hours,europe-west1,Security,Threat Monitoring,prod,125.23,hours,38.06,EUR
2026-01-16,AWS,aws-1001,aws-resource-01374,Storage,Disk Storage,eu-west-1,Security,Identity Platform,Development,358.54,GB,11.26,EUR
2026-02-07,AWS,aws-1002,aws-resource-01375,Database,Database Hours,eu-central-1,,Cloud Migration,prod,165.87,hours,105.92,EUR
2026-04-12,AWS,aws-1002,aws-resource-01376,Database,Read Operations,eu-central-1,Data Platform,Analytics Platform,test,371.45,hours,130.58,EUR
2026-03-08,GCP,gcp-3001,gcp-resource-01377,Compute,CPU Hours,europe-west1,Security,Threat Monitoring,Development,458.81,hours,93.87,EUR
2026-01-04,GCP,gcp-3001,gcp-resource-01378,Storage,Object Storage,europe-west1,Infrastructure,Cloud Migration,DEV,353.77,GB,10.78,EUR
2026-02-09,AWS,aws-1001,aws-resource-01379,Networking,Public IP,eu-central-1,Infrastructure,Shared Services,DEV,494.15,GB,39.86,EUR
2026-01-23,Azure,az-2002,azure-resource-01380,Storage,Disk Storage,westeurope,Security,Identity Platform,prod,130.63,GB,6.49,EUR
2026-02-08,Azure,az-2001,azure-resource-01381,Storage,Disk Storage,westeurope,Customer Product,Customer Portal,prod,122.94,GB,7.22,EUR
2026-02-24,Azure,az-2001,azure-resource-01382,Storage,Object Storage,westeurope,Customer Product,Customer Portal,Production,357.29,GB,19.62,EUR
2026-04-29,AWS,aws-1002,aws-resource-01383,Compute,CPU Hours,eu-west-1,Data Platform,Analytics Platform,Production,36.2,hours,11.81,EUR
2026-01-24,AWS,aws-1002,aws-resource-01384,Compute,Instance Hours,eu-west-1,Security,Threat Monitoring,Development,98.73,hours,17.15,EUR
2026-03-12,GCP,gcp-3001,gcp-resource-01385,Database,Database Hours,europe-west1,Infrastructure,,Test,378.78,hours,143.95,EUR
2026-01-05,Azure,az-2002,azure-resource-01386,Database,Read Operations,westeurope,Security,Threat Monitoring,Production,6.81,hours,4.59,EUR
2026-06-26,AWS,aws-1001,aws-resource-01387,Database,Read Operations,eu-central-1,Infrastructure,Shared Services,DEV,417.88,hours,138.86,EUR
2026-01-23,GCP,gcp-3001,gcp-resource-01388,Networking,Data Transfer,europe-north1,Security,,test,199.53,GB,15.34,EUR
2026-01-11,AWS,aws-1001,aws-resource-01389,Networking,Public IP,eu-west-1,Infrastructure,Cloud Migration,Test,138.09,GB,11.44,EUR
2026-02-10,Azure,az-2002,azure-resource-01390,Networking,Public IP,westeurope,Customer Product,Mobile Application,test,285.9,GB,23.71,EUR
2026-01-19,GCP,gcp-3001,gcp-resource-01391,Storage,Object Storage,europe-north1,Security,Identity Platform,test,322.22,GB,10.48,EUR
2026-06-02,GCP,gcp-3001,gcp-resource-01392,Networking,Data Transfer,europe-west1,Customer Product,,DEV,448.91,GB,30.78,EUR
2026-02-17,AWS,aws-1002,aws-resource-01393,Storage,Object Storage,eu-central-1,Security,Threat Monitoring,Test,290.77,GB,9.59,EUR
2026-01-31,AWS,aws-1002,aws-resource-01394,Compute,CPU Hours,eu-central-1,Infrastructure,Cloud Migration,Development,171.13,hours,29.09,EUR
2026-06-15,Azure,az-2001,azure-resource-01395,Compute,CPU Hours,westeurope,Customer Product,Mobile Application,Production,52.8,hours,17.99,EUR
2026-05-31,GCP,gcp-3001,gcp-resource-01396,Networking,Public IP,europe-west1,Customer Product,Mobile Application,Test,471.8,GB,35.87,EUR
2026-05-05,GCP,gcp-3001,gcp-resource-01397,Database,Read Operations,europe-north1,Infrastructure,Shared Services,Test,176.57,hours,57.97,EUR
2026-01-05,GCP,gcp-3001,gcp-resource-01398,Storage,Object Storage,europe-north1,Data Platform,Analytics Platform,DEV,416.1,GB,13.27,EUR
2026-05-01,AWS,aws-1001,aws-resource-01399,Database,Database Hours,eu-central-1,Security,Threat Monitoring,prod,414.5,hours,243.78,EUR
2026-04-26,GCP,gcp-3001,gcp-resource-01400,Database,Database Hours,europe-west1,Data Platform,Analytics Platform,Test,95.47,hours,35.31,EUR
2026-01-16,Azure,az-2001,azure-resource-01401,Compute,Instance Hours,northeurope,,,Development,471.77,hours,88.52,EUR
2026-01-12,AWS,aws-1002,aws-resource-01402,Storage,Object Storage,eu-central-1,Security,Identity Platform,Development,97.04,GB,2.55,EUR
2026-01-02,AWS,aws-1002,aws-resource-01403,Storage,Disk Storage,eu-west-1,,,DEV,298.86,GB,9.45,EUR
2026-05-23,GCP,gcp-3001,gcp-resource-01404,Database,Read Operations,europe-north1,Infrastructure,Shared Services,Test,263.34,hours,89.77,EUR
2026-05-12,AWS,aws-1001,aws-resource-01405,Database,Read Operations,eu-west-1,Infrastructure,Shared Services,test,48.6,hours,17.64,EUR
2026-06-06,Azure,az-2002,azure-resource-01406,Compute,Instance Hours,westeurope,,Customer Portal,prod,179.14,hours,59.11,EUR
2026-03-03,AWS,aws-1002,aws-resource-01407,Networking,Data Transfer,eu-central-1,Infrastructure,Cloud Migration,test,183.17,GB,13.58,EUR
2026-05-21,GCP,gcp-3001,gcp-resource-01408,Compute,CPU Hours,europe-north1,Security,Threat Monitoring,test,217.49,hours,35.55,EUR
2026-02-05,GCP,gcp-3001,gcp-resource-01409,Storage,Disk Storage,europe-north1,Infrastructure,Cloud Migration,test,484.68,GB,13.66,EUR
2026-04-04,AWS,aws-1002,aws-resource-01410,Networking,Data Transfer,eu-west-1,Security,Threat Monitoring,DEV,311.84,GB,23.84,EUR
2026-06-29,GCP,gcp-3001,gcp-resource-01411,Storage,Object Storage,europe-west1,Data Platform,Analytics Platform,Development,58.03,GB,1.74,EUR
2026-01-05,AWS,aws-1001,aws-resource-01412,Compute,CPU Hours,eu-central-1,Data Platform,Analytics Platform,DEV,51.9,hours,10.7,EUR
2026-04-05,GCP,gcp-3001,gcp-resource-01413,Networking,Public IP,europe-north1,Security,Identity Platform,test,16.78,GB,1.43,EUR
2026-05-25,GCP,gcp-3001,gcp-resource-01414,Compute,Instance Hours,europe-west1,Customer Product,Customer Portal,prod,221.68,hours,67.81,EUR
2026-03-30,AWS,aws-1002,aws-resource-01415,Networking,Public IP,eu-central-1,Data Platform,Analytics Platform,test,465.6,GB,41.79,EUR
2026-04-29,AWS,aws-1001,aws-resource-01416,Networking,Public IP,eu-central-1,Infrastructure,Cloud Migration,DEV,353.57,GB,31.21,EUR
2026-03-19,GCP,gcp-3001,gcp-resource-01417,Compute,Instance Hours,europe-west1,,Customer Portal,Development,478.91,hours,89.36,EUR
2026-03-14,AWS,aws-1001,aws-resource-01418,Database,Database Hours,eu-central-1,Infrastructure,Cloud Migration,DEV,27.58,hours,9.98,EUR
2026-03-04,GCP,gcp-3001,gcp-resource-01419,Compute,CPU Hours,europe-west1,Customer Product,Mobile Application,prod,480.12,hours,148.99,EUR
2026-06-14,AWS,aws-1001,aws-resource-01420,Database,Read Operations,eu-central-1,,Identity Platform,DEV,286.85,hours,102.74,EUR
2026-05-03,GCP,gcp-3001,gcp-resource-01421,Compute,Instance Hours,europe-west1,Data Platform,Data Governance,Production,390.26,hours,141.44,EUR
2026-04-11,GCP,gcp-3001,gcp-resource-01422,Storage,Disk Storage,europe-north1,Infrastructure,Shared Services,Development,431.63,GB,11.09,EUR
2026-04-08,AWS,aws-1002,aws-resource-01423,Database,Read Operations,eu-west-1,Infrastructure,Cloud Migration,Production,41.07,hours,23.64,EUR
2026-05-27,Azure,az-2001,azure-resource-01424,Storage,Object Storage,westeurope,Infrastructure,Cloud Migration,Test,35.27,GB,0.96,EUR
2026-04-18,Azure,az-2001,azure-resource-01425,Database,Read Operations,westeurope,,Analytics Platform,Test,24.72,hours,9.68,EUR
2026-02-26,AWS,aws-1001,aws-resource-01426,Networking,Data Transfer,eu-central-1,,Cloud Migration,Production,48.75,GB,6.79,EUR
2026-03-24,GCP,gcp-3001,gcp-resource-01427,Database,Database Hours,europe-west1,Security,Threat Monitoring,Test,396.03,hours,140.4,EUR
2026-02-15,GCP,gcp-3001,gcp-resource-01428,Networking,Data Transfer,europe-north1,Infrastructure,Cloud Migration,prod,212.44,GB,33.38,EUR
2026-04-24,Azure,az-2001,azure-resource-01429,Database,Database Hours,northeurope,Customer Product,Customer Portal,Production,348.98,hours,195.19,EUR
2026-06-19,AWS,aws-1001,aws-resource-01430,Storage,Object Storage,eu-central-1,Data Platform,Analytics Platform,prod,53.99,GB,3.17,EUR
2026-04-22,GCP,gcp-3001,gcp-resource-01431,Compute,CPU Hours,europe-north1,Security,Identity Platform,DEV,57.68,hours,9.17,EUR
2026-05-13,GCP,gcp-3001,gcp-resource-01432,Compute,Instance Hours,europe-north1,Infrastructure,Shared Services,test,346.91,hours,60.23,EUR
2026-02-14,AWS,aws-1002,aws-resource-01433,Networking,Public IP,eu-central-1,Customer Product,Customer Portal,prod,256.72,GB,37.88,EUR
2026-06-07,AWS,aws-1002,aws-resource-01434,Compute,Instance Hours,eu-west-1,Customer Product,Customer Portal,Production,31.72,hours,10.44,EUR
2026-05-15,AWS,aws-1001,aws-resource-01435,Storage,Object Storage,eu-central-1,Data Platform,Data Governance,Development,329.14,GB,10.56,EUR
2026-01-13,Azure,az-2002,azure-resource-01436,Storage,Object Storage,westeurope,Data Platform,Analytics Platform,prod,22.88,GB,1.13,EUR
2026-02-19,AWS,aws-1001,aws-resource-01437,Storage,Object Storage,eu-west-1,Security,Threat Monitoring,test,438.53,GB,12.14,EUR
2026-06-02,Azure,az-2001,azure-resource-01438,Database,Read Operations,northeurope,Data Platform,Data Governance,test,492.26,hours,149.42,EUR
2026-06-03,Azure,az-2001,azure-resource-01439,Database,Read Operations,westeurope,Security,Identity Platform,Production,343.47,hours,226.24,EUR
2026-01-08,Azure,az-2002,azure-resource-01440,Database,Database Hours,northeurope,Security,Identity Platform,test,478.11,hours,153.19,EUR
2026-01-04,AWS,aws-1001,aws-resource-01441,Networking,Public IP,eu-central-1,Security,,prod,469.75,GB,66.02,EUR
2026-02-09,GCP,gcp-3001,gcp-resource-01442,Database,Read Operations,europe-north1,Security,Threat Monitoring,Production,194.67,hours,130.02,EUR
2026-04-21,Azure,az-2002,azure-resource-01443,Compute,Instance Hours,northeurope,Infrastructure,Shared Services,Development,329.73,hours,58.3,EUR
2026-02-03,GCP,gcp-3001,gcp-resource-01444,Storage,Disk Storage,europe-west1,Customer Product,Mobile Application,Test,191.58,GB,5.67,EUR
2026-03-29,Azure,az-2002,azure-resource-01445,Compute,CPU Hours,westeurope,Data Platform,Data Governance,DEV,334.4,hours,67.77,EUR
2026-01-22,AWS,aws-1002,aws-resource-01446,Compute,CPU Hours,eu-west-1,Security,Identity Platform,prod,321.54,hours,111.19,EUR
2026-02-17,AWS,aws-1002,aws-resource-01447,Database,Database Hours,eu-central-1,Customer Product,Customer Portal,Development,473.88,hours,189.45,EUR
2026-01-21,GCP,gcp-3001,gcp-resource-01448,Storage,Disk Storage,europe-north1,Customer Product,Customer Portal,Production,405.41,GB,20.19,EUR
2026-03-10,AWS,aws-1002,aws-resource-01449,Database,Read Operations,eu-central-1,Infrastructure,Shared Services,DEV,458.49,hours,163.54,EUR
2026-03-11,Azure,az-2002,azure-resource-01450,Database,Read Operations,northeurope,Infrastructure,Cloud Migration,Development,284.34,hours,114.18,EUR
2026-01-03,AWS,aws-1002,aws-resource-01451,Networking,Public IP,eu-west-1,Customer Product,Mobile Application,Development,188.12,GB,15.21,EUR
2026-04-25,Azure,az-2001,azure-resource-01452,Storage,Object Storage,westeurope,Security,Identity Platform,Test,193.74,GB,5.47,EUR
2026-04-09,AWS,aws-1001,aws-resource-01453,Networking,Public IP,eu-west-1,Infrastructure,Cloud Migration,Test,493.71,GB,36.72,EUR
2026-03-23,GCP,gcp-3001,gcp-resource-01454,Database,Database Hours,europe-west1,Customer Product,Customer Portal,DEV,409.21,hours,134.67,EUR
2026-06-15,Azure,az-2001,azure-resource-01455,Networking,Public IP,northeurope,Customer Product,Mobile Application,test,452.32,GB,31.08,EUR
2026-03-23,AWS,aws-1001,aws-resource-01456,Storage,Object Storage,eu-central-1,Data Platform,Analytics Platform,Production,458.49,GB,25.18,EUR
2026-06-16,GCP,gcp-3001,gcp-resource-01457,Database,Database Hours,europe-west1,Customer Product,Mobile Application,DEV,133.58,hours,51.58,EUR
2026-02-26,Azure,az-2002,azure-resource-01458,Storage,Disk Storage,northeurope,Customer Product,Customer Portal,Development,438.28,GB,14.41,EUR
2026-06-15,AWS,aws-1001,aws-resource-01459,Networking,Public IP,eu-west-1,Security,Threat Monitoring,Production,60.18,GB,9.73,EUR
2026-05-04,Azure,az-2001,azure-resource-01460,Compute,Instance Hours,westeurope,Data Platform,Data Governance,Production,23.0,hours,8.39,EUR
2026-02-28,Azure,az-2001,azure-resource-01461,Storage,Object Storage,northeurope,Infrastructure,Shared Services,Production,215.58,GB,12.01,EUR
2026-02-09,GCP,gcp-3001,gcp-resource-01462,Compute,Instance Hours,europe-west1,Security,Identity Platform,prod,192.15,hours,59.38,EUR
2026-06-18,GCP,gcp-3001,gcp-resource-01463,Storage,Object Storage,europe-west1,Security,Identity Platform,Test,179.36,GB,6.02,EUR
2026-03-15,AWS,aws-1002,aws-resource-01464,Storage,Disk Storage,eu-west-1,Security,Identity Platform,Test,303.68,GB,8.22,EUR
2026-01-24,Azure,az-2001,azure-resource-01465,Storage,Disk Storage,westeurope,Customer Product,,Development,486.14,GB,14.45,EUR
2026-02-21,GCP,gcp-3001,gcp-resource-01466,Storage,Object Storage,europe-west1,Security,Threat Monitoring,Test,404.43,GB,13.33,EUR
2026-06-23,AWS,aws-1001,aws-resource-01467,Networking,Data Transfer,eu-central-1,Data Platform,Analytics Platform,Test,115.02,GB,10.48,EUR
2026-02-07,GCP,gcp-3001,gcp-resource-01468,Networking,Data Transfer,europe-west1,Infrastructure,Shared Services,Development,224.1,GB,16.65,EUR
2026-05-25,AWS,aws-1001,aws-resource-01469,Storage,Object Storage,eu-west-1,Data Platform,Analytics Platform,prod,176.32,GB,10.92,EUR
2026-04-06,GCP,gcp-3001,gcp-resource-01470,Database,Read Operations,europe-west1,Security,Identity Platform,Test,496.49,hours,165.3,EUR
2026-05-06,GCP,gcp-3001,gcp-resource-01471,Networking,Data Transfer,europe-west1,Customer Product,Customer Portal,Production,139.42,GB,21.18,EUR
2026-01-04,AWS,aws-1001,aws-resource-01472,Networking,Data Transfer,eu-central-1,Infrastructure,Cloud Migration,Production,328.33,GB,44.78,EUR
2026-01-17,AWS,aws-1002,aws-resource-01473,Networking,Public IP,eu-central-1,Data Platform,Data Governance,test,239.4,GB,18.38,EUR
2026-04-20,AWS,aws-1002,aws-resource-01474,Database,Database Hours,eu-west-1,Infrastructure,Shared Services,test,331.55,hours,111.46,EUR
2026-06-01,GCP,gcp-3001,gcp-resource-01475,Database,Read Operations,europe-north1,Infrastructure,Shared Services,test,50.21,hours,18.74,EUR
2026-02-10,GCP,gcp-3001,gcp-resource-01476,Networking,Data Transfer,europe-north1,,Cloud Migration,prod,13.99,GB,1.81,EUR
2026-06-08,AWS,aws-1002,aws-resource-01477,Storage,Disk Storage,eu-central-1,Data Platform,Analytics Platform,Test,125.61,GB,4.01,EUR
2026-02-17,Azure,az-2001,azure-resource-01478,Compute,CPU Hours,northeurope,,Identity Platform,DEV,119.51,hours,23.43,EUR
2026-04-18,GCP,gcp-3001,gcp-resource-01479,Compute,Instance Hours,europe-west1,Security,Threat Monitoring,Test,312.71,hours,58.8,EUR
2026-05-12,GCP,gcp-3001,gcp-resource-01480,Database,Database Hours,europe-west1,Customer Product,Customer Portal,DEV,167.76,hours,53.23,EUR
2026-04-07,AWS,aws-1002,aws-resource-01481,Storage,Disk Storage,eu-central-1,Data Platform,,Production,388.42,GB,20.89,EUR
2026-05-20,Azure,az-2002,azure-resource-01482,Networking,Public IP,northeurope,,Analytics Platform,Test,234.81,GB,17.69,EUR
2026-06-26,Azure,az-2001,azure-resource-01483,Networking,Public IP,northeurope,Security,,prod,195.9,GB,26.92,EUR
2026-04-09,AWS,aws-1002,aws-resource-01484,Compute,CPU Hours,eu-west-1,Security,Identity Platform,DEV,103.59,hours,19.14,EUR
2026-02-27,Azure,az-2002,azure-resource-01485,Networking,Data Transfer,westeurope,Data Platform,Analytics Platform,Development,72.99,GB,6.18,EUR
2026-06-22,GCP,gcp-3001,gcp-resource-01486,Database,Read Operations,europe-north1,Security,Identity Platform,prod,266.86,hours,166.24,EUR
2026-06-06,AWS,aws-1002,aws-resource-01487,Compute,CPU Hours,eu-central-1,Infrastructure,Shared Services,Test,421.05,hours,81.78,EUR
2026-03-07,Azure,az-2001,azure-resource-01488,Networking,Public IP,westeurope,Customer Product,Mobile Application,Development,373.94,GB,28.19,EUR
2026-04-15,Azure,az-2002,azure-resource-01489,Storage,Object Storage,westeurope,Customer Product,Mobile Application,prod,289.59,GB,14.56,EUR
2026-05-28,AWS,aws-1002,aws-resource-01490,Storage,Object Storage,eu-west-1,Data Platform,Data Governance,test,241.13,GB,8.18,EUR
2026-05-03,AWS,aws-1002,aws-resource-01491,Compute,CPU Hours,eu-central-1,Data Platform,Data Governance,Production,430.91,hours,150.58,EUR
2026-03-04,AWS,aws-1001,aws-resource-01492,Database,Database Hours,eu-central-1,Security,Threat Monitoring,prod,430.28,hours,240.63,EUR
2026-01-08,Azure,az-2001,azure-resource-01493,Networking,Public IP,westeurope,Infrastructure,Shared Services,Test,115.61,GB,8.01,EUR
2026-02-18,AWS,aws-1002,aws-resource-01494,Compute,CPU Hours,eu-central-1,Customer Product,Mobile Application,Development,266.74,hours,49.38,EUR
2026-06-28,AWS,aws-1002,aws-resource-01495,Networking,Public IP,eu-central-1,Data Platform,Analytics Platform,Development,278.51,GB,20.2,EUR
2026-02-16,AWS,aws-1001,aws-resource-01496,Compute,CPU Hours,eu-west-1,Data Platform,Analytics Platform,Production,443.08,hours,134.8,EUR
2026-01-28,GCP,gcp-3001,gcp-resource-01497,Storage,Disk Storage,europe-west1,Data Platform,Analytics Platform,prod,136.24,GB,6.71,EUR
2026-06-16,GCP,gcp-3001,gcp-resource-01498,Networking,Data Transfer,europe-north1,Security,Threat Monitoring,Production,21.17,GB,3.32,EUR
2026-03-09,Azure,az-2001,azure-resource-01499,Compute,Instance Hours,northeurope,Customer Product,Customer Portal,DEV,445.19,hours,69.66,EUR
2026-05-24,AWS,aws-1002,aws-resource-01500,Database,Read Operations,eu-central-1,Data Platform,Analytics Platform,Development,473.89,hours,149.11,EUR
2026-02-09,Azure,az-2001,azure-resource-01501,Storage,Object Storage,westeurope,Security,Threat Monitoring,prod,103.49,GB,4.97,EUR
2026-02-26,AWS,aws-1001,aws-resource-01502,Storage,Disk Storage,eu-central-1,Infrastructure,Shared Services,prod,439.52,GB,21.81,EUR
2026-04-23,Azure,az-2002,azure-resource-01503,Networking,Data Transfer,northeurope,Data Platform,Analytics Platform,DEV,185.77,GB,16.27,EUR
2026-01-21,GCP,gcp-3001,gcp-resource-01504,Database,Database Hours,europe-north1,Infrastructure,,Development,322.67,hours,103.13,EUR
2026-04-28,Azure,az-2001,azure-resource-01505,Storage,Object Storage,westeurope,Customer Product,Customer Portal,prod,28.1,GB,1.54,EUR
2026-04-16,Azure,az-2002,azure-resource-01506,Storage,Disk Storage,westeurope,Customer Product,Customer Portal,Production,222.48,GB,13.38,EUR
2026-03-09,Azure,az-2001,azure-resource-01507,Networking,Public IP,northeurope,Infrastructure,Shared Services,Test,468.18,GB,33.89,EUR
2026-01-17,GCP,gcp-3001,gcp-resource-01508,Storage,Object Storage,europe-north1,Security,Identity Platform,prod,173.04,GB,10.39,EUR
2026-02-07,GCP,gcp-3001,gcp-resource-01509,Compute,CPU Hours,europe-west1,Infrastructure,Shared Services,test,131.09,hours,23.65,EUR
2026-05-16,GCP,gcp-3001,gcp-resource-01510,Storage,Object Storage,europe-west1,Security,,Production,47.55,GB,2.22,EUR
2026-05-05,GCP,gcp-3001,gcp-resource-01511,Database,Database Hours,europe-west1,Security,Identity Platform,Production,229.94,hours,125.28,EUR
2026-03-23,GCP,gcp-3001,gcp-resource-01512,Storage,Disk Storage,europe-west1,Infrastructure,Cloud Migration,Development,348.75,GB,9.45,EUR
2026-02-11,AWS,aws-1001,aws-resource-01513,Storage,Disk Storage,eu-central-1,Customer Product,Mobile Application,prod,114.05,GB,6.07,EUR
2026-06-15,AWS,aws-1002,aws-resource-01514,Storage,Object Storage,eu-west-1,Data Platform,Data Governance,test,406.4,GB,12.53,EUR
2026-03-20,GCP,gcp-3001,gcp-resource-01515,Compute,CPU Hours,europe-west1,Customer Product,Customer Portal,DEV,439.22,hours,86.97,EUR
2026-03-31,Azure,az-2001,azure-resource-01516,Networking,Public IP,westeurope,,Analytics Platform,test,191.87,GB,15.38,EUR
2026-02-10,GCP,gcp-3001,gcp-resource-01517,Networking,Public IP,europe-west1,Security,Threat Monitoring,DEV,216.43,GB,18.13,EUR
2026-01-05,Azure,az-2002,azure-resource-01518,Storage,Object Storage,northeurope,Security,Threat Monitoring,prod,456.46,GB,25.15,EUR
2026-03-15,Azure,az-2001,azure-resource-01519,Compute,Instance Hours,northeurope,,Customer Portal,test,464.09,hours,74.79,EUR
2026-04-22,Azure,az-2001,azure-resource-01520,Storage,Disk Storage,westeurope,Data Platform,Analytics Platform,test,352.06,GB,10.25,EUR
2026-06-19,GCP,gcp-3001,gcp-resource-01521,Networking,Data Transfer,europe-north1,Customer Product,Mobile Application,Production,218.57,GB,27.47,EUR
2026-02-27,AWS,aws-1001,aws-resource-01522,Storage,Object Storage,eu-west-1,Customer Product,Customer Portal,Production,26.59,GB,1.47,EUR
2026-01-29,AWS,aws-1002,aws-resource-01523,Storage,Object Storage,eu-central-1,Data Platform,Analytics Platform,Development,258.12,GB,8.7,EUR
2026-05-23,GCP,gcp-3001,gcp-resource-01524,Networking,Public IP,europe-north1,Security,,Test,59.32,GB,4.5,EUR
2026-06-13,Azure,az-2002,azure-resource-01525,Storage,Object Storage,northeurope,Data Platform,Analytics Platform,Test,458.21,GB,13.74,EUR
2026-06-02,GCP,gcp-3001,gcp-resource-01526,Database,Database Hours,europe-west1,Security,Threat Monitoring,test,158.84,hours,59.69,EUR
2026-01-05,Azure,az-2002,azure-resource-01527,Storage,Object Storage,westeurope,Data Platform,Analytics Platform,prod,93.63,GB,4.59,EUR
2026-05-26,Azure,az-2001,azure-resource-01528,Storage,Object Storage,northeurope,Infrastructure,Cloud Migration,test,245.37,GB,7.39,EUR
2026-01-25,GCP,gcp-3001,gcp-resource-01529,Networking,Data Transfer,europe-west1,Customer Product,Mobile Application,Test,142.45,GB,12.05,EUR
2026-06-30,GCP,gcp-3001,gcp-resource-01530,Compute,Instance Hours,europe-west1,Data Platform,Analytics Platform,Production,370.06,hours,128.72,EUR
2026-03-25,Azure,az-2001,azure-resource-01531,Storage,Disk Storage,westeurope,Customer Product,Mobile Application,Production,6.91,GB,0.39,EUR
2026-06-18,GCP,gcp-3001,gcp-resource-01532,Storage,Object Storage,europe-north1,Data Platform,Data Governance,DEV,422.01,GB,13.1,EUR
2026-02-22,Azure,az-2002,azure-resource-01533,Networking,Data Transfer,westeurope,Customer Product,Mobile Application,prod,92.77,GB,13.58,EUR
2026-04-14,Azure,az-2001,azure-resource-01534,Networking,Public IP,northeurope,Data Platform,Data Governance,Test,456.96,GB,39.3,EUR
2026-02-10,AWS,aws-1001,aws-resource-01535,Storage,Object Storage,eu-west-1,Security,Threat Monitoring,Production,98.99,GB,5.61,EUR
2026-06-29,AWS,aws-1001,aws-resource-01536,Storage,Disk Storage,eu-central-1,Infrastructure,Cloud Migration,Production,266.54,GB,13.64,EUR
2026-06-12,Azure,az-2001,azure-resource-01537,Networking,Public IP,westeurope,Data Platform,Analytics Platform,Development,413.63,GB,29.79,EUR
2026-06-01,AWS,aws-1002,aws-resource-01538,Storage,Object Storage,eu-central-1,Security,Threat Monitoring,Test,348.92,GB,10.0,EUR
2026-06-28,Azure,az-2002,azure-resource-01539,Networking,Public IP,westeurope,Customer Product,Customer Portal,prod,352.24,GB,48.85,EUR
2026-02-11,GCP,gcp-3001,gcp-resource-01540,Database,Read Operations,europe-west1,Data Platform,Analytics Platform,Test,256.08,hours,91.39,EUR
2026-04-24,GCP,gcp-3001,gcp-resource-01541,Database,Read Operations,europe-west1,Security,Identity Platform,prod,291.77,hours,189.76,EUR
2026-01-01,GCP,gcp-3001,gcp-resource-01542,Networking,Public IP,europe-north1,,Threat Monitoring,Test,201.2,GB,13.79,EUR
2026-03-19,Azure,az-2001,azure-resource-01543,Database,Read Operations,northeurope,Infrastructure,Shared Services,prod,402.35,hours,276.44,EUR
2026-04-08,AWS,aws-1002,aws-resource-01544,Database,Database Hours,eu-central-1,Security,Threat Monitoring,Test,405.17,hours,125.08,EUR
2026-02-13,Azure,az-2001,azure-resource-01545,Database,Database Hours,westeurope,Data Platform,Analytics Platform,DEV,438.54,hours,145.51,EUR
2026-05-20,Azure,az-2001,azure-resource-01546,Storage,Disk Storage,northeurope,Security,Identity Platform,Test,451.36,GB,11.58,EUR
2026-01-11,Azure,az-2002,azure-resource-01547,Compute,CPU Hours,northeurope,Customer Product,Customer Portal,Test,99.03,hours,18.71,EUR
2026-03-02,GCP,gcp-3001,gcp-resource-01548,Storage,Object Storage,europe-north1,Security,Threat Monitoring,Production,278.9,GB,14.68,EUR
2026-01-27,Azure,az-2002,azure-resource-01549,Compute,Instance Hours,westeurope,Data Platform,Analytics Platform,test,198.24,hours,37.6,EUR
2026-06-20,Azure,az-2002,azure-resource-01550,Networking,Public IP,northeurope,Infrastructure,Cloud Migration,prod,413.61,GB,68.11,EUR
2026-01-09,GCP,gcp-3001,gcp-resource-01551,Compute,Instance Hours,europe-west1,Security,Identity Platform,prod,210.15,hours,71.0,EUR
2026-06-03,Azure,az-2001,azure-resource-01552,Database,Read Operations,northeurope,Data Platform,Analytics Platform,Development,475.1,hours,153.92,EUR
2026-02-02,Azure,az-2001,azure-resource-01553,Database,Read Operations,northeurope,Security,Threat Monitoring,Development,470.3,hours,158.57,EUR
2026-02-01,GCP,gcp-3001,gcp-resource-01554,Networking,Public IP,europe-west1,Security,Identity Platform,prod,96.2,GB,15.33,EUR
2026-03-25,AWS,aws-1002,aws-resource-01555,Database,Database Hours,eu-central-1,Security,Identity Platform,DEV,155.27,hours,50.9,EUR
2026-03-15,Azure,az-2002,azure-resource-01556,Storage,Disk Storage,westeurope,Data Platform,Analytics Platform,DEV,416.07,GB,14.24,EUR
2026-01-18,AWS,aws-1002,aws-resource-01557,Storage,Object Storage,eu-west-1,Data Platform,Analytics Platform,test,96.49,GB,2.54,EUR
2026-03-30,GCP,gcp-3001,gcp-resource-01558,Networking,Public IP,europe-north1,Security,Identity Platform,test,275.06,GB,20.33,EUR
2026-01-30,AWS,aws-1002,aws-resource-01559,Storage,Disk Storage,eu-central-1,Infrastructure,Cloud Migration,test,430.31,GB,11.37,EUR
2026-03-20,GCP,gcp-3001,gcp-resource-01560,Compute,CPU Hours,europe-north1,,Identity Platform,Test,426.58,hours,66.35,EUR
2026-04-23,Azure,az-2002,azure-resource-01561,Database,Database Hours,northeurope,Infrastructure,Shared Services,prod,181.53,hours,102.05,EUR
2026-05-06,AWS,aws-1001,aws-resource-01562,Database,Database Hours,eu-west-1,Infrastructure,Shared Services,Test,105.57,hours,35.1,EUR
2026-06-03,AWS,aws-1001,aws-resource-01563,Storage,Disk Storage,eu-west-1,Security,,prod,123.62,GB,6.96,EUR
2026-05-23,GCP,gcp-3001,gcp-resource-01564,Networking,Data Transfer,europe-north1,Customer Product,Customer Portal,Test,240.23,GB,16.39,EUR
2026-03-25,GCP,gcp-3001,gcp-resource-01565,Compute,CPU Hours,europe-west1,Infrastructure,Cloud Migration,DEV,166.72,hours,31.46,EUR
2026-05-03,AWS,aws-1002,aws-resource-01566,Compute,CPU Hours,eu-west-1,Infrastructure,Shared Services,Development,435.33,hours,78.28,EUR
2026-04-07,GCP,gcp-3001,gcp-resource-01567,Networking,Public IP,europe-north1,Data Platform,Data Governance,prod,295.89,GB,43.57,EUR
2026-05-17,AWS,aws-1001,aws-resource-01568,Compute,CPU Hours,eu-west-1,,Analytics Platform,Development,242.45,hours,44.65,EUR
2026-05-12,AWS,aws-1002,aws-resource-01569,Compute,CPU Hours,eu-central-1,Security,Threat Monitoring,Development,197.98,hours,38.16,EUR
2026-05-13,Azure,az-2001,azure-resource-01570,Storage,Object Storage,westeurope,Infrastructure,Shared Services,Development,378.35,GB,10.08,EUR
2026-02-05,AWS,aws-1002,aws-resource-01571,Compute,Instance Hours,eu-central-1,Security,Threat Monitoring,test,423.64,hours,84.0,EUR
2026-03-10,AWS,aws-1001,aws-resource-01572,Networking,Public IP,eu-central-1,Data Platform,Data Governance,Development,463.09,GB,40.5,EUR
2026-04-22,AWS,aws-1001,aws-resource-01573,Networking,Data Transfer,eu-west-1,Data Platform,Analytics Platform,Production,108.91,GB,15.7,EUR
2026-06-08,GCP,gcp-3001,gcp-resource-01574,Networking,Data Transfer,europe-north1,Data Platform,Data Governance,Production,444.32,GB,54.82,EUR
2026-04-06,Azure,az-2001,azure-resource-01575,Compute,CPU Hours,westeurope,Infrastructure,Shared Services,DEV,294.67,hours,48.6,EUR
2026-05-28,GCP,gcp-3001,gcp-resource-01576,Networking,Data Transfer,europe-west1,Data Platform,Data Governance,Production,374.33,GB,47.78,EUR
2026-01-11,AWS,aws-1001,aws-resource-01577,Storage,Disk Storage,eu-west-1,Security,Threat Monitoring,Development,65.02,GB,2.08,EUR
2026-04-13,GCP,gcp-3001,gcp-resource-01578,Compute,CPU Hours,europe-north1,Data Platform,Data Governance,Development,110.03,hours,19.57,EUR
2026-04-13,AWS,aws-1001,aws-resource-01579,Networking,Data Transfer,eu-central-1,Security,,test,177.6,GB,15.15,EUR
2026-03-16,AWS,aws-1002,aws-resource-01580,Compute,Instance Hours,eu-west-1,Data Platform,Data Governance,DEV,49.72,hours,9.31,EUR
2026-01-30,GCP,gcp-3001,gcp-resource-01581,Database,Read Operations,europe-north1,Security,Threat Monitoring,prod,181.75,hours,124.46,EUR
2026-02-10,AWS,aws-1002,aws-resource-01582,Networking,Public IP,eu-central-1,Data Platform,Analytics Platform,DEV,245.65,GB,19.4,EUR
2026-06-24,AWS,aws-1002,aws-resource-01583,Database,Database Hours,eu-west-1,Customer Product,,Development,131.93,hours,50.57,EUR
2026-03-09,AWS,aws-1001,aws-resource-01584,Networking,Public IP,eu-west-1,Infrastructure,Cloud Migration,test,459.93,GB,35.8,EUR
2026-04-19,AWS,aws-1001,aws-resource-01585,Storage,Object Storage,eu-central-1,Data Platform,Analytics Platform,Development,75.64,GB,2.21,EUR
2026-01-06,GCP,gcp-3001,gcp-resource-01586,Database,Database Hours,europe-north1,Infrastructure,Shared Services,prod,298.03,hours,204.33,EUR
2026-06-07,Azure,az-2002,azure-resource-01587,Networking,Public IP,northeurope,Infrastructure,Cloud Migration,Test,382.95,GB,28.6,EUR
2026-03-10,Azure,az-2001,azure-resource-01588,Compute,Instance Hours,northeurope,Customer Product,Mobile Application,prod,423.7,hours,121.76,EUR
2026-03-20,GCP,gcp-3001,gcp-resource-01589,Compute,Instance Hours,europe-north1,Data Platform,Data Governance,test,384.0,hours,59.48,EUR
2026-05-02,AWS,aws-1002,aws-resource-01590,Networking,Data Transfer,eu-central-1,Security,Threat Monitoring,prod,111.15,GB,14.97,EUR
2026-04-18,AWS,aws-1001,aws-resource-01591,Storage,Object Storage,eu-west-1,Data Platform,Analytics Platform,Development,100.54,GB,3.31,EUR
2026-03-01,Azure,az-2001,azure-resource-01592,Storage,Object Storage,northeurope,Infrastructure,Shared Services,Development,38.57,GB,1.28,EUR
2026-06-26,Azure,az-2002,azure-resource-01593,Networking,Data Transfer,westeurope,Customer Product,Customer Portal,Production,33.02,GB,5.03,EUR
2026-03-21,AWS,aws-1001,aws-resource-01594,Database,Database Hours,eu-west-1,Infrastructure,Cloud Migration,Production,312.59,hours,209.61,EUR
2026-02-22,Azure,az-2001,azure-resource-01595,Networking,Data Transfer,northeurope,Data Platform,Data Governance,Development,433.45,GB,35.45,EUR
2026-04-18,AWS,aws-1001,aws-resource-01596,Networking,Data Transfer,eu-west-1,Infrastructure,,test,324.61,GB,23.74,EUR
2026-02-08,AWS,aws-1002,aws-resource-01597,Storage,Disk Storage,eu-west-1,Infrastructure,,DEV,111.48,GB,3.32,EUR
2026-02-04,AWS,aws-1001,aws-resource-01598,Storage,Disk Storage,eu-west-1,Data Platform,Analytics Platform,prod,198.51,GB,11.69,EUR
2026-02-04,Azure,az-2002,azure-resource-01599,Compute,Instance Hours,westeurope,Data Platform,Data Governance,Production,34.67,hours,11.22,EUR
2026-01-28,Azure,az-2001,azure-resource-01600,Storage,Disk Storage,westeurope,Security,Identity Platform,test,228.48,GB,6.16,EUR
2026-03-13,GCP,gcp-3001,gcp-resource-01601,Networking,Data Transfer,europe-north1,Data Platform,Data Governance,Production,403.11,GB,53.76,EUR
2026-02-07,AWS,aws-1001,aws-resource-01602,Storage,Disk Storage,eu-central-1,Data Platform,Data Governance,Development,126.21,GB,3.28,EUR
2026-05-31,AWS,aws-1002,aws-resource-01603,Storage,Object Storage,eu-west-1,Infrastructure,Cloud Migration,prod,174.45,GB,8.61,EUR
2026-01-06,GCP,gcp-3001,gcp-resource-01604,Compute,Instance Hours,europe-north1,Infrastructure,Shared Services,DEV,442.23,hours,76.64,EUR
2026-03-18,GCP,gcp-3001,gcp-resource-01605,Database,Database Hours,europe-north1,Infrastructure,Cloud Migration,DEV,44.06,hours,15.26,EUR
2026-05-18,Azure,az-2001,azure-resource-01606,Database,Database Hours,northeurope,Infrastructure,Cloud Migration,Production,289.61,hours,161.13,EUR
2026-04-29,GCP,gcp-3001,gcp-resource-01607,Networking,Data Transfer,europe-west1,Infrastructure,Shared Services,Test,338.86,GB,24.07,EUR
2026-01-23,GCP,gcp-3001,gcp-resource-01608,Database,Database Hours,europe-north1,Infrastructure,Shared Services,prod,221.97,hours,146.44,EUR
2026-02-21,Azure,az-2002,azure-resource-01609,Storage,Object Storage,westeurope,Data Platform,,Test,369.8,GB,11.97,EUR
2026-05-27,Azure,az-2002,azure-resource-01610,Storage,Disk Storage,northeurope,Infrastructure,Shared Services,Production,254.56,GB,12.17,EUR
2026-02-07,Azure,az-2001,azure-resource-01611,Storage,Disk Storage,northeurope,Customer Product,Customer Portal,prod,373.02,GB,20.09,EUR
2026-04-14,AWS,aws-1002,aws-resource-01612,Storage,Object Storage,eu-west-1,,,Test,191.57,GB,6.25,EUR
2026-01-24,GCP,gcp-3001,gcp-resource-01613,Compute,Instance Hours,europe-west1,Data Platform,Analytics Platform,Production,16.46,hours,6.06,EUR
2026-04-28,AWS,aws-1001,aws-resource-01614,Networking,Public IP,eu-west-1,Customer Product,Mobile Application,Test,472.81,GB,38.7,EUR
2026-04-10,GCP,gcp-3001,gcp-resource-01615,Database,Database Hours,europe-west1,Infrastructure,Cloud Migration,Test,215.5,hours,86.74,EUR
2026-01-22,AWS,aws-1001,aws-resource-01616,Database,Database Hours,eu-central-1,Customer Product,Customer Portal,test,418.34,hours,166.32,EUR
2026-06-12,AWS,aws-1002,aws-resource-01617,Database,Database Hours,eu-west-1,Infrastructure,Shared Services,Development,79.29,hours,23.74,EUR
2026-06-05,Azure,az-2002,azure-resource-01618,Storage,Disk Storage,northeurope,Infrastructure,Cloud Migration,DEV,164.22,GB,5.58,EUR
2026-01-05,Azure,az-2001,azure-resource-01619,Networking,Data Transfer,westeurope,Security,,Test,73.28,GB,6.53,EUR
2026-05-09,AWS,aws-1001,aws-resource-01620,Storage,Disk Storage,eu-central-1,Security,Threat Monitoring,DEV,74.67,GB,2.26,EUR
2026-02-10,GCP,gcp-3001,gcp-resource-01621,Database,Read Operations,europe-north1,Customer Product,Mobile Application,test,485.61,hours,165.46,EUR
2026-03-26,AWS,aws-1001,aws-resource-01622,Compute,Instance Hours,eu-central-1,Infrastructure,,Test,475.46,hours,86.91,EUR
2026-04-29,AWS,aws-1001,aws-resource-01623,Storage,Object Storage,eu-west-1,Infrastructure,Shared Services,DEV,61.64,GB,1.59,EUR
2026-01-08,Azure,az-2001,azure-resource-01624,Networking,Data Transfer,westeurope,,Identity Platform,prod,263.57,GB,37.48,EUR
2026-01-03,AWS,aws-1002,aws-resource-01625,Networking,Public IP,eu-central-1,Data Platform,,Development,473.52,GB,40.33,EUR
2026-04-23,Azure,az-2002,azure-resource-01626,Storage,Object Storage,northeurope,Infrastructure,,Development,329.27,GB,11.05,EUR
2026-02-22,Azure,az-2002,azure-resource-01627,Compute,CPU Hours,westeurope,Data Platform,,DEV,360.99,hours,70.8,EUR
2026-01-26,Azure,az-2001,azure-resource-01628,Storage,Disk Storage,westeurope,Infrastructure,Shared Services,Test,88.69,GB,3.01,EUR
2026-04-13,Azure,az-2001,azure-resource-01629,Networking,Data Transfer,northeurope,Data Platform,Data Governance,DEV,467.8,GB,42.27,EUR
2026-01-21,AWS,aws-1001,aws-resource-01630,Networking,Data Transfer,eu-west-1,Security,Threat Monitoring,Test,150.26,GB,11.9,EUR
2026-03-19,Azure,az-2001,azure-resource-01631,Compute,Instance Hours,westeurope,Data Platform,Data Governance,Test,155.14,hours,28.47,EUR
2026-01-29,Azure,az-2001,azure-resource-01632,Database,Database Hours,northeurope,,Mobile Application,test,378.18,hours,134.26,EUR
2026-06-26,GCP,gcp-3001,gcp-resource-01633,Networking,Public IP,europe-west1,Infrastructure,Shared Services,prod,13.51,GB,1.89,EUR
2026-06-21,AWS,aws-1002,aws-resource-01634,Compute,Instance Hours,eu-central-1,Security,,prod,234.48,hours,64.63,EUR
2026-01-06,AWS,aws-1002,aws-resource-01635,Database,Read Operations,eu-central-1,Infrastructure,Cloud Migration,Development,295.41,hours,100.91,EUR
2026-02-20,AWS,aws-1002,aws-resource-01636,Database,Database Hours,eu-west-1,Data Platform,Analytics Platform,prod,408.51,hours,247.41,EUR
2026-03-03,AWS,aws-1002,aws-resource-01637,Compute,Instance Hours,eu-west-1,,Data Governance,Test,214.82,hours,42.42,EUR
2026-05-21,GCP,gcp-3001,gcp-resource-01638,Networking,Data Transfer,europe-west1,Data Platform,,test,104.81,GB,8.62,EUR
2026-05-08,Azure,az-2001,azure-resource-01639,Compute,CPU Hours,northeurope,Data Platform,Analytics Platform,Production,124.15,hours,43.24,EUR
2026-01-14,AWS,aws-1002,aws-resource-01640,Compute,Instance Hours,eu-central-1,Security,Identity Platform,test,359.07,hours,73.9,EUR
2026-02-27,GCP,gcp-3001,gcp-resource-01641,Networking,Data Transfer,europe-west1,Infrastructure,Shared Services,Production,106.99,GB,15.12,EUR
2026-01-15,AWS,aws-1001,aws-resource-01642,Networking,Public IP,eu-west-1,Customer Product,,prod,390.8,GB,57.94,EUR
2026-02-03,Azure,az-2001,azure-resource-01643,Compute,CPU Hours,northeurope,Security,Identity Platform,Test,237.64,hours,47.07,EUR
2026-01-28,Azure,az-2001,azure-resource-01644,Networking,Data Transfer,northeurope,Data Platform,Analytics Platform,Production,226.47,GB,31.82,EUR
2026-06-21,GCP,gcp-3001,gcp-resource-01645,Compute,Instance Hours,europe-west1,Infrastructure,Shared Services,Production,12.29,hours,4.16,EUR
2026-06-04,AWS,aws-1002,aws-resource-01646,Networking,Public IP,eu-central-1,Customer Product,Customer Portal,Test,23.84,GB,2.19,EUR
2026-06-26,Azure,az-2001,azure-resource-01647,Networking,Data Transfer,northeurope,Security,Identity Platform,test,181.47,GB,14.24,EUR
2026-04-10,GCP,gcp-3001,gcp-resource-01648,Storage,Object Storage,europe-north1,,Data Governance,DEV,447.85,GB,14.74,EUR
2026-02-10,AWS,aws-1002,aws-resource-01649,Storage,Object Storage,eu-west-1,,Mobile Application,test,263.73,GB,7.34,EUR
2026-01-28,GCP,gcp-3001,gcp-resource-01650,Storage,Object Storage,europe-west1,Customer Product,Mobile Application,Production,114.09,GB,5.26,EUR
2026-05-21,Azure,az-2002,azure-resource-01651,Storage,Disk Storage,northeurope,Data Platform,Analytics Platform,DEV,240.75,GB,6.93,EUR
2026-01-31,GCP,gcp-3001,gcp-resource-01652,Storage,Disk Storage,europe-north1,Customer Product,Mobile Application,Production,6.55,GB,0.3,EUR
2026-01-29,Azure,az-2001,azure-resource-01653,Storage,Object Storage,northeurope,Security,Threat Monitoring,DEV,127.16,GB,3.63,EUR
2026-04-03,Azure,az-2002,azure-resource-01654,Database,Database Hours,northeurope,Data Platform,Analytics Platform,Test,251.39,hours,77.39,EUR
2026-04-05,GCP,gcp-3001,gcp-resource-01655,Compute,CPU Hours,europe-north1,Security,Identity Platform,prod,151.34,hours,45.99,EUR
2026-04-29,Azure,az-2001,azure-resource-01656,Storage,Disk Storage,northeurope,,Data Governance,DEV,105.77,GB,3.48,EUR
2026-02-28,Azure,az-2001,azure-resource-01657,Networking,Data Transfer,northeurope,Customer Product,,Production,245.9,GB,33.36,EUR
2026-03-27,Azure,az-2002,azure-resource-01658,Compute,CPU Hours,northeurope,Infrastructure,Shared Services,DEV,29.66,hours,5.44,EUR
2026-06-17,AWS,aws-1002,aws-resource-01659,Networking,Data Transfer,eu-west-1,Customer Product,Mobile Application,DEV,129.08,GB,8.81,EUR
2026-04-02,Azure,az-2001,azure-resource-01660,Compute,Instance Hours,northeurope,Customer Product,Mobile Application,DEV,240.56,hours,45.79,EUR
2026-04-11,GCP,gcp-3001,gcp-resource-01661,Networking,Data Transfer,europe-west1,Data Platform,Data Governance,Development,260.92,GB,23.6,EUR
2026-06-04,GCP,gcp-3001,gcp-resource-01662,Database,Read Operations,europe-west1,Infrastructure,Cloud Migration,Production,345.22,hours,246.43,EUR
2026-06-24,GCP,gcp-3001,gcp-resource-01663,Networking,Public IP,europe-north1,Data Platform,Data Governance,Development,389.37,GB,29.41,EUR
2026-06-30,AWS,aws-1001,aws-resource-01664,Networking,Data Transfer,eu-central-1,Security,Threat Monitoring,prod,220.99,GB,27.78,EUR
2026-01-16,AWS,aws-1001,aws-resource-01665,Storage,Object Storage,eu-west-1,Security,Identity Platform,prod,230.44,GB,11.35,EUR
2026-01-31,Azure,az-2002,azure-resource-01666,Compute,Instance Hours,northeurope,Data Platform,Analytics Platform,test,444.07,hours,78.16,EUR
2026-04-14,AWS,aws-1001,aws-resource-01667,Compute,Instance Hours,eu-central-1,Infrastructure,Cloud Migration,Production,148.03,hours,52.81,EUR
2026-04-16,AWS,aws-1001,aws-resource-01668,Compute,Instance Hours,eu-central-1,Security,Identity Platform,prod,97.65,hours,35.42,EUR
2026-04-29,AWS,aws-1001,aws-resource-01669,Networking,Data Transfer,eu-west-1,Infrastructure,,Test,17.51,GB,1.22,EUR
2026-02-17,Azure,az-2002,azure-resource-01670,Storage,Disk Storage,westeurope,Security,Identity Platform,Production,149.15,GB,7.33,EUR
2026-04-24,Azure,az-2002,azure-resource-01671,Database,Database Hours,westeurope,Security,Identity Platform,DEV,84.16,hours,27.5,EUR
2026-06-06,GCP,gcp-3001,gcp-resource-01672,Storage,Object Storage,europe-west1,Data Platform,Data Governance,Production,82.36,GB,4.25,EUR
2026-02-10,GCP,gcp-3001,gcp-resource-01673,Storage,Disk Storage,europe-west1,Customer Product,Mobile Application,DEV,94.19,GB,3.13,EUR
2026-03-26,Azure,az-2001,azure-resource-01674,Compute,CPU Hours,westeurope,,Shared Services,test,212.79,hours,37.1,EUR
2026-04-26,GCP,gcp-3001,gcp-resource-01675,Database,Read Operations,europe-north1,Infrastructure,Cloud Migration,test,315.17,hours,106.13,EUR
2026-06-20,AWS,aws-1001,aws-resource-01676,Networking,Data Transfer,eu-west-1,Security,Threat Monitoring,Production,88.97,GB,12.99,EUR
2026-05-19,AWS,aws-1001,aws-resource-01677,Storage,Object Storage,eu-west-1,Data Platform,Data Governance,prod,311.75,GB,15.72,EUR
2026-02-09,AWS,aws-1002,aws-resource-01678,Database,Read Operations,eu-central-1,Customer Product,,prod,126.12,hours,69.14,EUR
2026-04-14,AWS,aws-1002,aws-resource-01679,Compute,Instance Hours,eu-west-1,Customer Product,Mobile Application,test,449.24,hours,74.22,EUR
2026-05-18,AWS,aws-1001,aws-resource-01680,Storage,Disk Storage,eu-west-1,Customer Product,Mobile Application,prod,298.09,GB,14.32,EUR
2026-06-03,AWS,aws-1002,aws-resource-01681,Storage,Disk Storage,eu-west-1,Infrastructure,Shared Services,Production,224.94,GB,11.54,EUR
2026-04-06,AWS,aws-1002,aws-resource-01682,Compute,Instance Hours,eu-west-1,Customer Product,Customer Portal,Production,243.16,hours,74.27,EUR
2026-01-26,AWS,aws-1001,aws-resource-01683,Networking,Data Transfer,eu-central-1,Customer Product,Mobile Application,DEV,174.24,GB,15.97,EUR
2026-03-12,Azure,az-2002,azure-resource-01684,Compute,CPU Hours,westeurope,Customer Product,Customer Portal,DEV,68.41,hours,12.03,EUR
2026-01-31,GCP,gcp-3001,gcp-resource-01685,Networking,Data Transfer,europe-west1,Infrastructure,Shared Services,test,17.58,GB,1.46,EUR
2026-04-01,AWS,aws-1001,aws-resource-01686,Storage,Disk Storage,eu-central-1,Infrastructure,Shared Services,prod,87.28,GB,4.16,EUR
2026-03-02,AWS,aws-1001,aws-resource-01687,Database,Read Operations,eu-central-1,Data Platform,Data Governance,Production,293.03,hours,162.74,EUR
2026-02-03,GCP,gcp-3001,gcp-resource-01688,Networking,Data Transfer,europe-west1,Customer Product,Mobile Application,Development,347.75,GB,25.74,EUR
2026-05-07,GCP,gcp-3001,gcp-resource-01689,Database,Read Operations,europe-north1,Infrastructure,Cloud Migration,Production,154.74,hours,98.74,EUR
2026-04-01,GCP,gcp-3001,gcp-resource-01690,Networking,Public IP,europe-west1,Customer Product,Customer Portal,Test,296.84,GB,24.16,EUR
2026-04-02,AWS,aws-1001,aws-resource-01691,Database,Database Hours,eu-central-1,Security,Threat Monitoring,Test,170.1,hours,59.6,EUR
2026-02-02,GCP,gcp-3001,gcp-resource-01692,Networking,Public IP,europe-north1,Security,Identity Platform,test,256.42,GB,19.89,EUR
2026-03-31,AWS,aws-1001,aws-resource-01693,Database,Database Hours,eu-west-1,Infrastructure,Cloud Migration,Test,83.72,hours,26.52,EUR
2026-02-16,Azure,az-2001,azure-resource-01694,Networking,Data Transfer,westeurope,Customer Product,Mobile Application,prod,296.55,GB,39.53,EUR
2026-06-29,AWS,aws-1002,aws-resource-01695,Storage,Disk Storage,eu-west-1,Infrastructure,Cloud Migration,Test,10.67,GB,0.27,EUR
2026-05-29,GCP,gcp-3001,gcp-resource-01696,Networking,Public IP,europe-west1,Data Platform,,Development,414.88,GB,28.74,EUR
2026-01-22,AWS,aws-1001,aws-resource-01697,Compute,Instance Hours,eu-central-1,Security,,prod,309.19,hours,86.65,EUR
2026-01-02,AWS,aws-1001,aws-resource-01698,Storage,Disk Storage,eu-west-1,Customer Product,Customer Portal,Production,475.07,GB,23.52,EUR
2026-04-18,GCP,gcp-3001,gcp-resource-01699,Storage,Disk Storage,europe-north1,Security,Threat Monitoring,Development,203.12,GB,6.87,EUR
2026-02-28,AWS,aws-1002,aws-resource-01700,Networking,Data Transfer,eu-west-1,Infrastructure,Cloud Migration,Development,10.11,GB,0.83,EUR
2026-02-20,Azure,az-2002,azure-resource-01701,Networking,Data Transfer,westeurope,Data Platform,Data Governance,prod,338.28,GB,44.41,EUR
2026-03-12,GCP,gcp-3001,gcp-resource-01702,Database,Database Hours,europe-west1,Infrastructure,Cloud Migration,prod,359.13,hours,218.72,EUR
2026-01-09,Azure,az-2002,azure-resource-01703,Storage,Object Storage,northeurope,Security,Threat Monitoring,Development,240.92,GB,7.05,EUR
2026-01-26,GCP,gcp-3001,gcp-resource-01704,Database,Database Hours,europe-west1,Customer Product,Customer Portal,Production,239.32,hours,166.98,EUR
2026-03-20,Azure,az-2002,azure-resource-01705,Storage,Disk Storage,westeurope,Customer Product,,prod,147.08,GB,7.27,EUR
2026-03-07,Azure,az-2002,azure-resource-01706,Storage,Object Storage,westeurope,Customer Product,Mobile Application,prod,252.99,GB,13.21,EUR
2026-06-26,Azure,az-2002,azure-resource-01707,Database,Database Hours,westeurope,Infrastructure,Cloud Migration,DEV,281.91,hours,85.1,EUR
2026-03-28,GCP,gcp-3001,gcp-resource-01708,Networking,Public IP,europe-north1,Infrastructure,Cloud Migration,Production,299.83,GB,39.64,EUR
2026-05-29,AWS,aws-1001,aws-resource-01709,Compute,CPU Hours,eu-west-1,Security,Threat Monitoring,Test,12.92,hours,2.53,EUR
2026-04-27,Azure,az-2002,azure-resource-01710,Networking,Public IP,westeurope,Data Platform,Data Governance,DEV,369.83,GB,27.75,EUR
2026-04-17,Azure,az-2002,azure-resource-01711,Compute,CPU Hours,northeurope,Security,Threat Monitoring,test,481.69,hours,82.84,EUR
2026-06-27,AWS,aws-1001,aws-resource-01712,Networking,Public IP,eu-west-1,Customer Product,Mobile Application,Production,187.03,GB,25.29,EUR
2026-03-27,AWS,aws-1001,aws-resource-01713,Storage,Disk Storage,eu-central-1,Security,Threat Monitoring,Production,10.49,GB,0.57,EUR
2026-06-30,AWS,aws-1001,aws-resource-01714,Database,Read Operations,eu-central-1,Customer Product,Mobile Application,Production,172.04,hours,93.31,EUR
2026-05-01,Azure,az-2001,azure-resource-01715,Storage,Object Storage,westeurope,Customer Product,Customer Portal,test,109.44,GB,3.6,EUR
2026-06-07,GCP,gcp-3001,gcp-resource-01716,Storage,Disk Storage,europe-north1,Security,Threat Monitoring,Test,322.97,GB,10.49,EUR
2026-02-13,Azure,az-2002,azure-resource-01717,Storage,Disk Storage,westeurope,Infrastructure,Cloud Migration,Test,210.28,GB,5.94,EUR
2026-06-27,GCP,gcp-3001,gcp-resource-01718,Database,Database Hours,europe-north1,Infrastructure,Cloud Migration,Test,73.33,hours,28.19,EUR
2026-01-16,GCP,gcp-3001,gcp-resource-01719,Networking,Public IP,europe-west1,Data Platform,Data Governance,DEV,198.42,GB,14.38,EUR
2026-06-07,GCP,gcp-3001,gcp-resource-01720,Compute,Instance Hours,europe-north1,Security,Identity Platform,prod,384.54,hours,124.93,EUR
2026-01-02,AWS,aws-1002,aws-resource-01721,Storage,Disk Storage,eu-central-1,Security,Threat Monitoring,prod,234.51,GB,12.5,EUR
2026-03-02,AWS,aws-1001,aws-resource-01722,Networking,Data Transfer,eu-central-1,,Cloud Migration,Test,270.1,GB,24.55,EUR
2026-06-03,Azure,az-2001,azure-resource-01723,Compute,Instance Hours,northeurope,Data Platform,Data Governance,DEV,227.57,hours,47.03,EUR
2026-03-01,GCP,gcp-3001,gcp-resource-01724,Networking,Data Transfer,europe-west1,Customer Product,Customer Portal,Test,85.39,GB,7.85,EUR
2026-04-09,GCP,gcp-3001,gcp-resource-01725,Storage,Disk Storage,europe-west1,Data Platform,Data Governance,DEV,253.49,GB,8.58,EUR
2026-06-18,GCP,gcp-3001,gcp-resource-01726,Compute,Instance Hours,europe-north1,Infrastructure,Cloud Migration,Development,441.83,hours,81.46,EUR
2026-03-18,AWS,aws-1001,aws-resource-01727,Storage,Disk Storage,eu-west-1,Security,,Test,488.78,GB,14.28,EUR
2026-05-21,AWS,aws-1001,aws-resource-01728,Compute,CPU Hours,eu-central-1,Data Platform,Analytics Platform,Test,86.97,hours,17.75,EUR
2026-05-25,GCP,gcp-3001,gcp-resource-01729,Database,Read Operations,europe-north1,Data Platform,Analytics Platform,test,291.83,hours,97.2,EUR
2026-04-09,AWS,aws-1001,aws-resource-01730,Compute,Instance Hours,eu-central-1,Security,Identity Platform,Production,361.02,hours,130.47,EUR
2026-01-15,Azure,az-2001,azure-resource-01731,Networking,Public IP,westeurope,Customer Product,Customer Portal,Production,123.85,GB,15.8,EUR
2026-03-06,GCP,gcp-3001,gcp-resource-01732,Database,Read Operations,europe-west1,Infrastructure,Shared Services,DEV,316.96,hours,100.42,EUR
2026-04-06,AWS,aws-1001,aws-resource-01733,Storage,Disk Storage,eu-west-1,Data Platform,Data Governance,prod,152.64,GB,8.63,EUR
2026-04-26,GCP,gcp-3001,gcp-resource-01734,Compute,Instance Hours,europe-west1,Customer Product,Customer Portal,prod,277.9,hours,83.73,EUR
2026-06-26,GCP,gcp-3001,gcp-resource-01735,Networking,Data Transfer,europe-north1,Security,Identity Platform,prod,190.84,GB,24.45,EUR
2026-03-13,Azure,az-2001,azure-resource-01736,Storage,Object Storage,northeurope,Security,,Test,408.5,GB,13.32,EUR
2026-04-05,GCP,gcp-3001,gcp-resource-01737,Database,Read Operations,europe-north1,Customer Product,Customer Portal,DEV,499.05,hours,161.5,EUR
2026-05-16,AWS,aws-1002,aws-resource-01738,Storage,Disk Storage,eu-west-1,Customer Product,Customer Portal,DEV,304.14,GB,9.47,EUR
2026-01-13,AWS,aws-1002,aws-resource-01739,Database,Database Hours,eu-central-1,Infrastructure,Shared Services,test,453.01,hours,141.19,EUR
2026-05-26,AWS,aws-1002,aws-resource-01740,Storage,Object Storage,eu-west-1,,Identity Platform,Production,483.42,GB,29.62,EUR
2026-05-23,Azure,az-2002,azure-resource-01741,Networking,Public IP,northeurope,Customer Product,Customer Portal,test,241.34,GB,22.04,EUR
2026-03-06,GCP,gcp-3001,gcp-resource-01742,Storage,Object Storage,europe-north1,,Shared Services,Development,264.97,GB,6.87,EUR
2026-03-18,AWS,aws-1001,aws-resource-01743,Storage,Disk Storage,eu-central-1,Data Platform,Analytics Platform,Production,7.19,GB,0.34,EUR
2026-03-18,AWS,aws-1001,aws-resource-01744,Compute,Instance Hours,eu-west-1,Infrastructure,Cloud Migration,test,468.21,hours,73.42,EUR
2026-05-19,GCP,gcp-3001,gcp-resource-01745,Networking,Public IP,europe-north1,Infrastructure,Cloud Migration,DEV,70.54,GB,5.8,EUR
2026-02-16,Azure,az-2001,azure-resource-01746,Storage,Disk Storage,westeurope,Customer Product,Mobile Application,test,326.24,GB,8.48,EUR
2026-06-08,AWS,aws-1002,aws-resource-01747,Networking,Data Transfer,eu-west-1,Security,Threat Monitoring,Test,471.92,GB,38.42,EUR
2026-01-01,GCP,gcp-3001,gcp-resource-01748,Database,Read Operations,europe-north1,Security,,test,185.43,hours,67.39,EUR
2026-01-02,AWS,aws-1002,aws-resource-01749,Networking,Data Transfer,eu-central-1,Infrastructure,Shared Services,test,322.77,GB,27.92,EUR
2026-03-22,Azure,az-2002,azure-resource-01750,Database,Database Hours,westeurope,Data Platform,Analytics Platform,test,101.11,hours,37.09,EUR
2026-02-27,AWS,aws-1002,aws-resource-01751,Networking,Data Transfer,eu-west-1,Security,Threat Monitoring,DEV,495.34,GB,37.84,EUR
2026-03-18,AWS,aws-1001,aws-resource-01752,Storage,Disk Storage,eu-central-1,Infrastructure,Cloud Migration,prod,108.93,GB,5.07,EUR
2026-04-17,Azure,az-2001,azure-resource-01753,Networking,Data Transfer,northeurope,Infrastructure,Cloud Migration,Production,224.75,GB,36.82,EUR
2026-01-09,AWS,aws-1002,aws-resource-01754,Compute,Instance Hours,eu-central-1,Security,Threat Monitoring,Test,40.29,hours,7.19,EUR
2026-01-19,GCP,gcp-3001,gcp-resource-01755,Storage,Object Storage,europe-north1,,Mobile Application,prod,485.94,GB,22.6,EUR
2026-06-21,Azure,az-2002,azure-resource-01756,Compute,Instance Hours,westeurope,Data Platform,Data Governance,Development,360.57,hours,67.22,EUR
2026-01-04,Azure,az-2002,azure-resource-01757,Compute,CPU Hours,northeurope,,Threat Monitoring,Test,126.69,hours,25.05,EUR
2026-05-19,AWS,aws-1001,aws-resource-01758,Database,Database Hours,eu-central-1,Data Platform,Analytics Platform,Test,79.06,hours,24.2,EUR
2026-03-13,Azure,az-2001,azure-resource-01759,Storage,Disk Storage,westeurope,Data Platform,Analytics Platform,Test,279.57,GB,8.85,EUR
2026-06-03,AWS,aws-1001,aws-resource-01760,Networking,Data Transfer,eu-west-1,Infrastructure,Cloud Migration,DEV,144.83,GB,11.37,EUR
2026-05-09,Azure,az-2001,azure-resource-01761,Networking,Public IP,northeurope,,Customer Portal,DEV,153.49,GB,13.57,EUR
2026-05-19,AWS,aws-1002,aws-resource-01762,Networking,Data Transfer,eu-west-1,,Analytics Platform,Production,301.75,GB,44.95,EUR
2026-01-13,AWS,aws-1002,aws-resource-01763,Storage,Object Storage,eu-central-1,Customer Product,,Test,141.46,GB,4.04,EUR
2026-06-22,AWS,aws-1001,aws-resource-01764,Storage,Object Storage,eu-west-1,Data Platform,Analytics Platform,Development,497.13,GB,16.25,EUR
2026-06-28,Azure,az-2001,azure-resource-01765,Storage,Object Storage,westeurope,Security,Identity Platform,Development,357.03,GB,10.06,EUR
2026-05-28,AWS,aws-1002,aws-resource-01766,Networking,Public IP,eu-central-1,Data Platform,,Test,288.29,GB,24.65,EUR
2026-03-01,Azure,az-2001,azure-resource-01767,Networking,Data Transfer,northeurope,Customer Product,Mobile Application,Test,191.08,GB,13.01,EUR
2026-05-13,AWS,aws-1002,aws-resource-01768,Database,Database Hours,eu-central-1,Data Platform,Analytics Platform,DEV,7.94,hours,3.12,EUR
2026-05-16,AWS,aws-1001,aws-resource-01769,Networking,Public IP,eu-central-1,Customer Product,Customer Portal,Production,188.63,GB,24.14,EUR
2026-06-13,AWS,aws-1001,aws-resource-01770,Compute,Instance Hours,eu-central-1,Data Platform,Analytics Platform,prod,34.06,hours,11.83,EUR
2026-06-28,AWS,aws-1002,aws-resource-01771,Compute,Instance Hours,eu-west-1,Infrastructure,Shared Services,DEV,379.7,hours,69.75,EUR
2026-04-29,GCP,gcp-3001,gcp-resource-01772,Storage,Disk Storage,europe-north1,,Identity Platform,DEV,26.28,GB,0.87,EUR
2026-05-23,GCP,gcp-3001,gcp-resource-01773,Database,Read Operations,europe-north1,Infrastructure,Shared Services,prod,26.7,hours,15.74,EUR
2026-03-31,AWS,aws-1001,aws-resource-01774,Compute,CPU Hours,eu-central-1,Data Platform,Analytics Platform,Test,299.65,hours,51.48,EUR
2026-06-07,Azure,az-2002,azure-resource-01775,Networking,Data Transfer,northeurope,Security,Identity Platform,test,188.64,GB,13.39,EUR
2026-03-21,GCP,gcp-3001,gcp-resource-01776,Networking,Data Transfer,europe-north1,Security,Identity Platform,Production,406.38,GB,64.49,EUR
2026-01-17,AWS,aws-1002,aws-resource-01777,Database,Read Operations,eu-west-1,Security,Identity Platform,DEV,12.94,hours,4.12,EUR
2026-05-08,AWS,aws-1001,aws-resource-01778,Database,Read Operations,eu-central-1,,Customer Portal,test,319.23,hours,97.99,EUR
2026-03-25,AWS,aws-1002,aws-resource-01779,Database,Read Operations,eu-central-1,Security,Identity Platform,Development,42.15,hours,13.63,EUR
2026-04-30,AWS,aws-1001,aws-resource-01780,Networking,Public IP,eu-central-1,Infrastructure,Shared Services,Development,348.73,GB,31.98,EUR
2026-03-26,AWS,aws-1002,aws-resource-01781,Compute,Instance Hours,eu-west-1,Security,Threat Monitoring,test,205.28,hours,33.79,EUR
2026-06-25,AWS,aws-1002,aws-resource-01782,Database,Database Hours,eu-west-1,Security,Threat Monitoring,DEV,275.73,hours,82.23,EUR
2026-02-17,AWS,aws-1001,aws-resource-01783,Networking,Data Transfer,eu-central-1,Security,Identity Platform,Production,403.83,GB,51.18,EUR
2026-02-24,Azure,az-2001,azure-resource-01784,Networking,Data Transfer,northeurope,Customer Product,Customer Portal,test,354.7,GB,30.07,EUR
2026-04-12,Azure,az-2002,azure-resource-01785,Database,Read Operations,westeurope,Data Platform,Analytics Platform,Development,123.84,hours,38.97,EUR
2026-03-28,Azure,az-2001,azure-resource-01786,Storage,Object Storage,westeurope,Security,Threat Monitoring,test,83.93,GB,2.68,EUR
2026-02-14,AWS,aws-1002,aws-resource-01787,Storage,Disk Storage,eu-west-1,Data Platform,Analytics Platform,Production,214.52,GB,10.5,EUR
2026-03-26,AWS,aws-1002,aws-resource-01788,Database,Database Hours,eu-central-1,Security,Identity Platform,Test,9.5,hours,3.5,EUR
2026-06-09,Azure,az-2001,azure-resource-01789,Database,Database Hours,westeurope,,Mobile Application,Development,221.03,hours,81.76,EUR
2026-04-21,AWS,aws-1001,aws-resource-01790,Compute,Instance Hours,eu-central-1,Data Platform,Data Governance,prod,338.35,hours,99.24,EUR
2026-04-12,Azure,az-2002,azure-resource-01791,Networking,Public IP,northeurope,Security,,test,255.58,GB,23.27,EUR
2026-03-22,AWS,aws-1001,aws-resource-01792,Networking,Public IP,eu-west-1,Data Platform,,DEV,399.8,GB,30.4,EUR
2026-05-07,GCP,gcp-3001,gcp-resource-01793,Database,Database Hours,europe-north1,Data Platform,Analytics Platform,Development,365.32,hours,113.76,EUR
2026-04-21,Azure,az-2001,azure-resource-01794,Database,Database Hours,westeurope,Customer Product,Mobile Application,Test,463.37,hours,178.81,EUR
2026-04-16,AWS,aws-1001,aws-resource-01795,Networking,Public IP,eu-central-1,Customer Product,Mobile Application,DEV,442.1,GB,38.5,EUR
2026-05-05,Azure,az-2002,azure-resource-01796,Database,Database Hours,northeurope,Security,Identity Platform,Test,351.0,hours,125.46,EUR
2026-02-23,GCP,gcp-3001,gcp-resource-01797,Networking,Public IP,europe-north1,Data Platform,,Development,300.62,GB,26.22,EUR
2026-01-26,Azure,az-2001,azure-resource-01798,Storage,Object Storage,westeurope,Customer Product,Customer Portal,Development,447.13,GB,11.81,EUR
2026-06-28,Azure,az-2001,azure-resource-01799,Database,Database Hours,westeurope,Infrastructure,,Production,95.31,hours,59.15,EUR
2026-04-29,GCP,gcp-3001,gcp-resource-01800,Database,Database Hours,europe-west1,Security,Threat Monitoring,test,85.0,hours,28.84,EUR
2026-04-09,AWS,aws-1001,aws-resource-01801,Storage,Object Storage,eu-central-1,,Threat Monitoring,Development,38.36,GB,1.16,EUR
2026-03-11,GCP,gcp-3001,gcp-resource-01802,Database,Database Hours,europe-north1,Security,Threat Monitoring,Test,270.56,hours,105.2,EUR
2026-01-01,GCP,gcp-3001,gcp-resource-01803,Networking,Data Transfer,europe-west1,Security,Threat Monitoring,prod,442.38,GB,64.5,EUR
2026-01-26,Azure,az-2002,azure-resource-01804,Compute,CPU Hours,northeurope,Data Platform,Analytics Platform,Production,195.17,hours,56.26,EUR
2026-04-02,Azure,az-2002,azure-resource-01805,Networking,Public IP,westeurope,Security,Threat Monitoring,Test,473.78,GB,35.88,EUR
2026-04-17,AWS,aws-1001,aws-resource-01806,Database,Read Operations,eu-west-1,Security,,DEV,264.27,hours,87.99,EUR
2026-03-19,Azure,az-2002,azure-resource-01807,Compute,Instance Hours,northeurope,Security,Threat Monitoring,prod,91.69,hours,27.54,EUR
2026-03-01,Azure,az-2002,azure-resource-01808,Compute,CPU Hours,westeurope,Customer Product,Customer Portal,Test,499.07,hours,76.82,EUR
2026-03-10,GCP,gcp-3001,gcp-resource-01809,Compute,Instance Hours,europe-north1,Security,Identity Platform,Production,441.54,hours,134.4,EUR
2026-06-05,AWS,aws-1002,aws-resource-01810,Storage,Object Storage,eu-west-1,Data Platform,Data Governance,test,269.66,GB,6.95,EUR
2026-05-28,Azure,az-2002,azure-resource-01811,Compute,Instance Hours,northeurope,Security,Identity Platform,DEV,434.66,hours,88.08,EUR
2026-01-11,Azure,az-2002,azure-resource-01812,Storage,Object Storage,northeurope,Infrastructure,Cloud Migration,Development,265.68,GB,7.49,EUR
2026-06-23,Azure,az-2001,azure-resource-01813,Networking,Public IP,westeurope,Infrastructure,Cloud Migration,test,476.9,GB,38.99,EUR
2026-01-12,AWS,aws-1001,aws-resource-01814,Networking,Data Transfer,eu-central-1,Data Platform,Analytics Platform,prod,327.08,GB,51.46,EUR
2026-01-11,GCP,gcp-3001,gcp-resource-01815,Storage,Object Storage,europe-north1,Infrastructure,Shared Services,DEV,99.65,GB,2.82,EUR
2026-06-18,GCP,gcp-3001,gcp-resource-01816,Networking,Data Transfer,europe-north1,Security,Threat Monitoring,Test,185.82,GB,16.87,EUR
2026-06-14,GCP,gcp-3001,gcp-resource-01817,Database,Read Operations,europe-west1,,Customer Portal,test,68.92,hours,24.89,EUR
2026-05-21,GCP,gcp-3001,gcp-resource-01818,Networking,Public IP,europe-west1,Customer Product,Customer Portal,DEV,20.41,GB,1.7,EUR
2026-04-14,Azure,az-2001,azure-resource-01819,Networking,Data Transfer,westeurope,Security,Threat Monitoring,DEV,100.27,GB,6.82,EUR
2026-03-29,Azure,az-2002,azure-resource-01820,Compute,CPU Hours,westeurope,Data Platform,Data Governance,prod,443.75,hours,157.72,EUR
2026-05-09,Azure,az-2001,azure-resource-01821,Storage,Object Storage,westeurope,Customer Product,Customer Portal,test,239.51,GB,7.08,EUR
2026-05-19,AWS,aws-1002,aws-resource-01822,Networking,Data Transfer,eu-central-1,Data Platform,Analytics Platform,DEV,161.6,GB,12.05,EUR
2026-06-01,Azure,az-2001,azure-resource-01823,Networking,Data Transfer,northeurope,,Shared Services,DEV,250.72,GB,18.94,EUR
2026-03-19,GCP,gcp-3001,gcp-resource-01824,Storage,Disk Storage,europe-west1,Security,,DEV,303.25,GB,9.26,EUR
2026-04-13,Azure,az-2001,azure-resource-01825,Storage,Object Storage,westeurope,Infrastructure,Shared Services,prod,479.94,GB,27.36,EUR
2026-03-27,GCP,gcp-3001,gcp-resource-01826,Networking,Data Transfer,europe-west1,Data Platform,Analytics Platform,test,303.3,GB,25.23,EUR
2026-06-02,GCP,gcp-3001,gcp-resource-01827,Networking,Data Transfer,europe-west1,Data Platform,,DEV,8.49,GB,0.66,EUR
2026-03-01,Azure,az-2001,azure-resource-01828,Storage,Disk Storage,northeurope,Customer Product,Mobile Application,prod,196.87,GB,10.97,EUR
2026-06-07,GCP,gcp-3001,gcp-resource-01829,Database,Database Hours,europe-west1,Security,Identity Platform,DEV,247.96,hours,85.75,EUR
2026-06-18,Azure,az-2001,azure-resource-01830,Database,Database Hours,northeurope,Security,Identity Platform,test,55.27,hours,17.43,EUR
2026-05-03,Azure,az-2001,azure-resource-01831,Database,Read Operations,northeurope,Data Platform,Data Governance,Development,67.85,hours,20.85,EUR
2026-03-20,Azure,az-2002,azure-resource-01832,Compute,Instance Hours,westeurope,Infrastructure,Shared Services,Production,486.07,hours,148.57,EUR
2026-04-11,AWS,aws-1001,aws-resource-01833,Storage,Object Storage,eu-central-1,Infrastructure,Cloud Migration,DEV,61.35,GB,1.91,EUR
2026-03-16,Azure,az-2002,azure-resource-01834,Networking,Public IP,northeurope,Data Platform,Analytics Platform,test,137.17,GB,10.73,EUR
2026-01-17,GCP,gcp-3001,gcp-resource-01835,Database,Database Hours,europe-west1,Data Platform,Analytics Platform,DEV,477.12,hours,182.74,EUR
2026-05-08,GCP,gcp-3001,gcp-resource-01836,Database,Read Operations,europe-west1,Security,Identity Platform,prod,434.96,hours,262.11,EUR
2026-01-10,GCP,gcp-3001,gcp-resource-01837,Storage,Object Storage,europe-north1,Security,Identity Platform,Test,388.14,GB,10.63,EUR
2026-04-06,GCP,gcp-3001,gcp-resource-01838,Database,Read Operations,europe-north1,Infrastructure,Cloud Migration,prod,153.54,hours,93.13,EUR
2026-05-01,GCP,gcp-3001,gcp-resource-01839,Storage,Disk Storage,europe-west1,,Threat Monitoring,prod,153.45,GB,9.02,EUR
2026-06-06,GCP,gcp-3001,gcp-resource-01840,Compute,CPU Hours,europe-west1,Infrastructure,Shared Services,test,246.09,hours,47.5,EUR
2026-05-25,Azure,az-2001,azure-resource-01841,Compute,CPU Hours,westeurope,Infrastructure,Cloud Migration,Production,259.24,hours,73.76,EUR
2026-02-22,AWS,aws-1002,aws-resource-01842,Database,Read Operations,eu-central-1,Infrastructure,Shared Services,test,297.45,hours,114.02,EUR
2026-01-08,AWS,aws-1001,aws-resource-01843,Storage,Disk Storage,eu-central-1,Customer Product,Mobile Application,prod,485.69,GB,28.36,EUR
2026-06-03,GCP,gcp-3001,gcp-resource-01844,Compute,CPU Hours,europe-north1,Security,Identity Platform,DEV,191.67,hours,34.08,EUR
2026-01-09,Azure,az-2001,azure-resource-01845,Compute,Instance Hours,westeurope,Data Platform,Analytics Platform,prod,142.55,hours,50.5,EUR
2026-02-26,GCP,gcp-3001,gcp-resource-01846,Storage,Disk Storage,europe-north1,,Cloud Migration,test,221.67,GB,6.5,EUR
2026-04-14,GCP,gcp-3001,gcp-resource-01847,Compute,CPU Hours,europe-north1,Data Platform,Data Governance,Development,79.11,hours,13.4,EUR
2026-04-03,AWS,aws-1002,aws-resource-01848,Storage,Disk Storage,eu-west-1,Customer Product,Customer Portal,DEV,155.5,GB,4.52,EUR
2026-04-02,Azure,az-2002,azure-resource-01849,Compute,CPU Hours,northeurope,Data Platform,Data Governance,DEV,113.0,hours,20.75,EUR
2026-01-12,GCP,gcp-3001,gcp-resource-01850,Storage,Object Storage,europe-north1,Customer Product,Mobile Application,Development,406.89,GB,11.47,EUR
2026-03-11,AWS,aws-1002,aws-resource-01851,Storage,Disk Storage,eu-central-1,,Shared Services,prod,416.71,GB,24.4,EUR
2026-04-03,Azure,az-2002,azure-resource-01852,Storage,Disk Storage,westeurope,Customer Product,Customer Portal,prod,478.57,GB,22.48,EUR
2026-05-15,Azure,az-2002,azure-resource-01853,Networking,Public IP,westeurope,Infrastructure,,Development,349.86,GB,28.73,EUR
2026-04-19,AWS,aws-1001,aws-resource-01854,Storage,Object Storage,eu-west-1,,Data Governance,prod,223.2,GB,12.6,EUR
2026-02-22,GCP,gcp-3001,gcp-resource-01855,Database,Read Operations,europe-west1,Data Platform,Analytics Platform,DEV,482.69,hours,147.95,EUR
2026-05-05,AWS,aws-1001,aws-resource-01856,Database,Read Operations,eu-west-1,Customer Product,Mobile Application,test,56.42,hours,21.53,EUR
2026-05-21,AWS,aws-1001,aws-resource-01857,Networking,Data Transfer,eu-central-1,Infrastructure,Shared Services,DEV,420.28,GB,32.68,EUR
2026-01-09,GCP,gcp-3001,gcp-resource-01858,Storage,Object Storage,europe-west1,Customer Product,Customer Portal,test,372.81,GB,9.55,EUR
2026-03-25,AWS,aws-1001,aws-resource-01859,Storage,Object Storage,eu-central-1,Security,Threat Monitoring,Development,455.43,GB,11.69,EUR
2026-01-20,GCP,gcp-3001,gcp-resource-01860,Compute,CPU Hours,europe-west1,Data Platform,,DEV,242.8,hours,38.5,EUR
2026-02-04,AWS,aws-1002,aws-resource-01861,Compute,Instance Hours,eu-west-1,Security,Threat Monitoring,test,262.06,hours,41.92,EUR
2026-06-19,Azure,az-2001,azure-resource-01862,Storage,Object Storage,westeurope,Customer Product,,DEV,74.22,GB,1.91,EUR
2026-05-13,AWS,aws-1002,aws-resource-01863,Database,Database Hours,eu-west-1,Infrastructure,Cloud Migration,prod,322.66,hours,194.96,EUR
2026-02-17,AWS,aws-1002,aws-resource-01864,Storage,Disk Storage,eu-central-1,Infrastructure,Shared Services,Development,169.96,GB,4.67,EUR
2026-01-14,GCP,gcp-3001,gcp-resource-01865,Networking,Data Transfer,europe-north1,Security,Identity Platform,DEV,217.55,GB,16.19,EUR
2026-03-01,Azure,az-2002,azure-resource-01866,Networking,Public IP,westeurope,Customer Product,Mobile Application,test,183.46,GB,15.21,EUR
2026-04-10,Azure,az-2001,azure-resource-01867,Storage,Disk Storage,westeurope,Security,Threat Monitoring,Production,137.42,GB,8.01,EUR
2026-05-29,GCP,gcp-3001,gcp-resource-01868,Compute,Instance Hours,europe-north1,Security,Threat Monitoring,Development,113.49,hours,19.84,EUR
2026-06-26,Azure,az-2002,azure-resource-01869,Database,Database Hours,northeurope,Security,Threat Monitoring,Development,108.15,hours,38.77,EUR
2026-03-18,GCP,gcp-3001,gcp-resource-01870,Storage,Disk Storage,europe-north1,Customer Product,Mobile Application,DEV,249.46,GB,7.69,EUR
2026-02-24,AWS,aws-1002,aws-resource-01871,Storage,Disk Storage,eu-central-1,Security,Threat Monitoring,Test,465.95,GB,13.24,EUR
2026-05-01,GCP,gcp-3001,gcp-resource-01872,Networking,Data Transfer,europe-north1,Customer Product,Customer Portal,test,271.51,GB,20.39,EUR
2026-01-23,AWS,aws-1001,aws-resource-01873,Database,Database Hours,eu-west-1,Customer Product,Customer Portal,Test,329.61,hours,122.1,EUR
2026-01-25,Azure,az-2002,azure-resource-01874,Storage,Disk Storage,northeurope,Security,Identity Platform,prod,388.63,GB,22.71,EUR
2026-03-15,GCP,gcp-3001,gcp-resource-01875,Compute,Instance Hours,europe-north1,Customer Product,Mobile Application,Production,70.25,hours,20.18,EUR
2026-02-12,Azure,az-2002,azure-resource-01876,Networking,Public IP,northeurope,Customer Product,Mobile Application,test,291.19,GB,25.61,EUR
2026-03-18,Azure,az-2001,azure-resource-01877,Storage,Object Storage,northeurope,Customer Product,Customer Portal,Test,430.98,GB,13.27,EUR
2026-01-23,GCP,gcp-3001,gcp-resource-01878,Database,Read Operations,europe-west1,Data Platform,Analytics Platform,DEV,360.71,hours,128.79,EUR
2026-03-31,Azure,az-2001,azure-resource-01879,Storage,Object Storage,northeurope,Customer Product,Mobile Application,Production,478.19,GB,22.78,EUR
2026-02-25,GCP,gcp-3001,gcp-resource-01880,Storage,Disk Storage,europe-north1,Infrastructure,,prod,119.65,GB,7.38,EUR
2026-01-16,GCP,gcp-3001,gcp-resource-01881,Storage,Disk Storage,europe-north1,Infrastructure,Cloud Migration,Test,399.59,GB,11.14,EUR
2026-03-14,GCP,gcp-3001,gcp-resource-01882,Storage,Object Storage,europe-west1,Data Platform,Analytics Platform,Production,56.35,GB,2.6,EUR
2026-04-14,Azure,az-2001,azure-resource-01883,Storage,Object Storage,westeurope,Data Platform,Analytics Platform,DEV,427.34,GB,14.46,EUR
2026-03-26,AWS,aws-1002,aws-resource-01884,Database,Read Operations,eu-west-1,Customer Product,Customer Portal,Development,253.46,hours,95.17,EUR
2026-05-05,AWS,aws-1001,aws-resource-01885,Storage,Object Storage,eu-central-1,,,DEV,284.91,GB,8.99,EUR
2026-02-04,AWS,aws-1001,aws-resource-01886,Compute,CPU Hours,eu-west-1,Infrastructure,Shared Services,Production,396.4,hours,113.64,EUR
2026-01-24,AWS,aws-1001,aws-resource-01887,Database,Database Hours,eu-central-1,Security,Identity Platform,Test,402.49,hours,123.47,EUR
2026-04-22,GCP,gcp-3001,gcp-resource-01888,Database,Read Operations,europe-north1,Infrastructure,Cloud Migration,Production,387.44,hours,251.96,EUR
2026-03-19,Azure,az-2001,azure-resource-01889,Database,Read Operations,westeurope,Security,Identity Platform,Production,23.57,hours,15.46,EUR
2026-03-02,GCP,gcp-3001,gcp-resource-01890,Database,Read Operations,europe-west1,Customer Product,Customer Portal,Development,439.1,hours,134.14,EUR
2026-03-30,Azure,az-2002,azure-resource-01891,Compute,Instance Hours,northeurope,Security,Threat Monitoring,Production,206.23,hours,61.87,EUR
2026-04-30,AWS,aws-1002,aws-resource-01892,Networking,Public IP,eu-central-1,,Cloud Migration,Development,245.85,GB,21.49,EUR
2026-04-26,Azure,az-2002,azure-resource-01893,Database,Read Operations,westeurope,,Customer Portal,test,351.87,hours,117.27,EUR
2026-04-10,Azure,az-2002,azure-resource-01894,Database,Database Hours,northeurope,Infrastructure,Cloud Migration,test,363.58,hours,125.56,EUR
2026-06-17,Azure,az-2002,azure-resource-01895,Database,Database Hours,westeurope,Data Platform,,Production,333.35,hours,183.74,EUR
2026-01-02,AWS,aws-1001,aws-resource-01896,Networking,Public IP,eu-central-1,Security,Identity Platform,Test,225.31,GB,19.69,EUR
2026-05-09,GCP,gcp-3001,gcp-resource-01897,Compute,Instance Hours,europe-north1,Infrastructure,Cloud Migration,Production,238.5,hours,69.59,EUR
2026-05-18,GCP,gcp-3001,gcp-resource-01898,Storage,Disk Storage,europe-north1,Customer Product,Customer Portal,prod,280.25,GB,14.15,EUR
2026-04-26,AWS,aws-1001,aws-resource-01899,Storage,Object Storage,eu-central-1,,Shared Services,Production,364.51,GB,20.0,EUR
2026-04-24,AWS,aws-1001,aws-resource-01900,Compute,Instance Hours,eu-west-1,Customer Product,Mobile Application,Development,101.15,hours,20.76,EUR
2026-01-11,AWS,aws-1002,aws-resource-01901,Networking,Data Transfer,eu-west-1,Infrastructure,Cloud Migration,Development,478.47,GB,38.93,EUR
2026-03-26,AWS,aws-1001,aws-resource-01902,Compute,CPU Hours,eu-west-1,Data Platform,Analytics Platform,Development,455.47,hours,87.21,EUR
2026-03-15,GCP,gcp-3001,gcp-resource-01903,Database,Database Hours,europe-west1,Customer Product,Customer Portal,DEV,280.06,hours,106.84,EUR
2026-06-22,AWS,aws-1001,aws-resource-01904,Storage,Disk Storage,eu-west-1,Data Platform,Data Governance,Test,323.03,GB,11.05,EUR
2026-03-03,GCP,gcp-3001,gcp-resource-01905,Storage,Object Storage,europe-north1,Data Platform,Analytics Platform,test,225.09,GB,7.63,EUR
2026-03-13,Azure,az-2001,azure-resource-01906,Database,Database Hours,northeurope,Infrastructure,Shared Services,Development,350.45,hours,105.03,EUR
2026-04-07,GCP,gcp-3001,gcp-resource-01907,Networking,Data Transfer,europe-north1,Data Platform,Data Governance,Test,401.5,GB,31.44,EUR
2026-04-13,Azure,az-2002,azure-resource-01908,Networking,Data Transfer,northeurope,Security,Identity Platform,Development,224.81,GB,15.52,EUR
2026-04-02,Azure,az-2001,azure-resource-01909,Compute,Instance Hours,northeurope,Customer Product,,Test,449.96,hours,70.27,EUR
2026-05-08,AWS,aws-1001,aws-resource-01910,Networking,Public IP,eu-west-1,Security,Identity Platform,Development,138.33,GB,10.93,EUR
2026-01-09,GCP,gcp-3001,gcp-resource-01911,Database,Database Hours,europe-north1,Customer Product,Customer Portal,prod,110.23,hours,69.7,EUR
2026-03-28,GCP,gcp-3001,gcp-resource-01912,Storage,Disk Storage,europe-north1,Infrastructure,Cloud Migration,DEV,302.17,GB,8.6,EUR
2026-04-05,GCP,gcp-3001,gcp-resource-01913,Compute,Instance Hours,europe-west1,Security,Identity Platform,DEV,12.4,hours,2.08,EUR
2026-03-24,AWS,aws-1001,aws-resource-01914,Storage,Disk Storage,eu-west-1,Customer Product,Mobile Application,prod,465.8,GB,27.78,EUR
2026-02-10,AWS,aws-1001,aws-resource-01915,Database,Read Operations,eu-central-1,Data Platform,Analytics Platform,test,310.53,hours,95.34,EUR
2026-01-31,AWS,aws-1002,aws-resource-01916,Storage,Object Storage,eu-west-1,Customer Product,Customer Portal,Test,464.17,GB,12.58,EUR
2026-04-01,Azure,az-2001,azure-resource-01917,Networking,Data Transfer,westeurope,Customer Product,Mobile Application,DEV,114.54,GB,8.14,EUR
2026-04-18,AWS,aws-1001,aws-resource-01918,Storage,Object Storage,eu-west-1,Data Platform,Data Governance,Development,8.76,GB,0.24,EUR
2026-01-01,GCP,gcp-3001,gcp-resource-01919,Storage,Object Storage,europe-west1,Customer Product,Customer Portal,Test,246.17,GB,7.61,EUR
2026-03-13,GCP,gcp-3001,gcp-resource-01920,Database,Database Hours,europe-north1,Security,Identity Platform,Development,191.4,hours,71.37,EUR
2026-03-30,Azure,az-2001,azure-resource-01921,Database,Database Hours,westeurope,Data Platform,Data Governance,prod,117.32,hours,69.16,EUR
2026-04-23,AWS,aws-1002,aws-resource-01922,Networking,Data Transfer,eu-central-1,Security,Threat Monitoring,Production,146.01,GB,20.25,EUR
2026-05-08,AWS,aws-1002,aws-resource-01923,Compute,CPU Hours,eu-central-1,Infrastructure,Shared Services,Production,460.4,hours,156.78,EUR
2026-05-28,Azure,az-2001,azure-resource-01924,Compute,Instance Hours,northeurope,Infrastructure,Cloud Migration,DEV,38.11,hours,5.89,EUR
2026-01-30,Azure,az-2002,azure-resource-01925,Compute,CPU Hours,northeurope,Security,Identity Platform,prod,70.36,hours,19.85,EUR
2026-05-19,AWS,aws-1002,aws-resource-01926,Networking,Data Transfer,eu-west-1,Security,Threat Monitoring,prod,103.22,GB,14.8,EUR
2026-06-05,AWS,aws-1002,aws-resource-01927,Networking,Data Transfer,eu-west-1,Infrastructure,Shared Services,Production,46.15,GB,7.34,EUR
2026-06-28,AWS,aws-1001,aws-resource-01928,Compute,Instance Hours,eu-west-1,Customer Product,Mobile Application,prod,287.05,hours,94.06,EUR
2026-02-23,AWS,aws-1001,aws-resource-01929,Storage,Disk Storage,eu-central-1,Infrastructure,Shared Services,Test,426.47,GB,12.33,EUR
2026-02-05,AWS,aws-1001,aws-resource-01930,Networking,Data Transfer,eu-west-1,Customer Product,Mobile Application,Development,448.28,GB,40.37,EUR
2026-02-26,Azure,az-2002,azure-resource-01931,Compute,Instance Hours,westeurope,Security,Threat Monitoring,Development,96.07,hours,17.01,EUR
2026-06-22,Azure,az-2002,azure-resource-01932,Storage,Disk Storage,northeurope,Infrastructure,Shared Services,prod,247.06,GB,14.68,EUR
2026-05-28,GCP,gcp-3001,gcp-resource-01933,Networking,Public IP,europe-west1,Security,Threat Monitoring,Test,215.8,GB,15.53,EUR
2026-03-25,AWS,aws-1002,aws-resource-01934,Database,Read Operations,eu-west-1,Security,Identity Platform,Test,69.16,hours,24.7,EUR
2026-03-01,AWS,aws-1002,aws-resource-01935,Compute,Instance Hours,eu-central-1,Security,Identity Platform,test,248.63,hours,46.06,EUR
2026-06-18,GCP,gcp-3001,gcp-resource-01936,Storage,Object Storage,europe-west1,Infrastructure,,Test,59.57,GB,1.75,EUR
2026-06-28,AWS,aws-1001,aws-resource-01937,Storage,Disk Storage,eu-central-1,Infrastructure,Shared Services,test,467.78,GB,14.87,EUR
2026-02-22,Azure,az-2001,azure-resource-01938,Networking,Data Transfer,westeurope,Customer Product,Mobile Application,test,329.44,GB,26.03,EUR
2026-06-28,Azure,az-2002,azure-resource-01939,Networking,Public IP,westeurope,Customer Product,Customer Portal,prod,348.24,GB,56.56,EUR
2026-06-21,GCP,gcp-3001,gcp-resource-01940,Networking,Public IP,europe-west1,Security,Threat Monitoring,DEV,102.58,GB,8.53,EUR
2026-06-23,AWS,aws-1002,aws-resource-01941,Compute,CPU Hours,eu-west-1,Data Platform,Analytics Platform,Production,411.74,hours,147.05,EUR
2026-05-11,Azure,az-2001,azure-resource-01942,Database,Read Operations,northeurope,Customer Product,Customer Portal,DEV,339.47,hours,114.57,EUR
2026-04-22,GCP,gcp-3001,gcp-resource-01943,Compute,Instance Hours,europe-north1,,Mobile Application,test,130.33,hours,26.4,EUR
2026-05-25,Azure,az-2001,azure-resource-01944,Database,Read Operations,westeurope,Data Platform,Analytics Platform,Test,187.95,hours,73.03,EUR
2026-05-16,GCP,gcp-3001,gcp-resource-01945,Compute,Instance Hours,europe-west1,Data Platform,Analytics Platform,Production,240.22,hours,84.53,EUR
2026-04-14,GCP,gcp-3001,gcp-resource-01946,Compute,CPU Hours,europe-west1,Infrastructure,,Production,139.61,hours,39.32,EUR
2026-03-21,GCP,gcp-3001,gcp-resource-01947,Storage,Disk Storage,europe-north1,Infrastructure,Cloud Migration,Development,259.95,GB,7.14,EUR
2026-03-14,GCP,gcp-3001,gcp-resource-01948,Compute,Instance Hours,europe-north1,Customer Product,,DEV,260.58,hours,44.34,EUR
2026-06-18,Azure,az-2001,azure-resource-01949,Database,Read Operations,westeurope,Data Platform,Analytics Platform,prod,444.85,hours,304.66,EUR
2026-04-19,Azure,az-2001,azure-resource-01950,Compute,Instance Hours,northeurope,Security,Identity Platform,DEV,215.03,hours,42.18,EUR
2026-03-24,Azure,az-2001,azure-resource-01951,Networking,Public IP,westeurope,Infrastructure,Cloud Migration,Production,240.86,GB,29.91,EUR
2026-02-08,Azure,az-2002,azure-resource-01952,Storage,Object Storage,northeurope,Infrastructure,,Development,213.88,GB,6.3,EUR
2026-06-29,AWS,aws-1002,aws-resource-01953,Storage,Disk Storage,eu-west-1,Customer Product,Mobile Application,prod,51.66,GB,3.13,EUR
2026-02-21,AWS,aws-1001,aws-resource-01954,Database,Database Hours,eu-central-1,Infrastructure,Shared Services,prod,7.13,hours,5.0,EUR
2026-03-07,AWS,aws-1002,aws-resource-01955,Storage,Object Storage,eu-central-1,Security,Identity Platform,Test,282.29,GB,8.84,EUR
2026-01-02,GCP,gcp-3001,gcp-resource-01956,Compute,Instance Hours,europe-west1,Customer Product,Mobile Application,Development,216.1,hours,44.36,EUR
2026-02-12,GCP,gcp-3001,gcp-resource-01957,Networking,Public IP,europe-north1,Customer Product,Customer Portal,prod,280.01,GB,42.92,EUR
2026-04-10,Azure,az-2001,azure-resource-01958,Compute,Instance Hours,westeurope,Data Platform,Data Governance,test,242.96,hours,43.78,EUR
2026-03-17,AWS,aws-1002,aws-resource-01959,Networking,Public IP,eu-west-1,,Analytics Platform,test,429.49,GB,30.66,EUR
2026-06-08,GCP,gcp-3001,gcp-resource-01960,Compute,Instance Hours,europe-north1,Infrastructure,Shared Services,DEV,492.8,hours,77.9,EUR
2026-06-06,AWS,aws-1002,aws-resource-01961,Networking,Data Transfer,eu-west-1,Infrastructure,Shared Services,DEV,206.33,GB,14.23,EUR
2026-02-05,Azure,az-2002,azure-resource-01962,Database,Read Operations,westeurope,Data Platform,Analytics Platform,prod,468.4,hours,325.16,EUR
2026-01-04,Azure,az-2002,azure-resource-01963,Storage,Object Storage,northeurope,Customer Product,Customer Portal,Development,125.72,GB,3.91,EUR
2026-01-30,GCP,gcp-3001,gcp-resource-01964,Database,Read Operations,europe-west1,Security,Identity Platform,Development,248.96,hours,90.81,EUR
2026-01-09,GCP,gcp-3001,gcp-resource-01965,Compute,CPU Hours,europe-north1,Data Platform,Analytics Platform,prod,212.43,hours,59.14,EUR
2026-03-23,GCP,gcp-3001,gcp-resource-01966,Storage,Object Storage,europe-north1,Infrastructure,Shared Services,Test,459.66,GB,12.56,EUR
2026-03-04,Azure,az-2002,azure-resource-01967,Compute,CPU Hours,northeurope,Customer Product,Customer Portal,Test,50.19,hours,8.36,EUR
2026-04-15,GCP,gcp-3001,gcp-resource-01968,Storage,Disk Storage,europe-west1,Customer Product,,DEV,347.87,GB,11.43,EUR
2026-05-08,GCP,gcp-3001,gcp-resource-01969,Storage,Disk Storage,europe-west1,Infrastructure,Shared Services,Test,451.31,GB,15.52,EUR
2026-01-05,AWS,aws-1002,aws-resource-01970,Compute,Instance Hours,eu-west-1,Customer Product,Customer Portal,Production,155.58,hours,54.13,EUR
2026-01-15,GCP,gcp-3001,gcp-resource-01971,Database,Database Hours,europe-north1,Infrastructure,Cloud Migration,Production,203.32,hours,133.92,EUR
2026-01-14,Azure,az-2001,azure-resource-01972,Storage,Object Storage,northeurope,Security,,Production,33.15,GB,1.54,EUR
2026-03-01,GCP,gcp-3001,gcp-resource-01973,Compute,CPU Hours,europe-west1,Data Platform,Data Governance,Production,90.88,hours,30.71,EUR
2026-01-23,Azure,az-2001,azure-resource-01974,Storage,Disk Storage,northeurope,,Analytics Platform,prod,318.51,GB,16.77,EUR
2026-05-27,AWS,aws-1002,aws-resource-01975,Compute,CPU Hours,eu-central-1,Data Platform,Analytics Platform,DEV,262.36,hours,45.08,EUR
2026-05-21,Azure,az-2001,azure-resource-01976,Compute,Instance Hours,westeurope,,Cloud Migration,Production,22.99,hours,7.11,EUR
2026-05-30,GCP,gcp-3001,gcp-resource-01977,Networking,Public IP,europe-west1,Security,Identity Platform,Development,489.47,GB,34.4,EUR
2026-01-27,GCP,gcp-3001,gcp-resource-01978,Networking,Public IP,europe-north1,Customer Product,Mobile Application,Development,325.58,GB,28.06,EUR
2026-02-25,Azure,az-2002,azure-resource-01979,Compute,Instance Hours,northeurope,Security,Threat Monitoring,test,267.73,hours,52.68,EUR
2026-02-14,GCP,gcp-3001,gcp-resource-01980,Database,Database Hours,europe-north1,Data Platform,Analytics Platform,test,84.93,hours,33.51,EUR
2026-04-12,Azure,az-2002,azure-resource-01981,Networking,Data Transfer,westeurope,Security,Identity Platform,DEV,323.57,GB,22.67,EUR
2026-03-24,GCP,gcp-3001,gcp-resource-01982,Compute,CPU Hours,europe-north1,Security,Threat Monitoring,Development,284.97,hours,45.23,EUR
2026-02-18,Azure,az-2002,azure-resource-01983,Storage,Object Storage,northeurope,Security,Threat Monitoring,DEV,151.71,GB,4.62,EUR
2026-02-18,AWS,aws-1001,aws-resource-01984,Compute,Instance Hours,eu-central-1,Infrastructure,Cloud Migration,DEV,168.18,hours,30.74,EUR
2026-06-16,Azure,az-2002,azure-resource-01985,Database,Database Hours,westeurope,Data Platform,Data Governance,Development,265.16,hours,79.98,EUR
2026-05-06,GCP,gcp-3001,gcp-resource-01986,Storage,Disk Storage,europe-west1,Infrastructure,Shared Services,Test,474.21,GB,14.49,EUR
2026-06-12,GCP,gcp-3001,gcp-resource-01987,Storage,Object Storage,europe-north1,Data Platform,,Production,366.89,GB,17.73,EUR
2026-03-30,GCP,gcp-3001,gcp-resource-01988,Compute,Instance Hours,europe-west1,Security,Threat Monitoring,Production,203.74,hours,68.85,EUR
2026-01-04,AWS,aws-1002,aws-resource-01989,Storage,Object Storage,eu-west-1,Security,Identity Platform,Production,195.3,GB,11.77,EUR
2026-04-04,AWS,aws-1001,aws-resource-01990,Database,Read Operations,eu-central-1,Customer Product,Mobile Application,Development,352.37,hours,126.08,EUR
2026-06-02,AWS,aws-1002,aws-resource-01991,Database,Read Operations,eu-central-1,Security,Identity Platform,Development,198.56,hours,72.9,EUR
2026-03-07,Azure,az-2002,azure-resource-01992,Compute,Instance Hours,northeurope,Security,Threat Monitoring,Development,130.31,hours,22.56,EUR
2026-02-20,Azure,az-2002,azure-resource-01993,Networking,Data Transfer,northeurope,Security,Threat Monitoring,test,375.03,GB,27.91,EUR
2026-03-03,GCP,gcp-3001,gcp-resource-01994,Networking,Data Transfer,europe-north1,Customer Product,Mobile Application,DEV,415.79,GB,33.44,EUR
2026-06-16,Azure,az-2002,azure-resource-01995,Database,Database Hours,northeurope,Security,Identity Platform,Development,125.63,hours,47.57,EUR
2026-03-23,Azure,az-2001,azure-resource-01996,Storage,Disk Storage,westeurope,Security,,Production,382.76,GB,22.47,EUR
2026-02-14,GCP,gcp-3001,gcp-resource-01997,Storage,Object Storage,europe-north1,Infrastructure,Shared Services,Production,30.31,GB,1.49,EUR
2026-06-20,Azure,az-2001,azure-resource-01998,Storage,Object Storage,westeurope,Security,Identity Platform,Development,319.29,GB,10.79,EUR
2026-06-28,AWS,aws-1001,aws-resource-01999,Networking,Public IP,eu-central-1,Customer Product,Mobile Application,Development,24.03,GB,1.71,EUR
2026-03-09,AWS,aws-1001,aws-resource-02000,Storage,Object Storage,eu-central-1,Data Platform,Data Governance,Production,73.94,GB,3.95,EUR
2026-04-01,GCP,gcp-3001,gcp-resource-02001,Database,Read Operations,europe-west1,Customer Product,Customer Portal,Production,60.28,hours,35.0,EUR
2026-02-16,Azure,az-2002,azure-resource-02002,Database,Database Hours,westeurope,Customer Product,Mobile Application,DEV,421.04,hours,142.07,EUR
2026-01-21,GCP,gcp-3001,gcp-resource-02003,Database,Read Operations,europe-west1,Security,Identity Platform,test,178.3,hours,58.52,EUR
2026-06-25,GCP,gcp-3001,gcp-resource-02004,Compute,CPU Hours,europe-west1,Customer Product,Mobile Application,Development,175.29,hours,30.2,EUR
2026-04-09,Azure,az-2001,azure-resource-02005,Storage,Object Storage,westeurope,Security,Identity Platform,DEV,103.9,GB,3.06,EUR
2026-01-26,GCP,gcp-3001,gcp-resource-02006,Database,Read Operations,europe-west1,Security,Threat Monitoring,test,87.56,hours,29.96,EUR
2026-03-01,GCP,gcp-3001,gcp-resource-02007,Database,Read Operations,europe-west1,Data Platform,,Test,466.79,hours,159.65,EUR
2026-03-26,AWS,aws-1001,aws-resource-02008,Storage,Object Storage,eu-central-1,Infrastructure,Cloud Migration,Production,158.83,GB,7.37,EUR
2026-05-23,Azure,az-2001,azure-resource-02009,Storage,Disk Storage,northeurope,Data Platform,Analytics Platform,prod,414.75,GB,22.6,EUR
2026-06-23,AWS,aws-1001,aws-resource-02010,Database,Database Hours,eu-west-1,Customer Product,Customer Portal,prod,203.37,hours,122.98,EUR
2026-06-06,AWS,aws-1001,aws-resource-02011,Storage,Object Storage,eu-central-1,Infrastructure,Cloud Migration,DEV,192.41,GB,5.23,EUR
2026-04-22,Azure,az-2002,azure-resource-02012,Compute,Instance Hours,westeurope,Infrastructure,,test,105.55,hours,17.85,EUR
2026-05-30,AWS,aws-1001,aws-resource-02013,Storage,Disk Storage,eu-west-1,Security,Threat Monitoring,Development,12.82,GB,0.34,EUR
2026-06-07,Azure,az-2001,azure-resource-02014,Database,Database Hours,northeurope,Data Platform,Data Governance,Production,421.72,hours,237.09,EUR
2026-04-24,AWS,aws-1001,aws-resource-02015,Storage,Disk Storage,eu-central-1,Customer Product,Customer Portal,Test,450.45,GB,14.68,EUR
2026-03-16,Azure,az-2002,azure-resource-02016,Compute,Instance Hours,northeurope,Data Platform,Data Governance,DEV,246.23,hours,43.55,EUR
2026-04-07,AWS,aws-1001,aws-resource-02017,Compute,CPU Hours,eu-west-1,Infrastructure,,prod,7.91,hours,2.78,EUR
2026-03-02,AWS,aws-1001,aws-resource-02018,Database,Read Operations,eu-west-1,Infrastructure,Cloud Migration,DEV,229.03,hours,77.67,EUR
2026-02-07,GCP,gcp-3001,gcp-resource-02019,Storage,Disk Storage,europe-west1,Infrastructure,Shared Services,Development,152.31,GB,3.98,EUR
2026-04-07,AWS,aws-1001,aws-resource-02020,Compute,Instance Hours,eu-central-1,Customer Product,,Development,54.56,hours,9.07,EUR
2026-01-09,AWS,aws-1001,aws-resource-02021,Storage,Object Storage,eu-central-1,Data Platform,Analytics Platform,prod,184.02,GB,9.15,EUR
2026-01-23,GCP,gcp-3001,gcp-resource-02022,Compute,Instance Hours,europe-north1,Security,,Test,284.84,hours,53.85,EUR
2026-02-03,GCP,gcp-3001,gcp-resource-02023,Compute,CPU Hours,europe-west1,Security,Threat Monitoring,prod,27.86,hours,7.74,EUR
2026-06-17,AWS,aws-1002,aws-resource-02024,Networking,Data Transfer,eu-west-1,Data Platform,Data Governance,Test,185.77,GB,16.17,EUR
2026-06-14,AWS,aws-1002,aws-resource-02025,Networking,Public IP,eu-central-1,Data Platform,Data Governance,Test,377.97,GB,31.35,EUR
2026-04-27,Azure,az-2002,azure-resource-02026,Networking,Public IP,westeurope,Security,Identity Platform,DEV,412.24,GB,33.97,EUR
2026-04-19,AWS,aws-1001,aws-resource-02027,Networking,Public IP,eu-central-1,Security,Identity Platform,Test,210.56,GB,15.03,EUR
2026-05-07,AWS,aws-1001,aws-resource-02028,Storage,Disk Storage,eu-west-1,Security,Threat Monitoring,prod,470.28,GB,24.42,EUR
2026-03-15,AWS,aws-1002,aws-resource-02029,Networking,Data Transfer,eu-central-1,Infrastructure,Cloud Migration,test,329.36,GB,28.07,EUR
2026-01-29,Azure,az-2001,azure-resource-02030,Networking,Public IP,northeurope,Security,Identity Platform,prod,5.42,GB,0.89,EUR
2026-05-17,AWS,aws-1002,aws-resource-02031,Database,Database Hours,eu-central-1,Customer Product,Customer Portal,prod,60.78,hours,37.11,EUR
2026-05-04,Azure,az-2001,azure-resource-02032,Networking,Data Transfer,northeurope,Data Platform,Data Governance,Test,196.81,GB,15.79,EUR
2026-04-13,GCP,gcp-3001,gcp-resource-02033,Storage,Object Storage,europe-north1,Data Platform,Analytics Platform,test,303.66,GB,9.49,EUR
2026-03-13,GCP,gcp-3001,gcp-resource-02034,Storage,Object Storage,europe-north1,Customer Product,Customer Portal,Production,194.73,GB,10.83,EUR
2026-02-01,AWS,aws-1001,aws-resource-02035,Networking,Data Transfer,eu-west-1,Customer Product,Customer Portal,prod,259.21,GB,34.87,EUR
2026-06-06,GCP,gcp-3001,gcp-resource-02036,Compute,CPU Hours,europe-north1,Security,Threat Monitoring,DEV,170.66,hours,30.24,EUR
2026-05-20,GCP,gcp-3001,gcp-resource-02037,Networking,Public IP,europe-north1,Data Platform,Data Governance,Production,247.71,GB,31.5,EUR
2026-06-30,Azure,az-2002,azure-resource-02038,Compute,CPU Hours,westeurope,Data Platform,Analytics Platform,test,401.39,hours,79.93,EUR
2026-02-15,AWS,aws-1002,aws-resource-02039,Networking,Data Transfer,eu-central-1,Customer Product,Customer Portal,Development,417.24,GB,32.86,EUR
2026-02-24,GCP,gcp-3001,gcp-resource-02040,Database,Read Operations,europe-west1,Security,Identity Platform,Production,48.9,hours,33.94,EUR
2026-02-18,GCP,gcp-3001,gcp-resource-02041,Compute,Instance Hours,europe-north1,Data Platform,,Production,215.88,hours,69.81,EUR
2026-03-10,AWS,aws-1001,aws-resource-02042,Storage,Object Storage,eu-central-1,Security,Identity Platform,DEV,308.89,GB,9.34,EUR
2026-03-27,GCP,gcp-3001,gcp-resource-02043,Compute,CPU Hours,europe-north1,Customer Product,Mobile Application,test,151.45,hours,27.39,EUR
2026-03-24,AWS,aws-1002,aws-resource-02044,Compute,Instance Hours,eu-central-1,Customer Product,Mobile Application,prod,303.86,hours,88.24,EUR
2026-03-07,Azure,az-2002,azure-resource-02045,Compute,CPU Hours,westeurope,Customer Product,Mobile Application,test,370.83,hours,76.39,EUR
2026-03-08,AWS,aws-1002,aws-resource-02046,Storage,Disk Storage,eu-west-1,Customer Product,Mobile Application,Test,200.61,GB,6.15,EUR
2026-05-01,AWS,aws-1002,aws-resource-02047,Database,Read Operations,eu-west-1,Infrastructure,Cloud Migration,Production,303.54,hours,163.04,EUR
2026-01-09,GCP,gcp-3001,gcp-resource-02048,Networking,Data Transfer,europe-north1,Infrastructure,Shared Services,DEV,72.13,GB,5.39,EUR
2026-06-09,Azure,az-2002,azure-resource-02049,Storage,Object Storage,northeurope,Infrastructure,Cloud Migration,Production,439.29,GB,21.7,EUR
2026-02-16,Azure,az-2002,azure-resource-02050,Compute,Instance Hours,westeurope,Security,Identity Platform,test,150.4,hours,23.1,EUR
2026-04-16,GCP,gcp-3001,gcp-resource-02051,Storage,Object Storage,europe-west1,Infrastructure,Cloud Migration,test,118.62,GB,3.89,EUR
2026-02-13,Azure,az-2002,azure-resource-02052,Database,Read Operations,westeurope,Infrastructure,Cloud Migration,test,396.5,hours,130.04,EUR
2026-04-23,GCP,gcp-3001,gcp-resource-02053,Compute,CPU Hours,europe-west1,Customer Product,Mobile Application,Development,8.62,hours,1.6,EUR
2026-03-21,AWS,aws-1002,aws-resource-02054,Networking,Public IP,eu-west-1,Data Platform,Data Governance,Test,402.34,GB,30.11,EUR
2026-01-24,GCP,gcp-3001,gcp-resource-02055,Compute,Instance Hours,europe-north1,,Mobile Application,test,71.45,hours,14.17,EUR
2026-02-14,AWS,aws-1001,aws-resource-02056,Compute,Instance Hours,eu-west-1,Data Platform,Analytics Platform,Development,94.71,hours,17.45,EUR
2026-05-26,Azure,az-2002,azure-resource-02057,Networking,Data Transfer,westeurope,Security,Threat Monitoring,DEV,301.97,GB,26.15,EUR
2026-06-23,GCP,gcp-3001,gcp-resource-02058,Networking,Data Transfer,europe-north1,Data Platform,,Test,392.31,GB,28.48,EUR
2026-04-15,AWS,aws-1001,aws-resource-02059,Database,Database Hours,eu-central-1,,Mobile Application,prod,258.63,hours,147.68,EUR
2026-06-06,GCP,gcp-3001,gcp-resource-02060,Storage,Object Storage,europe-north1,Customer Product,Mobile Application,test,265.77,GB,7.82,EUR
2026-05-22,Azure,az-2002,azure-resource-02061,Database,Read Operations,westeurope,Customer Product,Mobile Application,DEV,472.17,hours,187.31,EUR
2026-05-24,Azure,az-2002,azure-resource-02062,Database,Read Operations,northeurope,Customer Product,,Development,85.73,hours,32.34,EUR
2026-06-03,GCP,gcp-3001,gcp-resource-02063,Compute,CPU Hours,europe-north1,Customer Product,Mobile Application,DEV,145.27,hours,23.87,EUR
2026-05-31,Azure,az-2002,azure-resource-02064,Compute,CPU Hours,westeurope,Infrastructure,Shared Services,prod,7.24,hours,2.53,EUR
2026-05-13,GCP,gcp-3001,gcp-resource-02065,Networking,Public IP,europe-north1,Customer Product,Mobile Application,Test,324.3,GB,27.24,EUR
2026-04-21,GCP,gcp-3001,gcp-resource-02066,Database,Database Hours,europe-north1,Security,Identity Platform,test,427.41,hours,155.99,EUR
2026-04-25,GCP,gcp-3001,gcp-resource-02067,Networking,Public IP,europe-north1,,Analytics Platform,Test,134.05,GB,12.18,EUR
2026-04-19,Azure,az-2001,azure-resource-02068,Database,Database Hours,northeurope,Security,,Development,42.9,hours,16.04,EUR
2026-04-22,Azure,az-2002,azure-resource-02069,Database,Database Hours,northeurope,Infrastructure,Cloud Migration,Development,307.29,hours,112.06,EUR
2026-02-04,Azure,az-2002,azure-resource-02070,Compute,Instance Hours,northeurope,Infrastructure,Shared Services,prod,244.81,hours,74.82,EUR
2026-06-24,AWS,aws-1001,aws-resource-02071,Networking,Public IP,eu-central-1,Customer Product,Mobile Application,Production,423.02,GB,57.82,EUR
2026-05-13,Azure,az-2002,azure-resource-02072,Storage,Object Storage,northeurope,Security,Threat Monitoring,test,208.58,GB,6.74,EUR
2026-01-21,GCP,gcp-3001,gcp-resource-02073,Compute,CPU Hours,europe-north1,Security,Identity Platform,Production,361.44,hours,102.51,EUR
2026-05-06,GCP,gcp-3001,gcp-resource-02074,Database,Read Operations,europe-north1,,Analytics Platform,Test,430.53,hours,134.75,EUR
2026-03-19,Azure,az-2002,azure-resource-02075,Compute,Instance Hours,northeurope,Customer Product,Mobile Application,prod,374.94,hours,111.12,EUR
2026-06-23,Azure,az-2002,azure-resource-02076,Networking,Data Transfer,northeurope,Customer Product,,prod,102.11,GB,14.13,EUR
2026-04-29,GCP,gcp-3001,gcp-resource-02077,Compute,Instance Hours,europe-north1,Security,Identity Platform,Development,143.57,hours,24.74,EUR
2026-05-22,AWS,aws-1002,aws-resource-02078,Networking,Public IP,eu-central-1,Customer Product,Mobile Application,Production,257.17,GB,41.5,EUR
2026-04-01,Azure,az-2001,azure-resource-02079,Database,Read Operations,northeurope,Infrastructure,Shared Services,Test,357.87,hours,111.66,EUR
2026-02-08,Azure,az-2001,azure-resource-02080,Compute,CPU Hours,northeurope,Customer Product,Mobile Application,DEV,144.29,hours,24.14,EUR
2026-05-01,Azure,az-2001,azure-resource-02081,Database,Database Hours,westeurope,Data Platform,Data Governance,Development,48.69,hours,16.11,EUR
2026-04-02,GCP,gcp-3001,gcp-resource-02082,Compute,Instance Hours,europe-north1,Data Platform,Analytics Platform,Production,399.17,hours,124.39,EUR
2026-03-04,GCP,gcp-3001,gcp-resource-02083,Database,Database Hours,europe-west1,Infrastructure,Cloud Migration,Development,329.07,hours,112.5,EUR
2026-01-10,GCP,gcp-3001,gcp-resource-02084,Storage,Disk Storage,europe-west1,Security,Threat Monitoring,test,382.53,GB,12.72,EUR
2026-04-18,GCP,gcp-3001,gcp-resource-02085,Compute,Instance Hours,europe-north1,Data Platform,Analytics Platform,Test,494.85,hours,93.5,EUR
2026-03-12,Azure,az-2002,azure-resource-02086,Compute,CPU Hours,westeurope,Data Platform,Analytics Platform,prod,375.69,hours,119.82,EUR
2026-05-05,Azure,az-2001,azure-resource-02087,Database,Read Operations,northeurope,Security,,test,383.24,hours,130.45,EUR
2026-02-04,GCP,gcp-3001,gcp-resource-02088,Networking,Public IP,europe-north1,Security,Threat Monitoring,Test,12.83,GB,0.99,EUR
2026-02-16,GCP,gcp-3001,gcp-resource-02089,Database,Read Operations,europe-north1,Data Platform,Analytics Platform,prod,347.37,hours,186.25,EUR
2026-02-09,Azure,az-2001,azure-resource-02090,Compute,CPU Hours,westeurope,Infrastructure,Shared Services,Test,269.84,hours,43.83,EUR
2026-03-04,Azure,az-2001,azure-resource-02091,Compute,Instance Hours,northeurope,Customer Product,Customer Portal,Development,244.85,hours,43.43,EUR
2026-03-09,Azure,az-2002,azure-resource-02092,Database,Database Hours,westeurope,Customer Product,Mobile Application,prod,6.32,hours,3.78,EUR
2026-06-29,GCP,gcp-3001,gcp-resource-02093,Storage,Disk Storage,europe-north1,Customer Product,Mobile Application,Production,270.95,GB,15.72,EUR
2026-01-03,Azure,az-2001,azure-resource-02094,Networking,Public IP,northeurope,Infrastructure,Cloud Migration,Development,42.8,GB,3.6,EUR
2026-05-18,AWS,aws-1002,aws-resource-02095,Database,Database Hours,eu-west-1,Security,,prod,475.68,hours,338.85,EUR
2026-01-20,Azure,az-2001,azure-resource-02096,Database,Read Operations,northeurope,Infrastructure,Cloud Migration,test,443.67,hours,168.96,EUR
2026-01-25,Azure,az-2001,azure-resource-02097,Compute,CPU Hours,westeurope,Security,Threat Monitoring,prod,271.33,hours,99.58,EUR
2026-02-02,GCP,gcp-3001,gcp-resource-02098,Compute,CPU Hours,europe-west1,Data Platform,,Development,433.74,hours,70.79,EUR
2026-01-17,AWS,aws-1002,aws-resource-02099,Database,Database Hours,eu-central-1,Security,Identity Platform,Test,369.08,hours,113.74,EUR
2026-06-14,AWS,aws-1002,aws-resource-02100,Database,Read Operations,eu-west-1,Data Platform,Analytics Platform,prod,128.48,hours,76.87,EUR
2026-05-17,AWS,aws-1001,aws-resource-02101,Compute,Instance Hours,eu-west-1,,,Development,151.93,hours,26.94,EUR
2026-04-21,GCP,gcp-3001,gcp-resource-02102,Networking,Public IP,europe-north1,Infrastructure,Shared Services,DEV,206.35,GB,18.19,EUR
2026-04-17,Azure,az-2002,azure-resource-02103,Compute,Instance Hours,westeurope,Customer Product,Customer Portal,Test,137.12,hours,22.11,EUR
2026-06-29,AWS,aws-1001,aws-resource-02104,Networking,Data Transfer,eu-central-1,Data Platform,Data Governance,Test,51.18,GB,3.55,EUR
2026-05-08,AWS,aws-1002,aws-resource-02105,Compute,CPU Hours,eu-west-1,Security,Identity Platform,prod,80.21,hours,22.74,EUR
2026-01-23,GCP,gcp-3001,gcp-resource-02106,Networking,Data Transfer,europe-north1,,Identity Platform,Development,250.8,GB,21.87,EUR
2026-02-21,GCP,gcp-3001,gcp-resource-02107,Storage,Object Storage,europe-west1,Customer Product,Mobile Application,Test,315.51,GB,8.19,EUR
2026-02-01,AWS,aws-1001,aws-resource-02108,Networking,Public IP,eu-west-1,Infrastructure,Shared Services,Development,403.51,GB,32.83,EUR
2026-06-11,Azure,az-2002,azure-resource-02109,Database,Database Hours,northeurope,Customer Product,Customer Portal,test,16.42,hours,6.49,EUR
2026-03-18,AWS,aws-1002,aws-resource-02110,Database,Read Operations,eu-central-1,Data Platform,Analytics Platform,Development,11.33,hours,4.3,EUR
2026-03-26,Azure,az-2002,azure-resource-02111,Database,Read Operations,northeurope,Data Platform,,Test,486.17,hours,174.47,EUR
2026-05-24,AWS,aws-1002,aws-resource-02112,Compute,CPU Hours,eu-central-1,Data Platform,Data Governance,DEV,403.6,hours,66.56,EUR
2026-02-05,Azure,az-2001,azure-resource-02113,Networking,Data Transfer,westeurope,Customer Product,Customer Portal,Production,211.26,GB,27.03,EUR
2026-01-21,GCP,gcp-3001,gcp-resource-02114,Storage,Object Storage,europe-west1,Security,Identity Platform,Test,142.16,GB,4.59,EUR
2026-05-26,AWS,aws-1002,aws-resource-02115,Database,Read Operations,eu-west-1,Data Platform,Data Governance,Development,366.28,hours,130.51,EUR
2026-05-24,GCP,gcp-3001,gcp-resource-02116,Compute,CPU Hours,europe-west1,Infrastructure,Shared Services,Development,120.51,hours,21.3,EUR
2026-04-11,GCP,gcp-3001,gcp-resource-02117,Networking,Data Transfer,europe-north1,Security,Identity Platform,Development,365.71,GB,25.98,EUR
2026-06-19,GCP,gcp-3001,gcp-resource-02118,Networking,Data Transfer,europe-west1,Security,Threat Monitoring,Test,446.0,GB,34.26,EUR
2026-03-29,GCP,gcp-3001,gcp-resource-02119,Compute,CPU Hours,europe-north1,Data Platform,Analytics Platform,Production,221.21,hours,71.89,EUR
2026-03-10,Azure,az-2002,azure-resource-02120,Networking,Public IP,northeurope,Security,Identity Platform,Development,401.85,GB,29.44,EUR
2026-03-26,Azure,az-2001,azure-resource-02121,Storage,Disk Storage,northeurope,Data Platform,Analytics Platform,DEV,164.58,GB,4.71,EUR
2026-06-25,GCP,gcp-3001,gcp-resource-02122,Networking,Public IP,europe-north1,Infrastructure,,test,149.11,GB,12.02,EUR
2026-03-23,Azure,az-2001,azure-resource-02123,Compute,CPU Hours,northeurope,Data Platform,Data Governance,Development,308.5,hours,53.12,EUR
2026-05-25,Azure,az-2001,azure-resource-02124,Compute,CPU Hours,westeurope,Security,Threat Monitoring,test,8.93,hours,1.76,EUR
2026-06-13,AWS,aws-1001,aws-resource-02125,Compute,Instance Hours,eu-central-1,Security,,test,167.0,hours,29.84,EUR
2026-01-13,AWS,aws-1002,aws-resource-02126,Storage,Disk Storage,eu-west-1,Infrastructure,Cloud Migration,prod,242.4,GB,12.74,EUR
2026-03-27,AWS,aws-1001,aws-resource-02127,Compute,CPU Hours,eu-west-1,Infrastructure,Cloud Migration,Development,279.01,hours,43.77,EUR
2026-03-30,Azure,az-2001,azure-resource-02128,Networking,Data Transfer,northeurope,Security,Threat Monitoring,Development,139.92,GB,12.47,EUR
2026-02-04,AWS,aws-1001,aws-resource-02129,Networking,Public IP,eu-west-1,Security,Threat Monitoring,DEV,318.33,GB,22.7,EUR
2026-04-24,Azure,az-2001,azure-resource-02130,Database,Read Operations,westeurope,Data Platform,Analytics Platform,Test,411.4,hours,137.47,EUR
2026-03-04,AWS,aws-1001,aws-resource-02131,Compute,CPU Hours,eu-central-1,Infrastructure,Shared Services,test,420.02,hours,69.2,EUR
2026-04-05,Azure,az-2002,azure-resource-02132,Database,Read Operations,northeurope,Customer Product,Customer Portal,DEV,133.61,hours,52.97,EUR
2026-01-22,Azure,az-2001,azure-resource-02133,Networking,Data Transfer,northeurope,Data Platform,Data Governance,Production,416.44,GB,65.91,EUR
2026-06-04,Azure,az-2001,azure-resource-02134,Database,Read Operations,westeurope,Infrastructure,Cloud Migration,Development,152.97,hours,58.25,EUR
2026-06-14,GCP,gcp-3001,gcp-resource-02135,Compute,CPU Hours,europe-north1,Security,Threat Monitoring,test,381.18,hours,68.97,EUR
2026-03-19,Azure,az-2002,azure-resource-02136,Networking,Data Transfer,northeurope,Security,Threat Monitoring,Production,243.3,GB,33.58,EUR
2026-01-01,AWS,aws-1002,aws-resource-02137,Networking,Data Transfer,eu-central-1,Security,Threat Monitoring,Test,91.49,GB,6.53,EUR
2026-06-19,Azure,az-2001,azure-resource-02138,Storage,Object Storage,westeurope,Infrastructure,Cloud Migration,DEV,235.98,GB,8.13,EUR
2026-01-19,Azure,az-2002,azure-resource-02139,Database,Read Operations,westeurope,Security,Threat Monitoring,Test,480.67,hours,155.13,EUR
2026-06-15,AWS,aws-1002,aws-resource-02140,Database,Read Operations,eu-west-1,Infrastructure,Shared Services,Development,56.41,hours,18.81,EUR
2026-04-04,Azure,az-2002,azure-resource-02141,Database,Read Operations,westeurope,Infrastructure,Shared Services,prod,122.7,hours,69.06,EUR
2026-01-12,GCP,gcp-3001,gcp-resource-02142,Database,Read Operations,europe-west1,Security,Threat Monitoring,Test,53.37,hours,18.17,EUR
2026-01-05,AWS,aws-1002,aws-resource-02143,Networking,Data Transfer,eu-central-1,Customer Product,Customer Portal,test,154.47,GB,10.51,EUR
2026-06-27,Azure,az-2001,azure-resource-02144,Networking,Public IP,westeurope,Data Platform,Data Governance,Test,247.12,GB,21.6,EUR
2026-04-14,GCP,gcp-3001,gcp-resource-02145,Database,Database Hours,europe-north1,Infrastructure,Shared Services,prod,252.16,hours,148.54,EUR
2026-01-11,AWS,aws-1001,aws-resource-02146,Storage,Disk Storage,eu-west-1,,Identity Platform,Test,340.51,GB,10.7,EUR
2026-03-22,Azure,az-2001,azure-resource-02147,Networking,Public IP,westeurope,Infrastructure,Cloud Migration,Test,93.16,GB,7.52,EUR
2026-05-05,AWS,aws-1001,aws-resource-02148,Database,Read Operations,eu-central-1,Customer Product,Mobile Application,Development,499.12,hours,189.92,EUR
2026-01-22,GCP,gcp-3001,gcp-resource-02149,Networking,Data Transfer,europe-north1,,Data Governance,Test,271.47,GB,20.22,EUR
2026-05-07,AWS,aws-1002,aws-resource-02150,Storage,Object Storage,eu-central-1,Data Platform,,DEV,455.83,GB,12.89,EUR
2026-01-17,Azure,az-2002,azure-resource-02151,Storage,Object Storage,westeurope,Infrastructure,Shared Services,DEV,223.61,GB,7.35,EUR
2026-04-04,GCP,gcp-3001,gcp-resource-02152,Compute,CPU Hours,europe-west1,Data Platform,Data Governance,Development,388.22,hours,68.56,EUR
2026-06-01,GCP,gcp-3001,gcp-resource-02153,Storage,Object Storage,europe-west1,Infrastructure,Cloud Migration,prod,448.98,GB,24.03,EUR
2026-02-12,GCP,gcp-3001,gcp-resource-02154,Networking,Public IP,europe-west1,Security,Identity Platform,prod,478.67,GB,75.07,EUR
2026-02-07,Azure,az-2002,azure-resource-02155,Storage,Disk Storage,northeurope,Security,Identity Platform,test,275.54,GB,9.03,EUR
2026-03-23,Azure,az-2002,azure-resource-02156,Networking,Public IP,westeurope,Infrastructure,Shared Services,prod,94.53,GB,14.37,EUR
2026-03-28,AWS,aws-1001,aws-resource-02157,Compute,Instance Hours,eu-west-1,Infrastructure,Cloud Migration,prod,258.05,hours,71.53,EUR
2026-03-13,GCP,gcp-3001,gcp-resource-02158,Compute,Instance Hours,europe-north1,Customer Product,Mobile Application,Test,153.95,hours,24.38,EUR
2026-03-10,Azure,az-2001,azure-resource-02159,Storage,Object Storage,westeurope,Customer Product,Customer Portal,Test,125.7,GB,3.48,EUR
2026-04-12,AWS,aws-1002,aws-resource-02160,Networking,Public IP,eu-central-1,Customer Product,,Production,256.54,GB,41.14,EUR
2026-06-04,AWS,aws-1002,aws-resource-02161,Compute,Instance Hours,eu-central-1,Security,Threat Monitoring,prod,388.86,hours,121.35,EUR
2026-05-13,Azure,az-2002,azure-resource-02162,Networking,Data Transfer,northeurope,Data Platform,,prod,25.69,GB,3.75,EUR
2026-03-26,AWS,aws-1002,aws-resource-02163,Networking,Public IP,eu-central-1,Customer Product,Customer Portal,prod,196.63,GB,26.59,EUR
2026-01-06,Azure,az-2002,azure-resource-02164,Database,Read Operations,westeurope,Data Platform,Analytics Platform,test,377.6,hours,136.49,EUR
2026-06-02,GCP,gcp-3001,gcp-resource-02165,Networking,Data Transfer,europe-west1,Data Platform,Analytics Platform,test,499.03,GB,42.38,EUR
2026-01-03,GCP,gcp-3001,gcp-resource-02166,Compute,CPU Hours,europe-west1,Infrastructure,Cloud Migration,prod,291.89,hours,93.57,EUR
2026-03-29,AWS,aws-1001,aws-resource-02167,Database,Read Operations,eu-west-1,Customer Product,Customer Portal,DEV,365.67,hours,138.77,EUR
2026-04-04,AWS,aws-1002,aws-resource-02168,Storage,Object Storage,eu-west-1,Data Platform,Data Governance,Production,277.45,GB,15.03,EUR
2026-06-13,GCP,gcp-3001,gcp-resource-02169,Storage,Object Storage,europe-north1,Customer Product,Mobile Application,Development,100.1,GB,3.31,EUR
2026-02-25,Azure,az-2002,azure-resource-02170,Networking,Data Transfer,westeurope,Customer Product,Mobile Application,Development,459.55,GB,35.41,EUR
2026-01-23,AWS,aws-1002,aws-resource-02171,Compute,CPU Hours,eu-central-1,Infrastructure,Cloud Migration,prod,455.89,hours,136.39,EUR
2026-01-21,GCP,gcp-3001,gcp-resource-02172,Compute,Instance Hours,europe-west1,Customer Product,Mobile Application,DEV,54.48,hours,11.07,EUR
2026-06-28,AWS,aws-1002,aws-resource-02173,Database,Database Hours,eu-central-1,Security,Threat Monitoring,Development,41.49,hours,13.45,EUR
2026-04-09,AWS,aws-1002,aws-resource-02174,Networking,Data Transfer,eu-central-1,Infrastructure,Cloud Migration,Test,163.78,GB,12.08,EUR
2026-06-17,Azure,az-2002,azure-resource-02175,Networking,Data Transfer,westeurope,Security,,Development,116.1,GB,8.8,EUR
2026-04-26,GCP,gcp-3001,gcp-resource-02176,Networking,Public IP,europe-north1,Customer Product,Customer Portal,Test,396.67,GB,34.1,EUR
2026-04-23,Azure,az-2001,azure-resource-02177,Compute,Instance Hours,westeurope,Data Platform,Data Governance,Production,295.39,hours,101.47,EUR
2026-05-30,Azure,az-2002,azure-resource-02178,Networking,Public IP,northeurope,Data Platform,Data Governance,Production,230.23,GB,35.93,EUR
2026-04-26,Azure,az-2002,azure-resource-02179,Compute,CPU Hours,northeurope,,Analytics Platform,Test,238.96,hours,40.52,EUR
2026-02-23,Azure,az-2002,azure-resource-02180,Database,Read Operations,northeurope,Security,Identity Platform,prod,87.38,hours,58.07,EUR
2026-04-17,GCP,gcp-3001,gcp-resource-02181,Compute,CPU Hours,europe-north1,Customer Product,Customer Portal,test,193.21,hours,38.52,EUR
2026-06-09,GCP,gcp-3001,gcp-resource-02182,Storage,Disk Storage,europe-north1,Security,Identity Platform,DEV,391.98,GB,11.68,EUR
2026-04-07,Azure,az-2001,azure-resource-02183,Database,Read Operations,northeurope,Security,Identity Platform,Test,447.07,hours,152.07,EUR
2026-02-01,GCP,gcp-3001,gcp-resource-02184,Storage,Disk Storage,europe-west1,Security,,DEV,380.85,GB,13.1,EUR
2026-01-14,AWS,aws-1001,aws-resource-02185,Compute,Instance Hours,eu-west-1,Security,Identity Platform,prod,343.78,hours,120.62,EUR
2026-04-07,Azure,az-2002,azure-resource-02186,Database,Database Hours,westeurope,Security,Identity Platform,Production,418.09,hours,299.11,EUR
2026-03-20,Azure,az-2001,azure-resource-02187,Database,Database Hours,northeurope,Customer Product,Customer Portal,DEV,164.94,hours,51.5,EUR
2026-05-23,AWS,aws-1002,aws-resource-02188,Networking,Public IP,eu-central-1,Data Platform,Analytics Platform,Development,130.64,GB,11.66,EUR
2026-04-03,Azure,az-2002,azure-resource-02189,Storage,Disk Storage,westeurope,Data Platform,Analytics Platform,Test,392.73,GB,10.92,EUR
2026-01-08,GCP,gcp-3001,gcp-resource-02190,Compute,CPU Hours,europe-north1,Infrastructure,Cloud Migration,Development,485.46,hours,83.85,EUR
2026-01-20,GCP,gcp-3001,gcp-resource-02191,Networking,Data Transfer,europe-west1,,Analytics Platform,prod,88.55,GB,11.79,EUR
2026-05-01,GCP,gcp-3001,gcp-resource-02192,Database,Database Hours,europe-north1,Security,Threat Monitoring,Test,332.61,hours,117.81,EUR
2026-05-02,AWS,aws-1002,aws-resource-02193,Compute,CPU Hours,eu-central-1,Infrastructure,Cloud Migration,DEV,90.97,hours,17.93,EUR
2026-01-05,AWS,aws-1002,aws-resource-02194,Networking,Data Transfer,eu-west-1,Data Platform,Analytics Platform,Test,255.75,GB,20.28,EUR
2026-06-30,AWS,aws-1001,aws-resource-02195,Networking,Data Transfer,eu-central-1,Infrastructure,Shared Services,Production,77.83,GB,10.06,EUR
2026-06-28,Azure,az-2001,azure-resource-02196,Database,Database Hours,northeurope,,Shared Services,DEV,311.66,hours,114.27,EUR
2026-06-24,Azure,az-2002,azure-resource-02197,Networking,Public IP,northeurope,Customer Product,Mobile Application,Production,180.98,GB,25.32,EUR
2026-02-18,AWS,aws-1001,aws-resource-02198,Compute,Instance Hours,eu-central-1,,Mobile Application,Development,149.72,hours,27.3,EUR
2026-01-13,GCP,gcp-3001,gcp-resource-02199,Networking,Public IP,europe-north1,Customer Product,Customer Portal,Test,355.07,GB,24.23,EUR
2026-06-30,Azure,az-2001,azure-resource-02200,Storage,Disk Storage,westeurope,Customer Product,,test,333.51,GB,9.53,EUR
2026-02-03,AWS,aws-1002,aws-resource-02201,Database,Database Hours,eu-west-1,Data Platform,Analytics Platform,DEV,336.31,hours,101.03,EUR
2026-01-01,AWS,aws-1002,aws-resource-02202,Compute,Instance Hours,eu-central-1,Customer Product,Mobile Application,prod,484.92,hours,154.76,EUR
2026-02-01,GCP,gcp-3001,gcp-resource-02203,Database,Read Operations,europe-west1,Customer Product,Customer Portal,test,454.73,hours,178.95,EUR
2026-03-19,GCP,gcp-3001,gcp-resource-02204,Networking,Public IP,europe-west1,Data Platform,Data Governance,DEV,170.45,GB,15.42,EUR
2026-03-02,Azure,az-2001,azure-resource-02205,Networking,Data Transfer,northeurope,Customer Product,Mobile Application,Test,44.47,GB,4.01,EUR
2026-03-08,GCP,gcp-3001,gcp-resource-02206,Networking,Data Transfer,europe-north1,Security,Identity Platform,test,395.75,GB,31.47,EUR
2026-04-14,AWS,aws-1002,aws-resource-02207,Database,Database Hours,eu-west-1,Infrastructure,Shared Services,DEV,184.14,hours,56.91,EUR
2026-05-29,AWS,aws-1002,aws-resource-02208,Compute,Instance Hours,eu-west-1,Customer Product,Mobile Application,test,151.93,hours,25.65,EUR
2026-02-02,GCP,gcp-3001,gcp-resource-02209,Compute,Instance Hours,europe-north1,Infrastructure,Cloud Migration,Development,244.05,hours,43.64,EUR
2026-03-01,Azure,az-2001,azure-resource-02210,Storage,Object Storage,northeurope,Customer Product,Mobile Application,Production,114.31,GB,6.69,EUR
2026-02-16,GCP,gcp-3001,gcp-resource-02211,Compute,CPU Hours,europe-west1,Data Platform,Data Governance,test,61.26,hours,10.89,EUR
2026-02-02,Azure,az-2001,azure-resource-02212,Networking,Data Transfer,northeurope,Infrastructure,Shared Services,Production,318.9,GB,46.22,EUR
2026-06-15,GCP,gcp-3001,gcp-resource-02213,Database,Read Operations,europe-north1,Security,Threat Monitoring,test,124.97,hours,47.6,EUR
2026-04-21,GCP,gcp-3001,gcp-resource-02214,Networking,Public IP,europe-north1,Security,Identity Platform,Test,14.84,GB,1.07,EUR
2026-01-10,GCP,gcp-3001,gcp-resource-02215,Storage,Disk Storage,europe-north1,,Threat Monitoring,prod,304.53,GB,14.06,EUR
2026-03-25,Azure,az-2002,azure-resource-02216,Networking,Public IP,westeurope,Data Platform,Data Governance,DEV,128.46,GB,11.01,EUR
2026-01-16,GCP,gcp-3001,gcp-resource-02217,Database,Read Operations,europe-north1,Customer Product,Customer Portal,Test,76.09,hours,28.27,EUR
2026-02-24,Azure,az-2001,azure-resource-02218,Storage,Disk Storage,westeurope,Customer Product,Mobile Application,DEV,295.8,GB,8.28,EUR
2026-01-06,GCP,gcp-3001,gcp-resource-02219,Networking,Data Transfer,europe-north1,Customer Product,Mobile Application,Test,53.81,GB,3.94,EUR
2026-03-17,Azure,az-2002,azure-resource-02220,Storage,Disk Storage,westeurope,Customer Product,Customer Portal,Development,55.23,GB,1.5,EUR
2026-04-13,GCP,gcp-3001,gcp-resource-02221,Database,Database Hours,europe-west1,Customer Product,Mobile Application,Development,27.19,hours,10.7,EUR
2026-01-14,AWS,aws-1002,aws-resource-02222,Database,Database Hours,eu-central-1,Data Platform,,Development,165.51,hours,64.17,EUR
2026-04-06,AWS,aws-1001,aws-resource-02223,Storage,Object Storage,eu-central-1,Infrastructure,,Test,312.22,GB,9.01,EUR
2026-01-06,AWS,aws-1002,aws-resource-02224,Compute,Instance Hours,eu-central-1,Security,Identity Platform,test,486.99,hours,83.59,EUR
2026-04-11,GCP,gcp-3001,gcp-resource-02225,Database,Database Hours,europe-west1,Data Platform,Data Governance,Development,182.18,hours,72.36,EUR
2026-01-20,GCP,gcp-3001,gcp-resource-02226,Storage,Disk Storage,europe-west1,Infrastructure,Shared Services,DEV,64.56,GB,1.88,EUR
2026-03-22,Azure,az-2002,azure-resource-02227,Storage,Disk Storage,northeurope,Data Platform,Analytics Platform,Development,25.56,GB,0.69,EUR
2026-05-10,GCP,gcp-3001,gcp-resource-02228,Networking,Data Transfer,europe-west1,Security,Identity Platform,test,482.35,GB,33.08,EUR
2026-05-12,AWS,aws-1001,aws-resource-02229,Compute,Instance Hours,eu-west-1,Infrastructure,Shared Services,test,112.19,hours,18.07,EUR
2026-05-18,Azure,az-2002,azure-resource-02230,Networking,Data Transfer,northeurope,Data Platform,Data Governance,Production,206.78,GB,29.85,EUR
2026-02-11,Azure,az-2002,azure-resource-02231,Compute,CPU Hours,westeurope,Infrastructure,Cloud Migration,DEV,380.58,hours,69.25,EUR
2026-05-22,GCP,gcp-3001,gcp-resource-02232,Compute,CPU Hours,europe-north1,Data Platform,Data Governance,prod,412.94,hours,142.78,EUR
2026-01-08,AWS,aws-1001,aws-resource-02233,Storage,Object Storage,eu-central-1,Security,Identity Platform,DEV,260.3,GB,8.34,EUR
2026-04-29,GCP,gcp-3001,gcp-resource-02234,Networking,Public IP,europe-north1,Infrastructure,Cloud Migration,Development,305.74,GB,22.29,EUR
2026-05-24,Azure,az-2002,azure-resource-02235,Database,Read Operations,westeurope,Data Platform,Data Governance,DEV,227.47,hours,69.31,EUR
2026-02-23,AWS,aws-1002,aws-resource-02236,Networking,Data Transfer,eu-west-1,Infrastructure,Shared Services,Test,398.82,GB,34.98,EUR
2026-03-30,GCP,gcp-3001,gcp-resource-02237,Compute,CPU Hours,europe-west1,Security,Identity Platform,test,21.02,hours,3.61,EUR
2026-05-23,AWS,aws-1002,aws-resource-02238,Networking,Data Transfer,eu-west-1,Security,,prod,54.21,GB,7.79,EUR
2026-06-20,Azure,az-2001,azure-resource-02239,Compute,Instance Hours,northeurope,Infrastructure,Shared Services,Production,426.8,hours,123.5,EUR
2026-01-10,Azure,az-2001,azure-resource-02240,Database,Read Operations,northeurope,Infrastructure,Cloud Migration,Development,296.98,hours,89.33,EUR
2026-03-14,GCP,gcp-3001,gcp-resource-02241,Networking,Data Transfer,europe-west1,Customer Product,Mobile Application,DEV,111.2,GB,8.1,EUR
2026-01-05,AWS,aws-1002,aws-resource-02242,Compute,CPU Hours,eu-west-1,Data Platform,Data Governance,Development,311.14,hours,51.4,EUR
2026-04-02,Azure,az-2001,azure-resource-02243,Networking,Public IP,westeurope,Infrastructure,Shared Services,Test,311.5,GB,26.36,EUR
2026-01-10,AWS,aws-1001,aws-resource-02244,Database,Database Hours,eu-central-1,Customer Product,Mobile Application,Production,7.07,hours,3.96,EUR
2026-04-05,AWS,aws-1001,aws-resource-02245,Database,Read Operations,eu-west-1,Security,Threat Monitoring,Production,96.3,hours,53.0,EUR
2026-02-16,GCP,gcp-3001,gcp-resource-02246,Storage,Object Storage,europe-north1,,Data Governance,Production,356.27,GB,20.98,EUR
2026-01-22,GCP,gcp-3001,gcp-resource-02247,Database,Database Hours,europe-north1,Infrastructure,,Test,193.9,hours,61.63,EUR
2026-05-23,Azure,az-2001,azure-resource-02248,Database,Read Operations,northeurope,Infrastructure,,prod,400.63,hours,234.19,EUR
2026-01-29,AWS,aws-1001,aws-resource-02249,Compute,Instance Hours,eu-central-1,Customer Product,,Development,25.57,hours,5.21,EUR
2026-04-09,GCP,gcp-3001,gcp-resource-02250,Networking,Data Transfer,europe-north1,Data Platform,Data Governance,prod,336.42,GB,47.12,EUR
2026-04-07,Azure,az-2001,azure-resource-02251,Compute,CPU Hours,northeurope,Data Platform,Analytics Platform,Test,66.97,hours,11.39,EUR
2026-01-18,Azure,az-2001,azure-resource-02252,Storage,Object Storage,westeurope,Infrastructure,Cloud Migration,Production,144.05,GB,7.07,EUR
2026-05-31,Azure,az-2001,azure-resource-02253,Compute,CPU Hours,northeurope,Infrastructure,Cloud Migration,Development,319.91,hours,56.63,EUR
2026-04-27,Azure,az-2001,azure-resource-02254,Compute,CPU Hours,northeurope,,Shared Services,Production,404.3,hours,146.82,EUR
2026-03-22,GCP,gcp-3001,gcp-resource-02255,Storage,Object Storage,europe-west1,Data Platform,Analytics Platform,Development,382.65,GB,11.1,EUR
2026-04-26,Azure,az-2002,azure-resource-02256,Database,Read Operations,northeurope,Security,Threat Monitoring,Development,18.52,hours,5.93,EUR
2026-06-11,AWS,aws-1002,aws-resource-02257,Storage,Disk Storage,eu-west-1,Customer Product,Customer Portal,Test,148.02,GB,4.02,EUR
2026-06-29,AWS,aws-1001,aws-resource-02258,Networking,Public IP,eu-central-1,Data Platform,Analytics Platform,DEV,178.54,GB,16.17,EUR
2026-04-15,Azure,az-2001,azure-resource-02259,Storage,Object Storage,northeurope,Data Platform,Analytics Platform,Test,205.99,GB,5.87,EUR
2026-04-13,AWS,aws-1002,aws-resource-02260,Networking,Public IP,eu-central-1,Data Platform,,Development,223.2,GB,20.27,EUR
2026-01-14,GCP,gcp-3001,gcp-resource-02261,Database,Read Operations,europe-west1,Infrastructure,Cloud Migration,prod,205.62,hours,114.25,EUR
2026-01-10,AWS,aws-1002,aws-resource-02262,Networking,Data Transfer,eu-west-1,Security,Identity Platform,Development,299.78,GB,26.21,EUR
2026-01-24,AWS,aws-1002,aws-resource-02263,Networking,Public IP,eu-central-1,Data Platform,Data Governance,Development,309.96,GB,22.34,EUR
2026-06-19,AWS,aws-1002,aws-resource-02264,Database,Read Operations,eu-central-1,Infrastructure,Shared Services,prod,334.46,hours,211.91,EUR
2026-01-01,AWS,aws-1001,aws-resource-02265,Storage,Disk Storage,eu-west-1,Data Platform,,prod,364.81,GB,18.87,EUR
2026-04-27,Azure,az-2001,azure-resource-02266,Networking,Data Transfer,northeurope,Infrastructure,Cloud Migration,test,308.64,GB,25.78,EUR
2026-05-24,AWS,aws-1002,aws-resource-02267,Database,Read Operations,eu-central-1,Security,Identity Platform,test,80.36,hours,31.66,EUR
2026-01-21,GCP,gcp-3001,gcp-resource-02268,Storage,Disk Storage,europe-west1,Customer Product,Mobile Application,DEV,333.57,GB,9.29,EUR
2026-05-03,AWS,aws-1001,aws-resource-02269,Networking,Public IP,eu-central-1,Security,Threat Monitoring,Development,185.1,GB,15.43,EUR
2026-06-06,GCP,gcp-3001,gcp-resource-02270,Storage,Disk Storage,europe-north1,Data Platform,Analytics Platform,DEV,350.26,GB,10.78,EUR
2026-03-17,Azure,az-2002,azure-resource-02271,Database,Read Operations,northeurope,Security,Identity Platform,Test,226.69,hours,69.86,EUR
2026-04-12,AWS,aws-1001,aws-resource-02272,Storage,Disk Storage,eu-central-1,Customer Product,Mobile Application,Production,363.53,GB,22.49,EUR
2026-01-29,AWS,aws-1001,aws-resource-02273,Compute,Instance Hours,eu-central-1,Infrastructure,Cloud Migration,Production,8.51,hours,2.9,EUR
2026-06-09,Azure,az-2001,azure-resource-02274,Compute,Instance Hours,westeurope,Security,Identity Platform,Test,132.67,hours,22.11,EUR
2026-05-27,AWS,aws-1001,aws-resource-02275,Compute,CPU Hours,eu-central-1,Data Platform,Analytics Platform,Development,334.67,hours,57.99,EUR
2026-04-30,AWS,aws-1001,aws-resource-02276,Storage,Disk Storage,eu-central-1,,Customer Portal,Test,66.81,GB,2.11,EUR
2026-01-06,Azure,az-2002,azure-resource-02277,Networking,Data Transfer,westeurope,Data Platform,,Test,275.74,GB,24.57,EUR
2026-01-08,GCP,gcp-3001,gcp-resource-02278,Networking,Data Transfer,europe-north1,Infrastructure,,test,315.55,GB,26.89,EUR
2026-04-29,Azure,az-2002,azure-resource-02279,Compute,CPU Hours,westeurope,Security,Identity Platform,test,306.7,hours,48.02,EUR
2026-05-17,AWS,aws-1001,aws-resource-02280,Storage,Disk Storage,eu-central-1,Customer Product,Customer Portal,test,93.94,GB,2.69,EUR
2026-02-12,AWS,aws-1001,aws-resource-02281,Storage,Disk Storage,eu-west-1,Security,Identity Platform,Test,286.0,GB,9.47,EUR
2026-04-20,GCP,gcp-3001,gcp-resource-02282,Networking,Data Transfer,europe-west1,Infrastructure,Shared Services,prod,401.71,GB,62.13,EUR
2026-05-24,AWS,aws-1002,aws-resource-02283,Database,Read Operations,eu-west-1,,Customer Portal,Test,355.23,hours,106.6,EUR
2026-05-16,Azure,az-2002,azure-resource-02284,Database,Database Hours,westeurope,Infrastructure,Cloud Migration,test,444.95,hours,168.81,EUR
2026-01-30,Azure,az-2002,azure-resource-02285,Compute,Instance Hours,northeurope,Customer Product,Customer Portal,DEV,477.09,hours,85.05,EUR
2026-06-09,Azure,az-2002,azure-resource-02286,Compute,CPU Hours,northeurope,Customer Product,Customer Portal,Production,269.92,hours,74.51,EUR
2026-03-30,Azure,az-2001,azure-resource-02287,Storage,Object Storage,northeurope,Security,Identity Platform,DEV,427.09,GB,12.1,EUR
2026-04-27,GCP,gcp-3001,gcp-resource-02288,Networking,Data Transfer,europe-north1,,Cloud Migration,prod,493.88,GB,81.0,EUR
2026-02-11,AWS,aws-1001,aws-resource-02289,Database,Database Hours,eu-west-1,Security,Threat Monitoring,prod,185.56,hours,118.85,EUR
2026-02-12,AWS,aws-1002,aws-resource-02290,Compute,Instance Hours,eu-central-1,Infrastructure,,Test,351.22,hours,64.7,EUR
2026-06-12,AWS,aws-1002,aws-resource-02291,Storage,Object Storage,eu-central-1,Data Platform,Analytics Platform,Test,264.76,GB,6.95,EUR
2026-01-06,Azure,az-2002,azure-resource-02292,Database,Database Hours,northeurope,Infrastructure,Cloud Migration,Production,36.71,hours,22.77,EUR
2026-02-10,Azure,az-2002,azure-resource-02293,Compute,CPU Hours,northeurope,Security,Identity Platform,prod,316.47,hours,97.19,EUR
2026-03-07,AWS,aws-1001,aws-resource-02294,Compute,Instance Hours,eu-central-1,Data Platform,,Production,311.13,hours,106.51,EUR
2026-01-10,AWS,aws-1001,aws-resource-02295,Storage,Object Storage,eu-west-1,Data Platform,,DEV,71.65,GB,1.98,EUR
2026-02-22,GCP,gcp-3001,gcp-resource-02296,Storage,Disk Storage,europe-west1,Infrastructure,Cloud Migration,prod,497.9,GB,25.52,EUR
2026-06-06,GCP,gcp-3001,gcp-resource-02297,Compute,CPU Hours,europe-north1,Data Platform,Data Governance,DEV,420.92,hours,82.23,EUR
2026-01-26,AWS,aws-1002,aws-resource-02298,Storage,Disk Storage,eu-central-1,Customer Product,Customer Portal,Development,36.82,GB,0.95,EUR
2026-03-26,GCP,gcp-3001,gcp-resource-02299,Networking,Public IP,europe-north1,Data Platform,Analytics Platform,test,168.99,GB,11.6,EUR
2026-03-23,Azure,az-2001,azure-resource-02300,Storage,Disk Storage,northeurope,Security,Identity Platform,Development,52.47,GB,1.51,EUR
2026-02-11,AWS,aws-1001,aws-resource-02301,Storage,Object Storage,eu-central-1,Data Platform,Data Governance,Development,84.1,GB,2.33,EUR
2026-03-20,GCP,gcp-3001,gcp-resource-02302,Storage,Disk Storage,europe-west1,Security,Threat Monitoring,Development,371.38,GB,12.66,EUR
2026-03-23,Azure,az-2002,azure-resource-02303,Storage,Object Storage,northeurope,Infrastructure,,Development,389.27,GB,12.79,EUR
2026-03-02,Azure,az-2001,azure-resource-02304,Storage,Disk Storage,northeurope,Security,Identity Platform,Development,268.1,GB,6.88,EUR
2026-06-05,GCP,gcp-3001,gcp-resource-02305,Compute,CPU Hours,europe-north1,Security,Identity Platform,Development,414.27,hours,66.32,EUR
2026-04-24,GCP,gcp-3001,gcp-resource-02306,Database,Database Hours,europe-west1,,Cloud Migration,Development,283.95,hours,97.68,EUR
2026-04-24,GCP,gcp-3001,gcp-resource-02307,Storage,Disk Storage,europe-west1,,Identity Platform,Development,236.53,GB,8.1,EUR
2026-03-31,AWS,aws-1001,aws-resource-02308,Networking,Data Transfer,eu-west-1,Data Platform,Data Governance,Production,400.01,GB,50.85,EUR
2026-01-19,AWS,aws-1001,aws-resource-02309,Storage,Object Storage,eu-west-1,,Threat Monitoring,prod,139.79,GB,7.4,EUR
2026-06-04,GCP,gcp-3001,gcp-resource-02310,Networking,Data Transfer,europe-north1,Infrastructure,Shared Services,test,126.98,GB,11.19,EUR
2026-05-19,AWS,aws-1002,aws-resource-02311,Database,Database Hours,eu-central-1,Security,Identity Platform,prod,109.57,hours,72.69,EUR
2026-05-26,GCP,gcp-3001,gcp-resource-02312,Networking,Data Transfer,europe-north1,Data Platform,Data Governance,DEV,200.98,GB,14.84,EUR
2026-03-21,AWS,aws-1002,aws-resource-02313,Networking,Data Transfer,eu-west-1,Infrastructure,Shared Services,test,450.82,GB,37.79,EUR
2026-04-26,Azure,az-2002,azure-resource-02314,Networking,Data Transfer,northeurope,Customer Product,Mobile Application,Development,145.98,GB,10.74,EUR
2026-06-10,AWS,aws-1001,aws-resource-02315,Database,Read Operations,eu-central-1,Customer Product,Mobile Application,prod,460.85,hours,291.71,EUR
2026-01-19,Azure,az-2002,azure-resource-02316,Database,Read Operations,northeurope,Security,Identity Platform,DEV,334.67,hours,127.58,EUR
2026-01-26,AWS,aws-1002,aws-resource-02317,Database,Read Operations,eu-central-1,Data Platform,Data Governance,Production,498.06,hours,328.1,EUR
2026-02-10,AWS,aws-1001,aws-resource-02318,Storage,Object Storage,eu-west-1,Infrastructure,,Test,269.63,GB,7.82,EUR
2026-05-22,GCP,gcp-3001,gcp-resource-02319,Database,Database Hours,europe-west1,Infrastructure,Cloud Migration,Test,295.99,hours,98.63,EUR
2026-03-26,AWS,aws-1001,aws-resource-02320,Compute,CPU Hours,eu-central-1,Customer Product,Mobile Application,prod,160.21,hours,54.57,EUR
2026-04-19,AWS,aws-1002,aws-resource-02321,Database,Database Hours,eu-west-1,Data Platform,Analytics Platform,Development,243.63,hours,74.39,EUR
2026-01-11,GCP,gcp-3001,gcp-resource-02322,Database,Database Hours,europe-north1,Infrastructure,Shared Services,Production,457.06,hours,257.61,EUR
2026-04-11,Azure,az-2001,azure-resource-02323,Compute,Instance Hours,westeurope,Customer Product,Mobile Application,Development,283.98,hours,55.71,EUR
2026-04-23,GCP,gcp-3001,gcp-resource-02324,Storage,Object Storage,europe-west1,Data Platform,Analytics Platform,Production,422.16,GB,21.6,EUR
2026-06-21,AWS,aws-1001,aws-resource-02325,Storage,Disk Storage,eu-central-1,Customer Product,Customer Portal,DEV,280.94,GB,8.06,EUR
2026-05-08,Azure,az-2002,azure-resource-02326,Database,Read Operations,northeurope,,Shared Services,prod,354.32,hours,218.45,EUR
2026-06-23,AWS,aws-1002,aws-resource-02327,Storage,Object Storage,eu-west-1,Customer Product,Mobile Application,Test,362.97,GB,9.46,EUR
2026-05-25,GCP,gcp-3001,gcp-resource-02328,Storage,Object Storage,europe-west1,Customer Product,Mobile Application,prod,474.28,GB,25.03,EUR
2026-01-10,AWS,aws-1002,aws-resource-02329,Compute,CPU Hours,eu-west-1,Security,Threat Monitoring,DEV,56.57,hours,11.02,EUR
2026-06-06,GCP,gcp-3001,gcp-resource-02330,Compute,CPU Hours,europe-north1,Infrastructure,,Test,424.93,hours,70.82,EUR
2026-06-25,GCP,gcp-3001,gcp-resource-02331,Networking,Data Transfer,europe-west1,Customer Product,Customer Portal,Test,326.28,GB,27.56,EUR
2026-04-17,GCP,gcp-3001,gcp-resource-02332,Networking,Data Transfer,europe-west1,,Customer Portal,Production,242.79,GB,31.39,EUR
2026-03-24,AWS,aws-1002,aws-resource-02333,Storage,Disk Storage,eu-west-1,Security,Threat Monitoring,Production,161.2,GB,9.02,EUR
2026-01-07,GCP,gcp-3001,gcp-resource-02334,Storage,Object Storage,europe-north1,Data Platform,Data Governance,test,261.68,GB,8.31,EUR
2026-03-11,GCP,gcp-3001,gcp-resource-02335,Compute,CPU Hours,europe-west1,Infrastructure,Shared Services,Test,291.9,hours,46.83,EUR
2026-03-29,GCP,gcp-3001,gcp-resource-02336,Networking,Public IP,europe-north1,Data Platform,Data Governance,DEV,82.04,GB,6.81,EUR
2026-06-28,AWS,aws-1002,aws-resource-02337,Networking,Public IP,eu-central-1,Security,Threat Monitoring,Test,134.13,GB,10.54,EUR
2026-02-09,Azure,az-2002,azure-resource-02338,Networking,Data Transfer,northeurope,Security,,Test,259.4,GB,21.42,EUR
2026-03-07,GCP,gcp-3001,gcp-resource-02339,Compute,CPU Hours,europe-west1,Customer Product,Customer Portal,Production,355.18,hours,123.91,EUR
2026-04-12,AWS,aws-1001,aws-resource-02340,Database,Database Hours,eu-west-1,,Mobile Application,DEV,21.47,hours,7.26,EUR
2026-02-06,GCP,gcp-3001,gcp-resource-02341,Networking,Data Transfer,europe-west1,Security,Threat Monitoring,Test,419.87,GB,34.96,EUR
2026-01-05,AWS,aws-1001,aws-resource-02342,Database,Database Hours,eu-central-1,Customer Product,Mobile Application,test,138.68,hours,53.47,EUR
2026-06-25,GCP,gcp-3001,gcp-resource-02343,Compute,CPU Hours,europe-west1,Security,Identity Platform,Production,347.61,hours,122.07,EUR
2026-03-14,Azure,az-2001,azure-resource-02344,Storage,Object Storage,northeurope,Data Platform,Data Governance,Production,238.29,GB,12.04,EUR
2026-03-25,GCP,gcp-3001,gcp-resource-02345,Database,Database Hours,europe-west1,Security,Threat Monitoring,Development,209.08,hours,76.9,EUR
2026-02-15,GCP,gcp-3001,gcp-resource-02346,Compute,CPU Hours,europe-west1,,Data Governance,Test,369.77,hours,57.14,EUR
2026-02-14,AWS,aws-1001,aws-resource-02347,Database,Database Hours,eu-west-1,Infrastructure,Shared Services,test,118.67,hours,43.81,EUR
2026-06-27,GCP,gcp-3001,gcp-resource-02348,Storage,Object Storage,europe-north1,Security,Threat Monitoring,DEV,138.17,GB,4.1,EUR
2026-06-07,Azure,az-2002,azure-resource-02349,Networking,Data Transfer,westeurope,Infrastructure,Shared Services,prod,194.87,GB,29.56,EUR
2026-06-24,Azure,az-2002,azure-resource-02350,Compute,Instance Hours,westeurope,Security,Threat Monitoring,prod,223.2,hours,62.32,EUR
2026-06-25,AWS,aws-1002,aws-resource-02351,Networking,Public IP,eu-west-1,Customer Product,Mobile Application,DEV,372.07,GB,32.19,EUR
2026-04-03,GCP,gcp-3001,gcp-resource-02352,Networking,Public IP,europe-west1,Data Platform,Data Governance,DEV,154.08,GB,12.91,EUR
2026-01-12,Azure,az-2002,azure-resource-02353,Database,Read Operations,northeurope,Data Platform,Analytics Platform,Development,254.14,hours,80.17,EUR
2026-06-01,Azure,az-2001,azure-resource-02354,Database,Database Hours,westeurope,Data Platform,Data Governance,prod,162.08,hours,116.63,EUR
2026-05-22,AWS,aws-1002,aws-resource-02355,Compute,Instance Hours,eu-west-1,Infrastructure,Cloud Migration,test,215.02,hours,38.84,EUR
2026-06-27,AWS,aws-1001,aws-resource-02356,Storage,Disk Storage,eu-west-1,Infrastructure,Shared Services,Production,410.27,GB,21.85,EUR
2026-03-27,AWS,aws-1002,aws-resource-02357,Storage,Disk Storage,eu-west-1,Customer Product,Mobile Application,DEV,333.04,GB,8.89,EUR
2026-06-05,GCP,gcp-3001,gcp-resource-02358,Networking,Public IP,europe-north1,Data Platform,Analytics Platform,Development,237.89,GB,20.08,EUR
2026-03-06,Azure,az-2002,azure-resource-02359,Compute,Instance Hours,westeurope,Infrastructure,Cloud Migration,Production,243.48,hours,80.02,EUR
2026-02-06,Azure,az-2001,azure-resource-02360,Networking,Public IP,northeurope,Data Platform,Data Governance,Production,405.29,GB,55.63,EUR
2026-03-17,Azure,az-2001,azure-resource-02361,Networking,Data Transfer,northeurope,Security,Threat Monitoring,Test,132.7,GB,10.46,EUR
2026-04-22,AWS,aws-1001,aws-resource-02362,Compute,CPU Hours,eu-central-1,Customer Product,Customer Portal,Production,347.17,hours,128.09,EUR
2026-03-13,GCP,gcp-3001,gcp-resource-02363,Compute,CPU Hours,europe-north1,Customer Product,Mobile Application,Test,18.47,hours,2.98,EUR
2026-04-13,GCP,gcp-3001,gcp-resource-02364,Storage,Object Storage,europe-west1,Security,Threat Monitoring,Production,490.69,GB,25.78,EUR
2026-01-27,AWS,aws-1002,aws-resource-02365,Networking,Data Transfer,eu-west-1,Data Platform,Data Governance,Production,433.86,GB,71.24,EUR
2026-06-16,GCP,gcp-3001,gcp-resource-02366,Storage,Object Storage,europe-north1,Security,,DEV,480.31,GB,13.01,EUR
2026-01-27,GCP,gcp-3001,gcp-resource-02367,Storage,Object Storage,europe-west1,Infrastructure,Shared Services,DEV,98.09,GB,2.56,EUR
2026-03-23,GCP,gcp-3001,gcp-resource-02368,Compute,CPU Hours,europe-north1,Security,Identity Platform,Production,453.55,hours,143.26,EUR
2026-02-12,GCP,gcp-3001,gcp-resource-02369,Networking,Public IP,europe-west1,Security,Identity Platform,Development,44.55,GB,4.02,EUR
2026-04-10,AWS,aws-1002,aws-resource-02370,Storage,Object Storage,eu-west-1,Security,Threat Monitoring,Development,417.92,GB,12.96,EUR
2026-02-12,GCP,gcp-3001,gcp-resource-02371,Database,Database Hours,europe-west1,Security,,Production,336.58,hours,233.66,EUR
2026-04-24,AWS,aws-1002,aws-resource-02372,Storage,Disk Storage,eu-west-1,Data Platform,Analytics Platform,Test,221.06,GB,6.22,EUR
2026-02-08,Azure,az-2001,azure-resource-02373,Database,Read Operations,northeurope,Customer Product,Mobile Application,DEV,490.87,hours,183.27,EUR
2026-02-28,GCP,gcp-3001,gcp-resource-02374,Storage,Disk Storage,europe-north1,Infrastructure,Shared Services,Production,206.32,GB,11.7,EUR
2026-04-26,GCP,gcp-3001,gcp-resource-02375,Database,Database Hours,europe-west1,Security,Identity Platform,prod,477.25,hours,267.21,EUR
2026-04-29,Azure,az-2001,azure-resource-02376,Database,Database Hours,westeurope,Customer Product,Mobile Application,DEV,113.07,hours,44.82,EUR
2026-02-09,GCP,gcp-3001,gcp-resource-02377,Database,Read Operations,europe-north1,Security,Identity Platform,Development,25.67,hours,9.6,EUR
2026-04-17,Azure,az-2002,azure-resource-02378,Networking,Data Transfer,northeurope,Customer Product,Mobile Application,test,24.15,GB,1.7,EUR
2026-03-29,GCP,gcp-3001,gcp-resource-02379,Networking,Data Transfer,europe-north1,Infrastructure,Shared Services,Test,198.53,GB,17.25,EUR
2026-06-26,Azure,az-2001,azure-resource-02380,Database,Read Operations,northeurope,Security,Threat Monitoring,test,93.27,hours,36.05,EUR
2026-03-22,Azure,az-2002,azure-resource-02381,Networking,Data Transfer,northeurope,,Identity Platform,prod,123.38,GB,18.38,EUR
2026-01-13,Azure,az-2001,azure-resource-02382,Compute,Instance Hours,westeurope,,Threat Monitoring,Development,107.13,hours,16.88,EUR
2026-04-19,GCP,gcp-3001,gcp-resource-02383,Compute,CPU Hours,europe-west1,Customer Product,Mobile Application,prod,274.43,hours,82.19,EUR
2026-04-14,AWS,aws-1002,aws-resource-02384,Compute,Instance Hours,eu-west-1,Data Platform,Data Governance,Development,419.66,hours,68.69,EUR
2026-04-21,GCP,gcp-3001,gcp-resource-02385,Networking,Public IP,europe-north1,Security,Identity Platform,Development,463.37,GB,35.58,EUR
2026-06-16,Azure,az-2001,azure-resource-02386,Networking,Public IP,westeurope,Infrastructure,Shared Services,Development,17.58,GB,1.34,EUR
2026-06-09,GCP,gcp-3001,gcp-resource-02387,Compute,Instance Hours,europe-north1,Security,Identity Platform,Development,449.3,hours,82.31,EUR
2026-01-20,AWS,aws-1002,aws-resource-02388,Database,Read Operations,eu-west-1,Customer Product,Customer Portal,Test,324.39,hours,113.56,EUR
2026-01-16,AWS,aws-1001,aws-resource-02389,Storage,Object Storage,eu-west-1,Data Platform,Data Governance,Development,356.71,GB,10.12,EUR
2026-02-18,Azure,az-2002,azure-resource-02390,Networking,Data Transfer,westeurope,Infrastructure,Shared Services,Test,75.04,GB,6.82,EUR
2026-04-22,GCP,gcp-3001,gcp-resource-02391,Compute,CPU Hours,europe-west1,Customer Product,Mobile Application,test,352.6,hours,65.04,EUR
2026-06-18,GCP,gcp-3001,gcp-resource-02392,Database,Read Operations,europe-north1,Data Platform,,Test,451.08,hours,151.33,EUR
2026-06-17,GCP,gcp-3001,gcp-resource-02393,Database,Database Hours,europe-north1,Data Platform,Analytics Platform,Test,456.98,hours,140.2,EUR
2026-03-01,Azure,az-2002,azure-resource-02394,Networking,Public IP,northeurope,Data Platform,Analytics Platform,Production,105.95,GB,14.35,EUR
2026-05-07,AWS,aws-1001,aws-resource-02395,Storage,Disk Storage,eu-west-1,Customer Product,Mobile Application,DEV,275.7,GB,7.25,EUR
2026-02-27,AWS,aws-1001,aws-resource-02396,Compute,Instance Hours,eu-central-1,Customer Product,Customer Portal,test,355.34,hours,64.01,EUR
2026-01-18,GCP,gcp-3001,gcp-resource-02397,Database,Read Operations,europe-north1,Data Platform,Analytics Platform,Production,280.25,hours,184.22,EUR
2026-02-09,Azure,az-2001,azure-resource-02398,Storage,Object Storage,westeurope,Customer Product,Customer Portal,Test,435.09,GB,11.24,EUR
2026-05-06,Azure,az-2001,azure-resource-02399,Networking,Public IP,westeurope,Customer Product,Customer Portal,DEV,441.1,GB,36.62,EUR
2026-05-03,Azure,az-2002,azure-resource-02400,Compute,Instance Hours,northeurope,Data Platform,Analytics Platform,Production,311.1,hours,112.52,EUR
2026-06-01,AWS,aws-1002,aws-resource-02401,Compute,CPU Hours,eu-west-1,Customer Product,,prod,139.85,hours,49.38,EUR
2026-06-30,Azure,az-2001,azure-resource-02402,Compute,CPU Hours,northeurope,Infrastructure,Shared Services,test,250.49,hours,43.02,EUR
2026-05-08,AWS,aws-1001,aws-resource-02403,Storage,Object Storage,eu-west-1,Data Platform,Data Governance,DEV,17.92,GB,0.49,EUR
2026-04-19,Azure,az-2002,azure-resource-02404,Networking,Public IP,westeurope,Data Platform,Analytics Platform,DEV,430.56,GB,31.4,EUR
2026-02-05,AWS,aws-1001,aws-resource-02405,Database,Database Hours,eu-central-1,Infrastructure,Shared Services,DEV,201.62,hours,72.78,EUR
2026-01-17,AWS,aws-1002,aws-resource-02406,Compute,Instance Hours,eu-central-1,Security,Identity Platform,Production,391.77,hours,129.98,EUR
2026-05-06,AWS,aws-1002,aws-resource-02407,Storage,Disk Storage,eu-west-1,Customer Product,Customer Portal,DEV,172.13,GB,5.22,EUR
2026-03-25,GCP,gcp-3001,gcp-resource-02408,Storage,Disk Storage,europe-north1,Customer Product,Mobile Application,Test,248.98,GB,6.67,EUR
2026-04-18,GCP,gcp-3001,gcp-resource-02409,Database,Database Hours,europe-north1,Infrastructure,Shared Services,Test,385.8,hours,151.0,EUR
2026-04-12,GCP,gcp-3001,gcp-resource-02410,Storage,Object Storage,europe-west1,Customer Product,Mobile Application,prod,276.16,GB,14.86,EUR
2026-04-18,GCP,gcp-3001,gcp-resource-02411,Compute,CPU Hours,europe-north1,Data Platform,Data Governance,DEV,185.23,hours,31.45,EUR
2026-04-28,GCP,gcp-3001,gcp-resource-02412,Database,Read Operations,europe-west1,Data Platform,Data Governance,prod,24.1,hours,13.94,EUR
2026-01-29,GCP,gcp-3001,gcp-resource-02413,Networking,Public IP,europe-west1,,Threat Monitoring,Test,154.45,GB,12.4,EUR
2026-04-17,Azure,az-2002,azure-resource-02414,Networking,Data Transfer,westeurope,Customer Product,Customer Portal,test,192.73,GB,13.42,EUR
2026-01-06,Azure,az-2002,azure-resource-02415,Networking,Public IP,northeurope,Data Platform,,Test,305.75,GB,23.72,EUR
2026-05-10,GCP,gcp-3001,gcp-resource-02416,Database,Database Hours,europe-north1,Security,Threat Monitoring,DEV,252.88,hours,81.78,EUR
2026-03-13,Azure,az-2002,azure-resource-02417,Compute,CPU Hours,northeurope,Infrastructure,Cloud Migration,test,139.98,hours,26.6,EUR
2026-02-05,Azure,az-2001,azure-resource-02418,Compute,CPU Hours,westeurope,Data Platform,Analytics Platform,Production,302.48,hours,95.47,EUR
2026-04-24,AWS,aws-1001,aws-resource-02419,Networking,Public IP,eu-west-1,Security,Threat Monitoring,test,429.33,GB,39.15,EUR
2026-03-08,GCP,gcp-3001,gcp-resource-02420,Database,Database Hours,europe-north1,Data Platform,Data Governance,Production,490.02,hours,316.63,EUR
2026-01-05,GCP,gcp-3001,gcp-resource-02421,Database,Read Operations,europe-north1,,Analytics Platform,test,396.41,hours,153.57,EUR
2026-05-27,GCP,gcp-3001,gcp-resource-02422,Database,Read Operations,europe-west1,Customer Product,,test,212.89,hours,81.45,EUR
2026-01-22,Azure,az-2002,azure-resource-02423,Storage,Disk Storage,northeurope,Infrastructure,Shared Services,DEV,290.16,GB,8.17,EUR
2026-01-18,AWS,aws-1002,aws-resource-02424,Networking,Data Transfer,eu-central-1,Infrastructure,Cloud Migration,Production,210.38,GB,34.2,EUR
2026-02-24,Azure,az-2001,azure-resource-02425,Networking,Data Transfer,northeurope,Infrastructure,Shared Services,test,63.18,GB,4.92,EUR
2026-02-02,Azure,az-2002,azure-resource-02426,Networking,Public IP,northeurope,,Analytics Platform,DEV,280.31,GB,25.42,EUR
2026-06-28,Azure,az-2002,azure-resource-02427,Compute,Instance Hours,westeurope,Customer Product,Customer Portal,Test,154.36,hours,25.97,EUR
2026-04-02,Azure,az-2002,azure-resource-02428,Database,Read Operations,westeurope,Customer Product,Customer Portal,test,269.76,hours,93.62,EUR
2026-05-01,GCP,gcp-3001,gcp-resource-02429,Storage,Object Storage,europe-north1,Data Platform,Analytics Platform,Development,320.42,GB,10.91,EUR
2026-01-01,GCP,gcp-3001,gcp-resource-02430,Storage,Object Storage,europe-west1,Data Platform,Data Governance,Test,396.25,GB,11.09,EUR
2026-01-27,Azure,az-2001,azure-resource-02431,Compute,Instance Hours,northeurope,Data Platform,Data Governance,DEV,357.72,hours,56.31,EUR
2026-05-20,Azure,az-2002,azure-resource-02432,Database,Database Hours,westeurope,Customer Product,Mobile Application,test,407.6,hours,149.96,EUR
2026-02-07,Azure,az-2002,azure-resource-02433,Networking,Data Transfer,westeurope,Infrastructure,,Test,282.45,GB,20.03,EUR
2026-02-11,Azure,az-2001,azure-resource-02434,Compute,CPU Hours,northeurope,Customer Product,Customer Portal,Test,415.01,hours,75.84,EUR
2026-02-22,GCP,gcp-3001,gcp-resource-02435,Compute,CPU Hours,europe-north1,Security,,Test,218.04,hours,44.08,EUR
2026-01-01,AWS,aws-1001,aws-resource-02436,Networking,Data Transfer,eu-central-1,Infrastructure,Shared Services,prod,487.67,GB,75.88,EUR
2026-04-17,AWS,aws-1002,aws-resource-02437,Compute,Instance Hours,eu-west-1,Security,Identity Platform,Production,266.23,hours,86.57,EUR
2026-05-06,AWS,aws-1002,aws-resource-02438,Networking,Public IP,eu-central-1,Data Platform,Analytics Platform,prod,337.83,GB,51.44,EUR
2026-03-29,GCP,gcp-3001,gcp-resource-02439,Storage,Disk Storage,europe-north1,,Threat Monitoring,Development,338.23,GB,9.44,EUR
2026-04-25,AWS,aws-1002,aws-resource-02440,Networking,Public IP,eu-central-1,Security,Threat Monitoring,Test,257.37,GB,20.6,EUR
2026-04-22,GCP,gcp-3001,gcp-resource-02441,Database,Read Operations,europe-west1,Data Platform,Analytics Platform,prod,378.62,hours,207.12,EUR
2026-04-24,AWS,aws-1001,aws-resource-02442,Storage,Object Storage,eu-west-1,Customer Product,Mobile Application,Development,90.06,GB,3.05,EUR
2026-05-12,GCP,gcp-3001,gcp-resource-02443,Compute,Instance Hours,europe-west1,Security,,DEV,117.41,hours,18.51,EUR
2026-06-12,Azure,az-2001,azure-resource-02444,Networking,Data Transfer,northeurope,Security,Threat Monitoring,test,281.2,GB,22.38,EUR
2026-02-08,AWS,aws-1002,aws-resource-02445,Networking,Public IP,eu-west-1,Security,Identity Platform,prod,112.46,GB,15.02,EUR
2026-03-28,GCP,gcp-3001,gcp-resource-02446,Storage,Object Storage,europe-west1,Security,Identity Platform,prod,251.16,GB,12.25,EUR
2026-01-09,AWS,aws-1001,aws-resource-02447,Storage,Disk Storage,eu-west-1,,Identity Platform,Development,75.57,GB,2.07,EUR
2026-05-12,Azure,az-2001,azure-resource-02448,Storage,Disk Storage,northeurope,Customer Product,Customer Portal,Production,317.97,GB,17.36,EUR
2026-02-26,Azure,az-2002,azure-resource-02449,Compute,Instance Hours,northeurope,Customer Product,Mobile Application,test,461.35,hours,77.3,EUR
2026-04-09,GCP,gcp-3001,gcp-resource-02450,Compute,CPU Hours,europe-north1,Security,Threat Monitoring,Production,447.35,hours,151.57,EUR
2026-06-21,Azure,az-2001,azure-resource-02451,Database,Read Operations,northeurope,Customer Product,Customer Portal,Test,396.82,hours,137.37,EUR
2026-04-20,AWS,aws-1002,aws-resource-02452,Database,Database Hours,eu-central-1,Customer Product,Customer Portal,test,485.01,hours,193.6,EUR
2026-06-22,GCP,gcp-3001,gcp-resource-02453,Storage,Object Storage,europe-west1,Customer Product,Customer Portal,Test,237.03,GB,8.0,EUR
2026-04-18,GCP,gcp-3001,gcp-resource-02454,Database,Read Operations,europe-west1,Data Platform,Analytics Platform,Development,379.99,hours,145.93,EUR
2026-06-21,GCP,gcp-3001,gcp-resource-02455,Compute,CPU Hours,europe-north1,,Mobile Application,test,326.43,hours,57.08,EUR
2026-03-05,AWS,aws-1001,aws-resource-02456,Database,Read Operations,eu-west-1,Security,Threat Monitoring,Test,290.62,hours,102.69,EUR
2026-03-25,GCP,gcp-3001,gcp-resource-02457,Compute,CPU Hours,europe-west1,Customer Product,Mobile Application,DEV,193.66,hours,31.23,EUR
2026-03-28,GCP,gcp-3001,gcp-resource-02458,Networking,Data Transfer,europe-west1,Infrastructure,Cloud Migration,prod,300.3,GB,40.09,EUR
2026-05-01,GCP,gcp-3001,gcp-resource-02459,Database,Read Operations,europe-west1,Infrastructure,Shared Services,test,328.19,hours,104.47,EUR
2026-04-07,AWS,aws-1001,aws-resource-02460,Compute,Instance Hours,eu-central-1,,Customer Portal,DEV,470.31,hours,81.61,EUR
2026-05-10,GCP,gcp-3001,gcp-resource-02461,Networking,Public IP,europe-west1,Security,Identity Platform,prod,473.8,GB,62.18,EUR
2026-05-21,GCP,gcp-3001,gcp-resource-02462,Compute,CPU Hours,europe-west1,,,Production,21.53,hours,5.95,EUR
2026-05-27,GCP,gcp-3001,gcp-resource-02463,Networking,Public IP,europe-north1,Customer Product,Customer Portal,DEV,387.91,GB,31.57,EUR
2026-01-06,GCP,gcp-3001,gcp-resource-02464,Database,Read Operations,europe-west1,Infrastructure,Cloud Migration,Production,394.51,hours,257.22,EUR
2026-04-18,Azure,az-2002,azure-resource-02465,Database,Read Operations,northeurope,,Cloud Migration,DEV,408.23,hours,152.13,EUR
2026-03-25,Azure,az-2001,azure-resource-02466,Storage,Object Storage,northeurope,Customer Product,Mobile Application,test,386.64,GB,12.96,EUR
2026-06-01,Azure,az-2001,azure-resource-02467,Networking,Public IP,northeurope,Infrastructure,Cloud Migration,Development,371.37,GB,29.2,EUR
2026-04-12,AWS,aws-1001,aws-resource-02468,Database,Read Operations,eu-west-1,Infrastructure,Cloud Migration,Development,311.39,hours,109.1,EUR
2026-03-18,AWS,aws-1001,aws-resource-02469,Storage,Disk Storage,eu-central-1,Data Platform,Data Governance,test,86.87,GB,2.94,EUR
2026-03-02,GCP,gcp-3001,gcp-resource-02470,Networking,Data Transfer,europe-west1,Infrastructure,Cloud Migration,Production,344.58,GB,47.97,EUR
2026-03-18,GCP,gcp-3001,gcp-resource-02471,Compute,Instance Hours,europe-north1,Customer Product,Mobile Application,Development,193.97,hours,29.68,EUR
2026-01-21,Azure,az-2002,azure-resource-02472,Database,Database Hours,westeurope,Security,Threat Monitoring,Test,65.65,hours,24.64,EUR
2026-03-22,AWS,aws-1002,aws-resource-02473,Compute,CPU Hours,eu-west-1,Infrastructure,Cloud Migration,Test,408.99,hours,71.52,EUR
2026-05-20,GCP,gcp-3001,gcp-resource-02474,Compute,CPU Hours,europe-west1,Data Platform,Data Governance,prod,111.35,hours,34.7,EUR
2026-05-04,AWS,aws-1001,aws-resource-02475,Storage,Object Storage,eu-west-1,Infrastructure,Shared Services,Production,87.84,GB,4.51,EUR
2026-04-06,AWS,aws-1001,aws-resource-02476,Compute,CPU Hours,eu-west-1,Customer Product,Mobile Application,Production,481.74,hours,137.01,EUR
2026-03-28,GCP,gcp-3001,gcp-resource-02477,Database,Database Hours,europe-west1,Data Platform,Analytics Platform,test,189.97,hours,74.01,EUR
2026-01-03,GCP,gcp-3001,gcp-resource-02478,Networking,Data Transfer,europe-west1,Security,Identity Platform,DEV,43.02,GB,2.93,EUR
2026-06-01,GCP,gcp-3001,gcp-resource-02479,Storage,Object Storage,europe-west1,Infrastructure,Cloud Migration,Production,302.08,GB,14.28,EUR
2026-03-09,AWS,aws-1001,aws-resource-02480,Storage,Object Storage,eu-west-1,Infrastructure,Shared Services,Test,436.41,GB,14.5,EUR
2026-05-19,Azure,az-2001,azure-resource-02481,Compute,CPU Hours,northeurope,Security,Threat Monitoring,DEV,81.48,hours,14.44,EUR
2026-01-16,AWS,aws-1002,aws-resource-02482,Compute,CPU Hours,eu-west-1,Customer Product,Mobile Application,test,21.25,hours,3.51,EUR
2026-05-19,Azure,az-2001,azure-resource-02483,Database,Database Hours,westeurope,Security,Identity Platform,DEV,28.79,hours,10.51,EUR
2026-05-07,GCP,gcp-3001,gcp-resource-02484,Storage,Object Storage,europe-north1,,Customer Portal,Test,438.03,GB,13.17,EUR
2026-06-29,AWS,aws-1001,aws-resource-02485,Storage,Object Storage,eu-central-1,Data Platform,Data Governance,DEV,279.71,GB,8.86,EUR
2026-01-13,GCP,gcp-3001,gcp-resource-02486,Compute,CPU Hours,europe-west1,Security,Identity Platform,Development,85.82,hours,13.43,EUR
2026-04-15,GCP,gcp-3001,gcp-resource-02487,Compute,Instance Hours,europe-north1,Security,Threat Monitoring,Test,385.5,hours,64.25,EUR
2026-01-08,AWS,aws-1002,aws-resource-02488,Database,Database Hours,eu-central-1,Data Platform,Analytics Platform,Development,143.84,hours,56.01,EUR
2026-02-26,GCP,gcp-3001,gcp-resource-02489,Compute,Instance Hours,europe-north1,Security,Identity Platform,Development,202.2,hours,37.42,EUR
2026-04-27,Azure,az-2002,azure-resource-02490,Storage,Disk Storage,westeurope,Infrastructure,Cloud Migration,test,12.96,GB,0.4,EUR
2026-02-19,Azure,az-2001,azure-resource-02491,Storage,Object Storage,northeurope,Infrastructure,Shared Services,Production,439.68,GB,25.93,EUR
2026-03-23,Azure,az-2001,azure-resource-02492,Networking,Data Transfer,northeurope,Customer Product,Mobile Application,test,357.54,GB,31.95,EUR
2026-04-22,AWS,aws-1001,aws-resource-02493,Networking,Data Transfer,eu-central-1,Security,Identity Platform,prod,385.52,GB,56.18,EUR
2026-05-04,GCP,gcp-3001,gcp-resource-02494,Storage,Object Storage,europe-north1,Infrastructure,Shared Services,test,498.97,GB,15.76,EUR
2026-04-04,Azure,az-2002,azure-resource-02495,Networking,Data Transfer,westeurope,Customer Product,Mobile Application,Development,27.18,GB,1.89,EUR
2026-04-10,AWS,aws-1001,aws-resource-02496,Storage,Object Storage,eu-central-1,Infrastructure,Cloud Migration,Development,79.93,GB,2.63,EUR
2026-06-10,GCP,gcp-3001,gcp-resource-02497,Database,Database Hours,europe-north1,Security,Identity Platform,Production,173.04,hours,97.58,EUR
2026-06-09,AWS,aws-1001,aws-resource-02498,Compute,CPU Hours,eu-west-1,Customer Product,Customer Portal,DEV,13.25,hours,2.47,EUR
2026-03-08,AWS,aws-1001,aws-resource-02499,Storage,Object Storage,eu-central-1,,,prod,461.07,GB,25.49,EUR
2026-02-20,GCP,gcp-3001,gcp-resource-02500,Compute,CPU Hours,europe-west1,Infrastructure,Cloud Migration,DEV,258.44,hours,43.24,EUR
2026-01-23,GCP,gcp-3001,gcp-resource-00001,Compute,Instance Hours,europe-west1,Data Platform,Data Governance,Production,339.97,hours,123.11,EUR
2026-05-31,AWS,aws-1002,aws-resource-00002,Storage,Object Storage,eu-west-1,Customer Product,Customer Portal,test,274.75,GB,7.55,EUR
2026-04-02,GCP,gcp-3001,gcp-resource-00003,Networking,Public IP,europe-west1,Infrastructure,Shared Services,Development,55.59,GB,4.29,EUR
2026-05-28,GCP,gcp-3001,gcp-resource-00004,Networking,Data Transfer,europe-west1,,Data Governance,test,311.17,GB,27.59,EUR
2026-04-04,GCP,gcp-3001,gcp-resource-00005,Storage,Disk Storage,europe-north1,Infrastructure,Cloud Migration,DEV,142.6,GB,4.45,EUR
2026-06-13,AWS,aws-1001,aws-resource-00006,Database,Read Operations,eu-west-1,Data Platform,Analytics Platform,DEV,192.83,hours,77.4,EUR
2026-06-17,AWS,aws-1002,aws-resource-00007,Compute,CPU Hours,eu-central-1,Infrastructure,Shared Services,Test,438.8,hours,74.59,EUR
2026-04-13,AWS,aws-1002,aws-resource-00008,Database,Database Hours,eu-west-1,Customer Product,Customer Portal,test,294.37,hours,115.33,EUR
2026-01-17,GCP,gcp-3001,gcp-resource-00009,Networking,Public IP,europe-north1,Data Platform,Analytics Platform,prod,397.08,GB,55.84,EUR
2026-03-17,GCP,gcp-3001,gcp-resource-00010,Database,Database Hours,europe-north1,Data Platform,Analytics Platform,Development,385.46,hours,128.44,EUR
